kind,topic,group,type,sub_type,id_or_slug
modern,business,acquisitions-mergers,acquisition,,"business,acquisitions-mergers,acquisition,,"
modern,business,acquisitions-mergers,acquisition,completed,"business,acquisitions-mergers,acquisition,completed,"
modern,business,acquisitions-mergers,acquisition,failed,"business,acquisitions-mergers,acquisition,failed,"
modern,business,acquisitions-mergers,acquisition,opposition,"business,acquisitions-mergers,acquisition,opposition,"
modern,business,acquisitions-mergers,acquisition,rumor,"business,acquisitions-mergers,acquisition,rumor,"
modern,business,acquisitions-mergers,acquisition,rumor-denied,"business,acquisitions-mergers,acquisition,rumor-denied,"
modern,business,acquisitions-mergers,acquisition-bid,increase,"business,acquisitions-mergers,acquisition-bid,increase,"
modern,business,acquisitions-mergers,acquisition-bid,interest,"business,acquisitions-mergers,acquisition-bid,interest,"
modern,business,acquisitions-mergers,acquisition-bid,rejected,"business,acquisitions-mergers,acquisition-bid,rejected,"
modern,business,acquisitions-mergers,acquisition-regulation,approval,"business,acquisitions-mergers,acquisition-regulation,approval,"
modern,business,acquisitions-mergers,acquisition-regulation,approval-denied,"business,acquisitions-mergers,acquisition-regulation,approval-denied,"
modern,business,acquisitions-mergers,acquisition-regulation,scrutiny,"business,acquisitions-mergers,acquisition-regulation,scrutiny,"
modern,business,acquisitions-mergers,company-for-sale,,"business,acquisitions-mergers,company-for-sale,,"
modern,business,acquisitions-mergers,merger,,"business,acquisitions-mergers,merger,,"
modern,business,acquisitions-mergers,merger,approved,"business,acquisitions-mergers,merger,approved,"
modern,business,acquisitions-mergers,merger,failed,"business,acquisitions-mergers,merger,failed,"
modern,business,acquisitions-mergers,merger,interest,"business,acquisitions-mergers,merger,interest,"
modern,business,acquisitions-mergers,merger,rumor,"business,acquisitions-mergers,merger,rumor,"
modern,business,acquisitions-mergers,merger-regulation,approval,"business,acquisitions-mergers,merger-regulation,approval,"
modern,business,acquisitions-mergers,merger-regulation,approval-denied,"business,acquisitions-mergers,merger-regulation,approval-denied,"
modern,business,acquisitions-mergers,merger-regulation,scrutiny,"business,acquisitions-mergers,merger-regulation,scrutiny,"
modern,business,acquisitions-mergers,stake,,"business,acquisitions-mergers,stake,,"
modern,business,acquisitions-mergers,stake,interest,"business,acquisitions-mergers,stake,interest,"
modern,business,analyst-ratings,analyst-ratings-change,negative,"business,analyst-ratings,analyst-ratings-change,negative,"
modern,business,analyst-ratings,analyst-ratings-change,neutral,"business,analyst-ratings,analyst-ratings-change,neutral,"
modern,business,analyst-ratings,analyst-ratings-change,positive,"business,analyst-ratings,analyst-ratings-change,positive,"
modern,business,analyst-ratings,analyst-ratings-coverage,initiated,"business,analyst-ratings,analyst-ratings-coverage,initiated,"
modern,business,analyst-ratings,analyst-ratings-set,neutral,"business,analyst-ratings,analyst-ratings-set,neutral,"
modern,business,analyst-ratings,analyst-ratings-set,positive,"business,analyst-ratings,analyst-ratings-set,positive,"
modern,business,assets,asset,,"business,assets,asset,,"
modern,business,assets,asset,down,"business,assets,asset,down,"
modern,business,assets,asset,sale,"business,assets,asset,sale,"
modern,business,assets,asset,up,"business,assets,asset,up,"
modern,business,assets,commodity-assets,buy,"business,assets,commodity-assets,buy,"
modern,business,assets,commodity-assets,sell,"business,assets,commodity-assets,sell,"
modern,business,assets,facility,close,"business,assets,facility,close,"
modern,business,assets,facility,open,"business,assets,facility,open,"
modern,business,assets,facility,relocation,"business,assets,facility,relocation,"
modern,business,assets,facility,sale,"business,assets,facility,sale,"
modern,business,assets,facility,upgrade,"business,assets,facility,upgrade,"
modern,business,assets,facility-construction,,"business,assets,facility-construction,,"
modern,business,assets,goodwill,,"business,assets,goodwill,,"
modern,business,assets,headquarters-change,,"business,assets,headquarters-change,,"
modern,business,assets,patent,revoked,"business,assets,patent,revoked,"
modern,business,bankruptcy,bankruptcy,,"business,bankruptcy,bankruptcy,,"
modern,business,bankruptcy,bankruptcy,exit,"business,bankruptcy,bankruptcy,exit,"
modern,business,bankruptcy,bankruptcy,fears,"business,bankruptcy,bankruptcy,fears,"
modern,business,business-operations,business-operations-disrupted,,"business,business-operations,business-operations-disrupted,,"
modern,business,business-operations,business-operations-resumed,,"business,business-operations,business-operations-resumed,,"
modern,business,commodity-prices,commodity-futures,gain,"business,commodity-prices,commodity-futures,gain,"
modern,business,commodity-prices,commodity-futures,loss,"business,commodity-prices,commodity-futures,loss,"
modern,business,commodity-prices,commodity-price,gain,"business,commodity-prices,commodity-price,gain,"
modern,business,commodity-prices,commodity-price,loss,"business,commodity-prices,commodity-price,loss,"
modern,business,commodity-prices,commodity-price,unchanged,"business,commodity-prices,commodity-price,unchanged,"
modern,business,commodity-prices,commodity-price-volatility,,"business,commodity-prices,commodity-price-volatility,,"
modern,business,credit,credit-extension,,"business,credit,credit-extension,,"
modern,business,credit,debt,,"business,credit,debt,,"
modern,business,credit,debt,increase,"business,credit,debt,increase,"
modern,business,credit,debt,reduction,"business,credit,debt,reduction,"
modern,business,credit,debt-acquisition,,"business,credit,debt-acquisition,,"
modern,business,credit,debt-restructuring,,"business,credit,debt-restructuring,,"
modern,business,credit,debt-sale,,"business,credit,debt-sale,,"
modern,business,credit,debt-sale,completed,"business,credit,debt-sale,completed,"
modern,business,credit,debt-sale,considered,"business,credit,debt-sale,considered,"
modern,business,credit,loan,,"business,credit,loan,,"
modern,business,credit-ratings,credit-rating-change,downgrade,"business,credit-ratings,credit-rating-change,downgrade,"
modern,business,credit-ratings,credit-rating-change,set,"business,credit-ratings,credit-rating-change,set,"
modern,business,credit-ratings,credit-rating-watch,negative,"business,credit-ratings,credit-rating-watch,negative,"
modern,business,customer-engagement,net-promoter-score,,"business,customer-engagement,net-promoter-score,,"
modern,business,customer-engagement,net-promoter-score,down,"business,customer-engagement,net-promoter-score,down,"
modern,business,customer-engagement,net-promoter-score,up,"business,customer-engagement,net-promoter-score,up,"
modern,business,customer-engagement,net-promoter-score-guidance,,"business,customer-engagement,net-promoter-score-guidance,,"
modern,business,dividends,dividend,,"business,dividends,dividend,,"
modern,business,dividends,dividend,down,"business,dividends,dividend,down,"
modern,business,dividends,dividend,up,"business,dividends,dividend,up,"
modern,business,dividends,dividend-guidance,,"business,dividends,dividend-guidance,,"
modern,business,dividends,dividend-guidance,down,"business,dividends,dividend-guidance,down,"
modern,business,dividends,dividend-guidance,up,"business,dividends,dividend-guidance,up,"
modern,business,earnings,earnings,,"business,earnings,earnings,,"
modern,business,earnings,earnings,down,"business,earnings,earnings,down,"
modern,business,earnings,earnings,negative,"business,earnings,earnings,negative,"
modern,business,earnings,earnings,positive,"business,earnings,earnings,positive,"
modern,business,earnings,earnings,unchanged,"business,earnings,earnings,unchanged,"
modern,business,earnings,earnings,up,"business,earnings,earnings,up,"
modern,business,earnings,earnings-estimate,,"business,earnings,earnings-estimate,,"
modern,business,earnings,earnings-expectations,above-expectations,"business,earnings,earnings-expectations,above-expectations,"
modern,business,earnings,earnings-expectations,below-expectations,"business,earnings,earnings-expectations,below-expectations,"
modern,business,earnings,earnings-expectations,meet-expectations,"business,earnings,earnings-expectations,meet-expectations,"
modern,business,earnings,earnings-guidance,,"business,earnings,earnings-guidance,,"
modern,business,earnings,earnings-guidance,down,"business,earnings,earnings-guidance,down,"
modern,business,earnings,earnings-guidance,suspended,"business,earnings,earnings-guidance,suspended,"
modern,business,earnings,earnings-guidance,unchanged,"business,earnings,earnings-guidance,unchanged,"
modern,business,earnings,earnings-guidance,up,"business,earnings,earnings-guidance,up,"
modern,business,earnings,earnings-guidance-expectations,above-expectations,"business,earnings,earnings-guidance-expectations,above-expectations,"
modern,business,earnings,earnings-guidance-expectations,below-expectations,"business,earnings,earnings-guidance-expectations,below-expectations,"
modern,business,earnings,earnings-per-share,,"business,earnings,earnings-per-share,,"
modern,business,earnings,earnings-per-share,down,"business,earnings,earnings-per-share,down,"
modern,business,earnings,earnings-per-share,negative,"business,earnings,earnings-per-share,negative,"
modern,business,earnings,earnings-per-share,positive,"business,earnings,earnings-per-share,positive,"
modern,business,earnings,earnings-per-share,up,"business,earnings,earnings-per-share,up,"
modern,business,earnings,earnings-per-share-estimate,,"business,earnings,earnings-per-share-estimate,,"
modern,business,earnings,earnings-per-share-expectations,above-expectations,"business,earnings,earnings-per-share-expectations,above-expectations,"
modern,business,earnings,earnings-per-share-expectations,below-expectations,"business,earnings,earnings-per-share-expectations,below-expectations,"
modern,business,earnings,earnings-per-share-guidance,,"business,earnings,earnings-per-share-guidance,,"
modern,business,earnings,earnings-per-share-guidance,down,"business,earnings,earnings-per-share-guidance,down,"
modern,business,earnings,earnings-per-share-guidance,up,"business,earnings,earnings-per-share-guidance,up,"
modern,business,earnings,earnings-revision,,"business,earnings,earnings-revision,,"
modern,business,earnings,ebitda,,"business,earnings,ebitda,,"
modern,business,earnings,ebitda,down,"business,earnings,ebitda,down,"
modern,business,earnings,ebitda,up,"business,earnings,ebitda,up,"
modern,business,earnings,ebitda-guidance,down,"business,earnings,ebitda-guidance,down,"
modern,business,earnings,interest-income,down,"business,earnings,interest-income,down,"
modern,business,earnings,operating-earnings,,"business,earnings,operating-earnings,,"
modern,business,earnings,operating-earnings,down,"business,earnings,operating-earnings,down,"
modern,business,earnings,operating-earnings,negative,"business,earnings,operating-earnings,negative,"
modern,business,earnings,operating-earnings,positive,"business,earnings,operating-earnings,positive,"
modern,business,earnings,operating-earnings,up,"business,earnings,operating-earnings,up,"
modern,business,earnings,operating-earnings-expectations,below-expectations,"business,earnings,operating-earnings-expectations,below-expectations,"
modern,business,earnings,operating-earnings-expectations,meet-expectations,"business,earnings,operating-earnings-expectations,meet-expectations,"
modern,business,earnings,pretax-earnings,down,"business,earnings,pretax-earnings,down,"
modern,business,earnings,pretax-earnings,up,"business,earnings,pretax-earnings,up,"
modern,business,equity-actions,buybacks,,"business,equity-actions,buybacks,,"
modern,business,equity-actions,buybacks,approved,"business,equity-actions,buybacks,approved,"
modern,business,equity-actions,buybacks,extended,"business,equity-actions,buybacks,extended,"
modern,business,equity-actions,buybacks,suspended,"business,equity-actions,buybacks,suspended,"
modern,business,equity-actions,capex,,"business,equity-actions,capex,,"
modern,business,equity-actions,capex,down,"business,equity-actions,capex,down,"
modern,business,equity-actions,capex,up,"business,equity-actions,capex,up,"
modern,business,equity-actions,capital-increase,,"business,equity-actions,capital-increase,,"
modern,business,equity-actions,expenses,,"business,equity-actions,expenses,,"
modern,business,equity-actions,expenses,charge,"business,equity-actions,expenses,charge,"
modern,business,equity-actions,expenses,down,"business,equity-actions,expenses,down,"
modern,business,equity-actions,expenses,up,"business,equity-actions,expenses,up,"
modern,business,equity-actions,expenses-guidance,,"business,equity-actions,expenses-guidance,,"
modern,business,equity-actions,expenses-guidance,down,"business,equity-actions,expenses-guidance,down,"
modern,business,equity-actions,expenses-guidance,up,"business,equity-actions,expenses-guidance,up,"
modern,business,equity-actions,fundraising,,"business,equity-actions,fundraising,,"
modern,business,equity-actions,going-private,,"business,equity-actions,going-private,,"
modern,business,equity-actions,going-private,approved,"business,equity-actions,going-private,approved,"
modern,business,equity-actions,going-private,considered,"business,equity-actions,going-private,considered,"
modern,business,equity-actions,initial-public-offering,,"business,equity-actions,initial-public-offering,,"
modern,business,equity-actions,initial-public-offering,considered,"business,equity-actions,initial-public-offering,considered,"
modern,business,equity-actions,initial-public-offering-price,,"business,equity-actions,initial-public-offering-price,,"
modern,business,equity-actions,investment,,"business,equity-actions,investment,,"
modern,business,equity-actions,ownership,,"business,equity-actions,ownership,,"
modern,business,equity-actions,ownership,decrease,"business,equity-actions,ownership,decrease,"
modern,business,equity-actions,ownership,increase,"business,equity-actions,ownership,increase,"
modern,business,equity-actions,public-offering,,"business,equity-actions,public-offering,,"
modern,business,equity-actions,public-offering,pricing,"business,equity-actions,public-offering,pricing,"
modern,business,equity-actions,reorganization,,"business,equity-actions,reorganization,,"
modern,business,equity-actions,reorganization,complete,"business,equity-actions,reorganization,complete,"
modern,business,equity-actions,rights-issue,,"business,equity-actions,rights-issue,,"
modern,business,equity-actions,savings,,"business,equity-actions,savings,,"
modern,business,equity-actions,savings-guidance,,"business,equity-actions,savings-guidance,,"
modern,business,equity-actions,secondary-offering,,"business,equity-actions,secondary-offering,,"
modern,business,equity-actions,secondary-offering,pricing,"business,equity-actions,secondary-offering,pricing,"
modern,business,equity-actions,spin-off,,"business,equity-actions,spin-off,,"
modern,business,equity-actions,spin-off,rumor,"business,equity-actions,spin-off,rumor,"
modern,business,equity-actions,spin-off-regulation,approval,"business,equity-actions,spin-off-regulation,approval,"
modern,business,equity-actions,trading,delisting,"business,equity-actions,trading,delisting,"
modern,business,equity-actions,trading,halt,"business,equity-actions,trading,halt,"
modern,business,equity-actions,trading,listing,"business,equity-actions,trading,listing,"
modern,business,exploration,drilling,,"business,exploration,drilling,,"
modern,business,exploration,resource-discovery,,"business,exploration,resource-discovery,,"
modern,business,exploration,resource-processing,,"business,exploration,resource-processing,,"
modern,business,indexes,index-delisting,,"business,indexes,index-delisting,,"
modern,business,indexes,index-listing,,"business,indexes,index-listing,,"
modern,business,indexes,index-value,,"business,indexes,index-value,,"
modern,business,indexes,index-value,gain,"business,indexes,index-value,gain,"
modern,business,indexes,index-value,loss,"business,indexes,index-value,loss,"
modern,business,indexes,index-value,unchanged,"business,indexes,index-value,unchanged,"
modern,business,industrial-accidents,aircraft-accident,,"business,industrial-accidents,aircraft-accident,,"
modern,business,industrial-accidents,automobile-accident,,"business,industrial-accidents,automobile-accident,,"
modern,business,industrial-accidents,facility-accident,,"business,industrial-accidents,facility-accident,,"
modern,business,industrial-accidents,factory-accident,,"business,industrial-accidents,factory-accident,,"
modern,business,industrial-accidents,mine-accident,,"business,industrial-accidents,mine-accident,,"
modern,business,industrial-accidents,power-outage,,"business,industrial-accidents,power-outage,,"
modern,business,insider-trading,insider-buy,,"business,insider-trading,insider-buy,,"
modern,business,insider-trading,insider-sell,,"business,insider-trading,insider-sell,,"
modern,business,investor-relations,board-meeting,,"business,investor-relations,board-meeting,,"
modern,business,investor-relations,conference-call,,"business,investor-relations,conference-call,,"
modern,business,investor-relations,earnings-call,,"business,investor-relations,earnings-call,,"
modern,business,investor-relations,investor-day,,"business,investor-relations,investor-day,,"
modern,business,investor-relations,shareholders-meeting,,"business,investor-relations,shareholders-meeting,,"
modern,business,labor-issues,board-member-appointment,,"business,labor-issues,board-member-appointment,,"
modern,business,labor-issues,board-member-health,,"business,labor-issues,board-member-health,,"
modern,business,labor-issues,board-member-resignation,,"business,labor-issues,board-member-resignation,,"
modern,business,labor-issues,board-member-retirement,,"business,labor-issues,board-member-retirement,,"
modern,business,labor-issues,executive-appointment,,"business,labor-issues,executive-appointment,,"
modern,business,labor-issues,executive-firing,,"business,labor-issues,executive-firing,,"
modern,business,labor-issues,executive-health,,"business,labor-issues,executive-health,,"
modern,business,labor-issues,executive-resignation,,"business,labor-issues,executive-resignation,,"
modern,business,labor-issues,executive-retirement,,"business,labor-issues,executive-retirement,,"
modern,business,labor-issues,executive-salary,,"business,labor-issues,executive-salary,,"
modern,business,labor-issues,executive-search,,"business,labor-issues,executive-search,,"
modern,business,labor-issues,furlough,,"business,labor-issues,furlough,,"
modern,business,labor-issues,gender-pay-gap,,"business,labor-issues,gender-pay-gap,,"
modern,business,labor-issues,hirings,,"business,labor-issues,hirings,,"
modern,business,labor-issues,layoffs,,"business,labor-issues,layoffs,,"
modern,business,labor-issues,workers-strike,,"business,labor-issues,workers-strike,,"
modern,business,labor-issues,workforce-salary,increase,"business,labor-issues,workforce-salary,increase,"
modern,business,lobbying,corporate-lobbying,,"business,lobbying,corporate-lobbying,,"
modern,business,marketing,campaign-ad,release,"business,marketing,campaign-ad,release,"
modern,business,marketing,campaign-ad,retired,"business,marketing,campaign-ad,retired,"
modern,business,marketing,conference,,"business,marketing,conference,,"
modern,business,marketing,press-conference,,"business,marketing,press-conference,,"
modern,business,marketing,product-promotion,,"business,marketing,product-promotion,,"
modern,business,partnerships,joint-venture,,"business,partnerships,joint-venture,,"
modern,business,partnerships,joint-venture,terminated,"business,partnerships,joint-venture,terminated,"
modern,business,partnerships,partnership,,"business,partnerships,partnership,,"
modern,business,partnerships,partnership,terminated,"business,partnerships,partnership,terminated,"
modern,business,price-targets,price-target,downgrade,"business,price-targets,price-target,downgrade,"
modern,business,price-targets,price-target,set,"business,price-targets,price-target,set,"
modern,business,price-targets,price-target,unchanged,"business,price-targets,price-target,unchanged,"
modern,business,price-targets,price-target,upgrade,"business,price-targets,price-target,upgrade,"
modern,business,products-services,accelerated-approval-designation,,"business,products-services,accelerated-approval-designation,,"
modern,business,products-services,award,,"business,products-services,award,,"
modern,business,products-services,breakthrough-therapy-designation,,"business,products-services,breakthrough-therapy-designation,,"
modern,business,products-services,business-contract,,"business,products-services,business-contract,,"
modern,business,products-services,business-contract,extended,"business,products-services,business-contract,extended,"
modern,business,products-services,business-contract,interest,"business,products-services,business-contract,interest,"
modern,business,products-services,business-contract,terminated,"business,products-services,business-contract,terminated,"
modern,business,products-services,business-contract,terminated-interest,"business,products-services,business-contract,terminated-interest,"
modern,business,products-services,business-contract,terms-change,"business,products-services,business-contract,terms-change,"
modern,business,products-services,clinical-trials,,"business,products-services,clinical-trials,,"
modern,business,products-services,clinical-trials,positive,"business,products-services,clinical-trials,positive,"
modern,business,products-services,clinical-trials,suspended,"business,products-services,clinical-trials,suspended,"
modern,business,products-services,clinical-trials-patient-enrollment,start,"business,products-services,clinical-trials-patient-enrollment,start,"
modern,business,products-services,competition,,"business,products-services,competition,,"
modern,business,products-services,demand,,"business,products-services,demand,,"
modern,business,products-services,demand,above-expectations,"business,products-services,demand,above-expectations,"
modern,business,products-services,demand,decrease,"business,products-services,demand,decrease,"
modern,business,products-services,demand,increase,"business,products-services,demand,increase,"
modern,business,products-services,demand,unchanged,"business,products-services,demand,unchanged,"
modern,business,products-services,demand-guidance,,"business,products-services,demand-guidance,,"
modern,business,products-services,demand-guidance,decrease,"business,products-services,demand-guidance,decrease,"
modern,business,products-services,demand-guidance,increase,"business,products-services,demand-guidance,increase,"
modern,business,products-services,demand-guidance,unchanged,"business,products-services,demand-guidance,unchanged,"
modern,business,products-services,emergency-use-authorization-application,,"business,products-services,emergency-use-authorization-application,,"
modern,business,products-services,government-contract,,"business,products-services,government-contract,,"
modern,business,products-services,government-contract,terminated,"business,products-services,government-contract,terminated,"
modern,business,products-services,grant,,"business,products-services,grant,,"
modern,business,products-services,market-entry,,"business,products-services,market-entry,,"
modern,business,products-services,market-exit,,"business,products-services,market-exit,,"
modern,business,products-services,market-guidance,down,"business,products-services,market-guidance,down,"
modern,business,products-services,market-guidance,up,"business,products-services,market-guidance,up,"
modern,business,products-services,market-share,,"business,products-services,market-share,,"
modern,business,products-services,market-share,gain,"business,products-services,market-share,gain,"
modern,business,products-services,market-share,loss,"business,products-services,market-share,loss,"
modern,business,products-services,market-share-guidance,gain,"business,products-services,market-share-guidance,gain,"
modern,business,products-services,new-drug-application,,"business,products-services,new-drug-application,,"
modern,business,products-services,new-drug-regulation,approval-denied,"business,products-services,new-drug-regulation,approval-denied,"
modern,business,products-services,new-drug-regulation,approval-granted,"business,products-services,new-drug-regulation,approval-granted,"
modern,business,products-services,order-backlog,,"business,products-services,order-backlog,,"
modern,business,products-services,product-development,,"business,products-services,product-development,,"
modern,business,products-services,product-discontinued,,"business,products-services,product-discontinued,,"
modern,business,products-services,product-enhancement,,"business,products-services,product-enhancement,,"
modern,business,products-services,product-fault,,"business,products-services,product-fault,,"
modern,business,products-services,product-outage,,"business,products-services,product-outage,,"
modern,business,products-services,product-pricing,,"business,products-services,product-pricing,,"
modern,business,products-services,product-pricing,cut,"business,products-services,product-pricing,cut,"
modern,business,products-services,product-pricing,raise,"business,products-services,product-pricing,raise,"
modern,business,products-services,product-recall,,"business,products-services,product-recall,,"
modern,business,products-services,product-release,,"business,products-services,product-release,,"
modern,business,products-services,product-release,delayed,"business,products-services,product-release,delayed,"
modern,business,products-services,product-resumed,,"business,products-services,product-resumed,,"
modern,business,products-services,product-review,comparison,"business,products-services,product-review,comparison,"
modern,business,products-services,product-review,positive,"business,products-services,product-review,positive,"
modern,business,products-services,product-shortage,,"business,products-services,product-shortage,,"
modern,business,products-services,product-support,discontinued,"business,products-services,product-support,discontinued,"
modern,business,products-services,project-abandoned,,"business,products-services,project-abandoned,,"
modern,business,products-services,project-regulation,halt,"business,products-services,project-regulation,halt,"
modern,business,products-services,project-resumed,,"business,products-services,project-resumed,,"
modern,business,products-services,regulatory-product-application,,"business,products-services,regulatory-product-application,,"
modern,business,products-services,regulatory-product-approval,denied,"business,products-services,regulatory-product-approval,denied,"
modern,business,products-services,regulatory-product-approval,granted,"business,products-services,regulatory-product-approval,granted,"
modern,business,products-services,supply,,"business,products-services,supply,,"
modern,business,products-services,supply,decrease,"business,products-services,supply,decrease,"
modern,business,products-services,supply,delayed,"business,products-services,supply,delayed,"
modern,business,products-services,supply,increase,"business,products-services,supply,increase,"
modern,business,products-services,supply,unchanged,"business,products-services,supply,unchanged,"
modern,business,products-services,supply-chain-disruption,,"business,products-services,supply-chain-disruption,,"
modern,business,products-services,supply-chain-disruption,warning,"business,products-services,supply-chain-disruption,warning,"
modern,business,products-services,supply-chain-undisrupted,,"business,products-services,supply-chain-undisrupted,,"
modern,business,products-services,supply-chain-upgrade,,"business,products-services,supply-chain-upgrade,,"
modern,business,products-services,supply-guidance,,"business,products-services,supply-guidance,,"
modern,business,products-services,supply-guidance,decrease,"business,products-services,supply-guidance,decrease,"
modern,business,products-services,supply-guidance,increase,"business,products-services,supply-guidance,increase,"
modern,business,provisions,loan-loss-provision,,"business,provisions,loan-loss-provision,,"
modern,business,regulatory,regulatory-filing,,"business,regulatory,regulatory-filing,,"
modern,business,regulatory,regulatory-investigation,,"business,regulatory,regulatory-investigation,,"
modern,business,regulatory,regulatory-investigation,completed,"business,regulatory,regulatory-investigation,completed,"
modern,business,revenues,operating-margin,,"business,revenues,operating-margin,,"
modern,business,revenues,revenue,,"business,revenues,revenue,,"
modern,business,revenues,revenue,above-expectations,"business,revenues,revenue,above-expectations,"
modern,business,revenues,revenue,below-expectations,"business,revenues,revenue,below-expectations,"
modern,business,revenues,revenue,down,"business,revenues,revenue,down,"
modern,business,revenues,revenue,unchanged,"business,revenues,revenue,unchanged,"
modern,business,revenues,revenue,up,"business,revenues,revenue,up,"
modern,business,revenues,revenue-estimate,,"business,revenues,revenue-estimate,,"
modern,business,revenues,revenue-guidance,,"business,revenues,revenue-guidance,,"
modern,business,revenues,revenue-guidance,above-expectations,"business,revenues,revenue-guidance,above-expectations,"
modern,business,revenues,revenue-guidance,below-expectations,"business,revenues,revenue-guidance,below-expectations,"
modern,business,revenues,revenue-guidance,down,"business,revenues,revenue-guidance,down,"
modern,business,revenues,revenue-guidance,meet-expectations,"business,revenues,revenue-guidance,meet-expectations,"
modern,business,revenues,revenue-guidance,unchanged,"business,revenues,revenue-guidance,unchanged,"
modern,business,revenues,revenue-guidance,up,"business,revenues,revenue-guidance,up,"
modern,business,revenues,revenue-volume,,"business,revenues,revenue-volume,,"
modern,business,revenues,revenue-volume,down,"business,revenues,revenue-volume,down,"
modern,business,revenues,revenue-volume,up,"business,revenues,revenue-volume,up,"
modern,business,revenues,same-store-sales,,"business,revenues,same-store-sales,,"
modern,business,revenues,same-store-sales,down,"business,revenues,same-store-sales,down,"
modern,business,revenues,same-store-sales,up,"business,revenues,same-store-sales,up,"
modern,business,revenues,same-store-sales-guidance,,"business,revenues,same-store-sales-guidance,,"
modern,business,revenues,same-store-sales-guidance,down,"business,revenues,same-store-sales-guidance,down,"
modern,business,revenues,same-store-sales-guidance,up,"business,revenues,same-store-sales-guidance,up,"
modern,business,stock-picks,stock-pick,,"business,stock-picks,stock-pick,,"
modern,business,stock-picks,stock-pick,buy,"business,stock-picks,stock-pick,buy,"
modern,business,stock-prices,market-capitalization,,"business,stock-prices,market-capitalization,,"
modern,business,stock-prices,market-capitalization,up,"business,stock-prices,market-capitalization,up,"
modern,business,stock-prices,stock-price,,"business,stock-prices,stock-price,,"
modern,business,stock-prices,stock-price,gain,"business,stock-prices,stock-price,gain,"
modern,business,stock-prices,stock-price,loss,"business,stock-prices,stock-price,loss,"
modern,business,stock-prices,stock-price-volatility,down,"business,stock-prices,stock-price-volatility,down,"
modern,economy,balance-of-payments,exports,,"economy,balance-of-payments,exports,,"
modern,economy,balance-of-payments,exports,down,"economy,balance-of-payments,exports,down,"
modern,economy,balance-of-payments,exports,up,"economy,balance-of-payments,exports,up,"
modern,economy,balance-of-payments,exports-guidance,,"economy,balance-of-payments,exports-guidance,,"
modern,economy,balance-of-payments,exports-guidance,down,"economy,balance-of-payments,exports-guidance,down,"
modern,economy,balance-of-payments,exports-guidance,unchanged,"economy,balance-of-payments,exports-guidance,unchanged,"
modern,economy,balance-of-payments,exports-guidance,up,"economy,balance-of-payments,exports-guidance,up,"
modern,economy,balance-of-payments,imports,,"economy,balance-of-payments,imports,,"
modern,economy,balance-of-payments,imports,down,"economy,balance-of-payments,imports,down,"
modern,economy,balance-of-payments,imports,up,"economy,balance-of-payments,imports,up,"
modern,economy,balance-of-payments,imports-guidance,down,"economy,balance-of-payments,imports-guidance,down,"
modern,economy,balance-of-payments,trade-balance-deficit,down,"economy,balance-of-payments,trade-balance-deficit,down,"
modern,economy,business-activity,business-confidence,below-expectations,"economy,business-activity,business-confidence,below-expectations,"
modern,economy,business-activity,business-confidence,down,"economy,business-activity,business-confidence,down,"
modern,economy,business-activity,business-confidence,up,"economy,business-activity,business-confidence,up,"
modern,economy,consumption,consumer-confidence,,"economy,consumption,consumer-confidence,,"
modern,economy,consumption,consumer-confidence,above-expectations,"economy,consumption,consumer-confidence,above-expectations,"
modern,economy,consumption,consumer-confidence,down,"economy,consumption,consumer-confidence,down,"
modern,economy,consumption,consumer-confidence,unchanged,"economy,consumption,consumer-confidence,unchanged,"
modern,economy,consumption,consumer-confidence,up,"economy,consumption,consumer-confidence,up,"
modern,economy,consumption,consumer-confidence-guidance,up,"economy,consumption,consumer-confidence-guidance,up,"
modern,economy,consumption,consumer-price-index,above-expectations,"economy,consumption,consumer-price-index,above-expectations,"
modern,economy,consumption,consumer-price-index,below-expectations,"economy,consumption,consumer-price-index,below-expectations,"
modern,economy,consumption,consumer-price-index,down,"economy,consumption,consumer-price-index,down,"
modern,economy,consumption,consumer-price-index,up,"economy,consumption,consumer-price-index,up,"
modern,economy,consumption,consumer-spending,,"economy,consumption,consumer-spending,,"
modern,economy,consumption,consumer-spending,up,"economy,consumption,consumer-spending,up,"
modern,economy,consumption,consumer-spending-guidance,,"economy,consumption,consumer-spending-guidance,,"
modern,economy,consumption,inflation,,"economy,consumption,inflation,,"
modern,economy,consumption,inflation,up,"economy,consumption,inflation,up,"
modern,economy,consumption,inflation-guidance,,"economy,consumption,inflation-guidance,,"
modern,economy,consumption,retail-sales,,"economy,consumption,retail-sales,,"
modern,economy,consumption,retail-sales,below-expectations,"economy,consumption,retail-sales,below-expectations,"
modern,economy,consumption,retail-sales,down,"economy,consumption,retail-sales,down,"
modern,economy,consumption,retail-sales,up,"economy,consumption,retail-sales,up,"
modern,economy,consumption,retail-sales-guidance,up,"economy,consumption,retail-sales-guidance,up,"
modern,economy,consumption,vehicle-sales,down,"economy,consumption,vehicle-sales,down,"
modern,economy,consumption,vehicle-sales,up,"economy,consumption,vehicle-sales,up,"
modern,economy,credit,mortgage-approvals,,"economy,credit,mortgage-approvals,,"
modern,economy,credit,sovereign-debt-guidance,up,"economy,credit,sovereign-debt-guidance,up,"
modern,economy,credit,sovereign-debt-purchases,,"economy,credit,sovereign-debt-purchases,,"
modern,economy,credit,treasury-bill-yield,down,"economy,credit,treasury-bill-yield,down,"
modern,economy,credit,treasury-bill-yield,up,"economy,credit,treasury-bill-yield,up,"
modern,economy,credit,treasury-bond-price,up,"economy,credit,treasury-bond-price,up,"
modern,economy,credit,treasury-bond-yield,unchanged,"economy,credit,treasury-bond-yield,unchanged,"
modern,economy,domestic-product,economic-growth,,"economy,domestic-product,economic-growth,,"
modern,economy,domestic-product,economic-growth,deceleration,"economy,domestic-product,economic-growth,deceleration,"
modern,economy,domestic-product,economic-growth,down,"economy,domestic-product,economic-growth,down,"
modern,economy,domestic-product,economic-growth,unchanged,"economy,domestic-product,economic-growth,unchanged,"
modern,economy,domestic-product,economic-growth,up,"economy,domestic-product,economic-growth,up,"
modern,economy,domestic-product,economic-growth-guidance,,"economy,domestic-product,economic-growth-guidance,,"
modern,economy,domestic-product,economic-growth-guidance,deceleration,"economy,domestic-product,economic-growth-guidance,deceleration,"
modern,economy,domestic-product,economic-growth-guidance,down,"economy,domestic-product,economic-growth-guidance,down,"
modern,economy,domestic-product,economic-growth-guidance,up,"economy,domestic-product,economic-growth-guidance,up,"
modern,economy,domestic-product,gross-domestic-product,up,"economy,domestic-product,gross-domestic-product,up,"
modern,economy,domestic-product,gross-domestic-product-guidance,down,"economy,domestic-product,gross-domestic-product-guidance,down,"
modern,economy,domestic-product,gross-domestic-product-guidance,up,"economy,domestic-product,gross-domestic-product-guidance,up,"
modern,economy,domestic-product,real-gross-domestic-product,,"economy,domestic-product,real-gross-domestic-product,,"
modern,economy,domestic-product,recession-guidance,,"economy,domestic-product,recession-guidance,,"
modern,economy,employment,employment,,"economy,employment,employment,,"
modern,economy,employment,employment,above-expectations,"economy,employment,employment,above-expectations,"
modern,economy,employment,employment,down,"economy,employment,employment,down,"
modern,economy,employment,employment,up,"economy,employment,employment,up,"
modern,economy,employment,jobless-claims,down,"economy,employment,jobless-claims,down,"
modern,economy,employment,jobless-claims,up,"economy,employment,jobless-claims,up,"
modern,economy,employment,unemployment,down,"economy,employment,unemployment,down,"
modern,economy,employment,unemployment,unchanged,"economy,employment,unemployment,unchanged,"
modern,economy,employment,unemployment,up,"economy,employment,unemployment,up,"
modern,economy,foreign-exchange,currency-guidance,,"economy,foreign-exchange,currency-guidance,,"
modern,economy,foreign-exchange,currency-rate,,"economy,foreign-exchange,currency-rate,,"
modern,economy,housing,builder-confidence,,"economy,housing,builder-confidence,,"
modern,economy,housing,house-prices,up,"economy,housing,house-prices,up,"
modern,economy,interest-rates,interest-rate,,"economy,interest-rates,interest-rate,,"
modern,economy,interest-rates,interest-rate,down,"economy,interest-rates,interest-rate,down,"
modern,economy,interest-rates,interest-rate,unchanged,"economy,interest-rates,interest-rate,unchanged,"
modern,economy,interest-rates,interest-rate,up,"economy,interest-rates,interest-rate,up,"
modern,economy,interest-rates,interest-rate-guidance,,"economy,interest-rates,interest-rate-guidance,,"
modern,economy,interest-rates,interest-rate-guidance,down,"economy,interest-rates,interest-rate-guidance,down,"
modern,economy,interest-rates,interest-rate-guidance,unchanged,"economy,interest-rates,interest-rate-guidance,unchanged,"
modern,economy,interest-rates,interest-rate-guidance,up,"economy,interest-rates,interest-rate-guidance,up,"
modern,economy,inventory,inventories,,"economy,inventory,inventories,,"
modern,economy,inventory,inventories,down,"economy,inventory,inventories,down,"
modern,economy,inventory,inventories,up,"economy,inventory,inventories,up,"
modern,economy,production,composite-pmi,up,"economy,production,composite-pmi,up,"
modern,economy,production,factory-orders,up,"economy,production,factory-orders,up,"
modern,economy,production,industrial-production,below-expectations,"economy,production,industrial-production,below-expectations,"
modern,economy,production,manufacturing-pmi,down,"economy,production,manufacturing-pmi,down,"
modern,economy,production,manufacturing-pmi,up,"economy,production,manufacturing-pmi,up,"
modern,economy,production,producer-price-index,up,"economy,production,producer-price-index,up,"
modern,economy,public-finance,central-bank-meeting,,"economy,public-finance,central-bank-meeting,,"
modern,economy,public-finance,central-bank-meeting-minutes,,"economy,public-finance,central-bank-meeting-minutes,,"
modern,economy,public-finance,defense-budget,,"economy,public-finance,defense-budget,,"
modern,economy,public-finance,defense-budget,up,"economy,public-finance,defense-budget,up,"
modern,economy,public-finance,public-expenditure,decrease,"economy,public-finance,public-expenditure,decrease,"
modern,economy,taxes,anti-dumping-duty,,"economy,taxes,anti-dumping-duty,,"
modern,economy,taxes,corporation-tax,,"economy,taxes,corporation-tax,,"
modern,economy,taxes,corporation-tax,decrease,"economy,taxes,corporation-tax,decrease,"
modern,economy,taxes,export-tax,,"economy,taxes,export-tax,,"
modern,economy,taxes,export-tax-guidance,,"economy,taxes,export-tax-guidance,,"
modern,economy,taxes,import-tax,,"economy,taxes,import-tax,,"
modern,economy,taxes,import-tax,decrease,"economy,taxes,import-tax,decrease,"
modern,economy,taxes,import-tax,delayed,"economy,taxes,import-tax,delayed,"
modern,economy,taxes,import-tax,exemption,"economy,taxes,import-tax,exemption,"
modern,economy,taxes,import-tax,increase,"economy,taxes,import-tax,increase,"
modern,economy,taxes,import-tax-guidance,,"economy,taxes,import-tax-guidance,,"
modern,economy,taxes,import-tax-guidance,increase,"economy,taxes,import-tax-guidance,increase,"
modern,economy,taxes,tax-break,,"economy,taxes,tax-break,,"
modern,economy,taxes,tax-break,ended,"economy,taxes,tax-break,ended,"
modern,economy,taxes,tax-surcharge,,"economy,taxes,tax-surcharge,,"
modern,environment,ecological-impact,net-zero-emissions,target,"environment,ecological-impact,net-zero-emissions,target,"
modern,environment,natural-disasters,cold-wave,,"environment,natural-disasters,cold-wave,,"
modern,environment,natural-disasters,earthquake,,"environment,natural-disasters,earthquake,,"
modern,environment,natural-disasters,hurricane,,"environment,natural-disasters,hurricane,,"
modern,environment,natural-disasters,hurricane,warning,"environment,natural-disasters,hurricane,warning,"
modern,environment,natural-disasters,ice-storm,,"environment,natural-disasters,ice-storm,,"
modern,environment,natural-disasters,storm,,"environment,natural-disasters,storm,,"
modern,environment,natural-disasters,wild-fire,,"environment,natural-disasters,wild-fire,,"
modern,environment,natural-resources,renewable-energy-consumption-guidance,increase,"environment,natural-resources,renewable-energy-consumption-guidance,increase,"
modern,politics,elections,elections,,"politics,elections,elections,,"
modern,politics,elections,elections,results,"politics,elections,elections,results,"
modern,politics,elections,political-endorsement,,"politics,elections,political-endorsement,,"
modern,politics,foreign-relations,diplomatic-visit,,"politics,foreign-relations,diplomatic-visit,,"
modern,politics,foreign-relations,intergovernmental-alliance-withdrawal,,"politics,foreign-relations,intergovernmental-alliance-withdrawal,,"
modern,politics,foreign-relations,state-visit,,"politics,foreign-relations,state-visit,,"
modern,politics,foreign-relations,trade-talks,,"politics,foreign-relations,trade-talks,,"
modern,politics,foreign-relations,trade-talks,suspended,"politics,foreign-relations,trade-talks,suspended,"
modern,politics,government,congressional-testimony,,"politics,government,congressional-testimony,,"
modern,politics,government,government-administration,appointment,"politics,government,government-administration,appointment,"
modern,politics,government,government-administration,resignation,"politics,government,government-administration,resignation,"
modern,politics,government,government-official,firing,"politics,government,government-official,firing,"
modern,politics,government,government-power,deadlock,"politics,government,government-power,deadlock,"
modern,politics,government,government-shutdown,,"politics,government,government-shutdown,,"
modern,politics,government,government-shutdown,ended,"politics,government,government-shutdown,ended,"
modern,politics,government,government-shutdown,threat,"politics,government,government-shutdown,threat,"
modern,politics,government,government-treaty,,"politics,government,government-treaty,,"
modern,politics,government,government-treaty,terminated,"politics,government,government-treaty,terminated,"
modern,politics,government,law-enforcement,resignation,"politics,government,law-enforcement,resignation,"
modern,politics,government,official-visit,,"politics,government,official-visit,,"
modern,politics,government,presidency,inauguration,"politics,government,presidency,inauguration,"
modern,politics,government,presidency,resignation,"politics,government,presidency,resignation,"
modern,politics,public-opinion,approval-rating,down,"politics,public-opinion,approval-rating,down,"
modern,politics,public-opinion,approval-rating,up,"politics,public-opinion,approval-rating,up,"
modern,society,aid,international-aid,,"society,aid,international-aid,,"
modern,society,aid,international-aid,suspended,"society,aid,international-aid,suspended,"
modern,society,censorship,censorship,,"society,censorship,censorship,,"
modern,society,censorship,content-removal,,"society,censorship,content-removal,,"
modern,society,civil-unrest,civil-unrest,,"society,civil-unrest,civil-unrest,,"
modern,society,civil-unrest,protest,,"society,civil-unrest,protest,,"
modern,society,crime,murder,,"society,crime,murder,,"
modern,society,crime,robbery,,"society,crime,robbery,,"
modern,society,crime,shooting,,"society,crime,shooting,,"
modern,society,crime,vandalism,,"society,crime,vandalism,,"
modern,society,cyber-security,cyber-attacks,,"society,cyber-security,cyber-attacks,,"
modern,society,cyber-security,data-breach,,"society,cyber-security,data-breach,,"
modern,society,cyber-security,malware-attack,,"society,cyber-security,malware-attack,,"
modern,society,cyber-security,ransomware-attack,,"society,cyber-security,ransomware-attack,,"
modern,society,health,disease-cases,down,"society,health,disease-cases,down,"
modern,society,health,disease-cases,up,"society,health,disease-cases,up,"
modern,society,health,epidemic,,"society,health,epidemic,,"
modern,society,health,pandemic,,"society,health,pandemic,,"
modern,society,health,vaccination-campaign,,"society,health,vaccination-campaign,,"
modern,society,health,vaccination-campaign,suspended,"society,health,vaccination-campaign,suspended,"
modern,society,legal,antitrust-investigation,,"society,legal,antitrust-investigation,,"
modern,society,legal,antitrust-settlement,,"society,legal,antitrust-settlement,,"
modern,society,legal,antitrust-suit,,"society,legal,antitrust-suit,,"
modern,society,legal,appeal,,"society,legal,appeal,,"
modern,society,legal,copyright-infringement,,"society,legal,copyright-infringement,,"
modern,society,legal,corruption,,"society,legal,corruption,,"
modern,society,legal,defamation,,"society,legal,defamation,,"
modern,society,legal,discrimination,,"society,legal,discrimination,,"
modern,society,legal,legal-issues,,"society,legal,legal-issues,,"
modern,society,legal,legal-issues,dismissed,"society,legal,legal-issues,dismissed,"
modern,society,legal,patent-infringement,,"society,legal,patent-infringement,,"
modern,society,legal,price-fixing,,"society,legal,price-fixing,,"
modern,society,legal,settlement,,"society,legal,settlement,,"
modern,society,legal,verdict,,"society,legal,verdict,,"
modern,society,legal,waste-dumping,,"society,legal,waste-dumping,,"
modern,society,reputation,apology,,"society,reputation,apology,,"
modern,society,reputation,boycott,,"society,reputation,boycott,,"
modern,society,reputation,boycott,threat,"society,reputation,boycott,threat,"
modern,society,reputation,damage-control,,"society,reputation,damage-control,,"
modern,society,reputation,reputation,negative,"society,reputation,reputation,negative,"
modern,society,reputation,reputation,positive,"society,reputation,reputation,positive,"
modern,society,sanctions,antitrust-fine,,"society,sanctions,antitrust-fine,,"
modern,society,sanctions,asset-freeze-guidance,,"society,sanctions,asset-freeze-guidance,,"
modern,society,sanctions,embargo,,"society,sanctions,embargo,,"
modern,society,sanctions,embargo-guidance,,"society,sanctions,embargo-guidance,,"
modern,society,sanctions,labor-conditions-noncompliance-fine,,"society,sanctions,labor-conditions-noncompliance-fine,,"
modern,society,sanctions,sanctions,,"society,sanctions,sanctions,,"
modern,society,sanctions,sanctions-guidance,,"society,sanctions,sanctions-guidance,,"
modern,society,security,explosion,,"society,security,explosion,,"
modern,society,security,lockdown,,"society,security,lockdown,,"
modern,society,security,state-of-emergency,,"society,security,state-of-emergency,,"
modern,society,security,state-of-emergency,extended,"society,security,state-of-emergency,extended,"
modern,society,security,weapons-testing,,"society,security,weapons-testing,,"
modern,society,social-responsibility,donation,,"society,social-responsibility,donation,,"
modern,society,transportation,transportation-disruption,,"society,transportation,transportation-disruption,,"
modern,society,war-conflict,bombing,attack,"society,war-conflict,bombing,attack,"
modern,society,war-conflict,military-action,,"society,war-conflict,military-action,,"
modern,society,war-conflict,military-action,occupation,"society,war-conflict,military-action,occupation,"
modern,society,war-conflict,military-action,threat,"society,war-conflict,military-action,threat,"
modern,society,war-conflict,peace-process,,"society,war-conflict,peace-process,,"
modern,society,war-conflict,terrorism,attack,"society,war-conflict,terrorism,attack,"
modern,society,war-conflict,violence,attack,"society,war-conflict,violence,attack,"
modern,society,war-conflict,violence,threat,"society,war-conflict,violence,threat,"
legacy,,,,,acquisition-acquiree
legacy,,,,,acquisition-acquirer
legacy,,,,,acquisition-bid-rejected-acquiree
legacy,,,,,acquisition-bid-rejected-acquirer
legacy,,,,,acquisition-completed-acquiree
legacy,,,,,acquisition-completed-acquirer
legacy,,,,,acquisition-failed-acquiree
legacy,,,,,acquisition-failed-acquirer
legacy,,,,,acquisition-interest-acquiree
legacy,,,,,acquisition-interest-acquirer
legacy,,,,,acquisition-merger-termination-fee
legacy,,,,,acquisition-opposition-acquiree
legacy,,,,,acquisition-opposition-acquirer
legacy,,,,,acquisition-regulatory-approval-acquiree
legacy,,,,,acquisition-regulatory-approval-acquirer
legacy,,,,,acquisition-regulatory-scrutiny-acquiree
legacy,,,,,acquisition-regulatory-scrutiny-acquirer
legacy,,,,,acquisition-rumor-acquiree
legacy,,,,,acquisition-rumor-acquirer
legacy,,,,,acquisition-rumor-denied-acquiree
legacy,,,,,acquisition-rumor-denied-acquirer
legacy,,,,,acquisition-scrutiny-acquiree
legacy,,,,,analyst-ratings-change-negative
legacy,,,,,analyst-ratings-change-negative-rater
legacy,,,,,analyst-ratings-change-neutral
legacy,,,,,analyst-ratings-change-positive
legacy,,,,,analyst-ratings-change-positive-rater
legacy,,,,,analyst-ratings-history-negative
legacy,,,,,analyst-ratings-history-neutral
legacy,,,,,analyst-ratings-history-positive
legacy,,,,,analyst-ratings-negative
legacy,,,,,analyst-ratings-positive
legacy,,,,,analyst-ratings-set-negative
legacy,,,,,analyst-ratings-set-neutral
legacy,,,,,analyst-ratings-set-positive
legacy,,,,,antitrust-investigation
legacy,,,,,antitrust-settlement
legacy,,,,,antitrust-suit-defendant
legacy,,,,,antitrust-suit-plaintiff
legacy,,,,,appeal-plaintiff
legacy,,,,,asset-sale
legacy,,,,,asset-up
legacy,,,,,assets
legacy,,,,,auditor-appointment
legacy,,,,,auditor-resignation
legacy,,,,,award
legacy,,,,,bankruptcy
legacy,,,,,bankruptcy-exit
legacy,,,,,bankruptcy-fears
legacy,,,,,bankruptcy-unit
legacy,,,,,board-meeting
legacy,,,,,board-member-appointment
legacy,,,,,bought-deal
legacy,,,,,business-combination
legacy,,,,,business-contract
legacy,,,,,business-contract-terminated
legacy,,,,,buy-imbalance
legacy,,,,,buyback-suspended
legacy,,,,,buybacks
legacy,,,,,campaign-ad-release
legacy,,,,,campaign-ad-retired
legacy,,,,,capex
legacy,,,,,capex-down
legacy,,,,,capex-guidance
legacy,,,,,capex-guidance-down
legacy,,,,,capex-guidance-up
legacy,,,,,capital-increase
legacy,,,,,capital-increase-completed
legacy,,,,,clinical-trials
legacy,,,,,clinical-trials-complete
legacy,,,,,clinical-trials-filed
legacy,,,,,clinical-trials-negative
legacy,,,,,clinical-trials-positive
legacy,,,,,clinical-trials-start
legacy,,,,,clinical-trials-suspended
legacy,,,,,company-for-sale
legacy,,,,,conference-call
legacy,,,,,conference-organizer
legacy,,,,,conference-participant
legacy,,,,,confidentiality-pact
legacy,,,,,congressional-testimony-summoned
legacy,,,,,copyright-infringement-defendant
legacy,,,,,copyright-infringement-plaintiff
legacy,,,,,credit-extension-provider
legacy,,,,,credit-extension-recipient
legacy,,,,,credit-rating-action
legacy,,,,,credit-rating-affirmation
legacy,,,,,credit-rating-confirmation
legacy,,,,,credit-rating-corrected
legacy,,,,,credit-rating-downgrade
legacy,,,,,credit-rating-expected
legacy,,,,,credit-rating-matured
legacy,,,,,credit-rating-no-rating
legacy,,,,,credit-rating-outlook-developing
legacy,,,,,credit-rating-outlook-negative
legacy,,,,,credit-rating-outlook-positive
legacy,,,,,credit-rating-outlook-revision
legacy,,,,,credit-rating-outlook-stable
legacy,,,,,credit-rating-outlook-unchanged
legacy,,,,,credit-rating-paid-in-full
legacy,,,,,credit-rating-provisional-rating
legacy,,,,,credit-rating-publish
legacy,,,,,credit-rating-reinstated
legacy,,,,,credit-rating-revision-enhancement
legacy,,,,,credit-rating-set
legacy,,,,,credit-rating-unchanged
legacy,,,,,credit-rating-upgrade
legacy,,,,,credit-rating-watch
legacy,,,,,credit-rating-watch-developing
legacy,,,,,credit-rating-watch-negative
legacy,,,,,credit-rating-watch-positive
legacy,,,,,credit-rating-watch-removed
legacy,,,,,credit-rating-watch-unchanged
legacy,,,,,credit-rating-withdrawn-rating
legacy,,,,,cyber-attacks
legacy,,,,,debt
legacy,,,,,debt-extension-provider
legacy,,,,,debt-extension-recipient
legacy,,,,,debt-increase
legacy,,,,,debt-reduction
legacy,,,,,debt-renegotiation
legacy,,,,,debt-restructuring
legacy,,,,,debt-restructuring-approval
legacy,,,,,debt-restructuring-complete
legacy,,,,,debt-restructuring-considered
legacy,,,,,debt-restructuring-failed
legacy,,,,,debt-restructuring-rejection
legacy,,,,,debt-shelf-registration
legacy,,,,,defamation-defendant
legacy,,,,,defamation-plaintiff
legacy,,,,,delay-imbalance
legacy,,,,,demand
legacy,,,,,demand-decrease
legacy,,,,,demand-guidance-increase
legacy,,,,,demand-increase
legacy,,,,,discrimination-defendant
legacy,,,,,discrimination-plaintiff
legacy,,,,,dividend
legacy,,,,,dividend-above-expectations
legacy,,,,,dividend-below-expectations
legacy,,,,,dividend-down
legacy,,,,,dividend-guidance
legacy,,,,,dividend-guidance-down
legacy,,,,,dividend-guidance-up
legacy,,,,,dividend-meet-expectations
legacy,,,,,dividend-suspended
legacy,,,,,dividend-up
legacy,,,,,donation
legacy,,,,,earnings
legacy,,,,,earnings-above-expectations
legacy,,,,,earnings-below-expectations
legacy,,,,,earnings-call
legacy,,,,,earnings-delayed
legacy,,,,,earnings-down
legacy,,,,,earnings-estimate
legacy,,,,,earnings-estimate-downgrade
legacy,,,,,earnings-estimate-upgrade
legacy,,,,,earnings-estimate-upgrade-rater
legacy,,,,,earnings-guidance
legacy,,,,,earnings-guidance-above-expectations
legacy,,,,,earnings-guidance-below-expectations
legacy,,,,,earnings-guidance-down
legacy,,,,,earnings-guidance-meet-expectations
legacy,,,,,earnings-guidance-suspended
legacy,,,,,earnings-guidance-up
legacy,,,,,earnings-meet-expectations
legacy,,,,,earnings-negative
legacy,,,,,earnings-per-share
legacy,,,,,earnings-per-share-above-expectations
legacy,,,,,earnings-per-share-below-expectations
legacy,,,,,earnings-per-share-down
legacy,,,,,earnings-per-share-guidance
legacy,,,,,earnings-per-share-meet-expectations
legacy,,,,,earnings-per-share-negative
legacy,,,,,earnings-per-share-positive
legacy,,,,,earnings-per-share-up
legacy,,,,,earnings-positive
legacy,,,,,earnings-revision
legacy,,,,,earnings-revision-down
legacy,,,,,earnings-revision-up
legacy,,,,,earnings-up
legacy,,,,,ebit-down
legacy,,,,,ebit-positive
legacy,,,,,ebit-up
legacy,,,,,ebitda-guidance
legacy,,,,,ebitda-guidance-down
legacy,,,,,ebitda-guidance-up
legacy,,,,,ebitda-negative
legacy,,,,,ebitda-positive
legacy,,,,,ebitda-up
legacy,,,,,equity-shelf-registration
legacy,,,,,exchange-compliance
legacy,,,,,exchange-noncompliance
legacy,,,,,executive-appointment
legacy,,,,,executive-compensation
legacy,,,,,executive-death
legacy,,,,,executive-firing
legacy,,,,,executive-health
legacy,,,,,executive-kidnap
legacy,,,,,executive-murdered
legacy,,,,,executive-resignation
legacy,,,,,executive-salary
legacy,,,,,executive-salary-cut
legacy,,,,,executive-salary-increase
legacy,,,,,executive-scandal
legacy,,,,,executive-shares-options
legacy,,,,,expenses
legacy,,,,,expenses-charge
legacy,,,,,expenses-down
legacy,,,,,expenses-guidance
legacy,,,,,expenses-guidance-down
legacy,,,,,expenses-guidance-up
legacy,,,,,expenses-up
legacy,,,,,facility-close
legacy,,,,,facility-fire-disaster
legacy,,,,,facility-open
legacy,,,,,facility-relocation
legacy,,,,,facility-sale
legacy,,,,,facility-upgrade
legacy,,,,,fast-track-designation
legacy,,,,,fire-sales
legacy,,,,,fraud
legacy,,,,,fraud-defendant
legacy,,,,,fraud-plaintiff
legacy,,,,,fundraising
legacy,,,,,gdp-guidance-down
legacy,,,,,going-private
legacy,,,,,government-contract
legacy,,,,,grant-recipient
legacy,,,,,headquarters-change
legacy,,,,,hirings
legacy,,,,,import-tax
legacy,,,,,index-delisting
legacy,,,,,index-listing
legacy,,,,,insider-buy
legacy,,,,,insider-gift
legacy,,,,,insider-sell
legacy,,,,,insider-sell-registration
legacy,,,,,insider-surrender
legacy,,,,,insider-trading-lawsuit-defendant
legacy,,,,,insider-trading-lawsuit-plaintiff
legacy,,,,,investment-investor
legacy,,,,,investment-recipient
legacy,,,,,ipo
legacy,,,,,ipo-approved
legacy,,,,,ipo-completed
legacy,,,,,ipo-considered
legacy,,,,,ipo-delayed
legacy,,,,,ipo-extended
legacy,,,,,ipo-failed
legacy,,,,,ipo-issuance-decrease
legacy,,,,,ipo-issuance-increase
legacy,,,,,ipo-opposed
legacy,,,,,ipo-price-decrease
legacy,,,,,ipo-price-increase
legacy,,,,,ipo-pricing
legacy,,,,,ipo-regulatory-scrutiny
legacy,,,,,ipo-rumor
legacy,,,,,ipo-rumor-denied
legacy,,,,,ipo-unit
legacy,,,,,ipo-unit-approved
legacy,,,,,ipo-unit-completed
legacy,,,,,ipo-unit-considered
legacy,,,,,ipo-unit-delayed
legacy,,,,,ipo-unit-extended
legacy,,,,,ipo-unit-failed
legacy,,,,,ipo-unit-rumor
legacy,,,,,ipo-unit-rumor-denied
legacy,,,,,joint-venture
legacy,,,,,joint-venture-terminated
legacy,,,,,layoffs
legacy,,,,,legal-issues
legacy,,,,,legal-issues-defendant
legacy,,,,,legal-issues-dismissed-defendant
legacy,,,,,legal-issues-dismissed-plaintiff
legacy,,,,,legal-issues-plaintiff
legacy,,,,,legal-verdict-disfavored
legacy,,,,,legal-verdict-favored
legacy,,,,,loan-provider
legacy,,,,,loan-recipient
legacy,,,,,major-shareholders-disclosure
legacy,,,,,market-entry
legacy,,,,,market-guidance
legacy,,,,,market-guidance-up
legacy,,,,,market-share-gain
legacy,,,,,market-share-loss
legacy,,,,,merger
legacy,,,,,merger-blocked
legacy,,,,,merger-completed
legacy,,,,,merger-delayed
legacy,,,,,merger-failed
legacy,,,,,merger-opposition
legacy,,,,,merger-regulatory-approval
legacy,,,,,merger-regulatory-scrutiny
legacy,,,,,merger-rumor
legacy,,,,,merger-rumor-denied
legacy,,,,,mixed-shelf-registration
legacy,,,,,mkt-close-buy-imbalance
legacy,,,,,mkt-close-sell-imbalance
legacy,,,,,mkt-open-buy-imbalance
legacy,,,,,mkt-open-sell-imbalance
legacy,,,,,name-change
legacy,,,,,no-imbalance
legacy,,,,,no-mkt-close-imbalance
legacy,,,,,note-acquisition
legacy,,,,,note-sale
legacy,,,,,operating-earnings
legacy,,,,,operating-earnings-down
legacy,,,,,operating-earnings-guidance
legacy,,,,,operating-earnings-guidance-up
legacy,,,,,operating-earnings-negative
legacy,,,,,operating-earnings-positive
legacy,,,,,operating-earnings-up
legacy,,,,,orphan-drug-designation
legacy,,,,,ownership-decrease-held
legacy,,,,,ownership-decrease-owner
legacy,,,,,ownership-increase-held
legacy,,,,,ownership-increase-owner
legacy,,,,,partnership
legacy,,,,,partnership-terminated
legacy,,,,,patent-awarded
legacy,,,,,patent-filing
legacy,,,,,patent-filing-rejected
legacy,,,,,patent-infringement-defendant
legacy,,,,,patent-infringement-plaintiff
legacy,,,,,patent-revoked
legacy,,,,,patient-enrollment-complete
legacy,,,,,patient-enrollment-start
legacy,,,,,patient-enrollment-suspended
legacy,,,,,press-conference-organizer
legacy,,,,,pretax-earnings-down
legacy,,,,,pretax-earnings-negative
legacy,,,,,pretax-earnings-positive
legacy,,,,,pretax-earnings-up
legacy,,,,,price-target-downgrade
legacy,,,,,price-target-set
legacy,,,,,price-target-upgrade
legacy,,,,,private-placement
legacy,,,,,product-application-withdrawn
legacy,,,,,product-approval-denied
legacy,,,,,product-catastrophe
legacy,,,,,product-delayed
legacy,,,,,product-discontinued
legacy,,,,,product-enhancement
legacy,,,,,product-outage
legacy,,,,,product-price-cut
legacy,,,,,product-price-raise
legacy,,,,,product-recall
legacy,,,,,product-release
legacy,,,,,product-resumed
legacy,,,,,product-side-effects
legacy,,,,,project-abandoned
legacy,,,,,public-offering
legacy,,,,,public-offering-delayed
legacy,,,,,public-offering-suspended
legacy,,,,,regulatory-investigation
legacy,,,,,regulatory-investigation-completed
legacy,,,,,regulatory-investigation-completed-sanction
legacy,,,,,regulatory-product-application
legacy,,,,,regulatory-product-application-withdrawn
legacy,,,,,regulatory-product-approval-conditional
legacy,,,,,regulatory-product-approval-denied
legacy,,,,,regulatory-product-approval-granted
legacy,,,,,regulatory-product-review-negative
legacy,,,,,regulatory-product-review-positive
legacy,,,,,regulatory-product-warning
legacy,,,,,relative-strength-index
legacy,,,,,relative-strength-index-overbought
legacy,,,,,relative-strength-index-oversold
legacy,,,,,reorganization
legacy,,,,,reorganization-approval
legacy,,,,,reorganization-complete
legacy,,,,,reorganization-considered
legacy,,,,,reorganization-costs
legacy,,,,,reorganization-delayed
legacy,,,,,reorganization-denied
legacy,,,,,reorganization-failed
legacy,,,,,reorganization-rejection
legacy,,,,,reorganization-savings
legacy,,,,,reorganization-unit
legacy,,,,,reorganization-unit-approval
legacy,,,,,reorganization-unit-complete
legacy,,,,,reorganization-unit-rejection
legacy,,,,,revenue-above-expectations
legacy,,,,,revenue-below-expectations
legacy,,,,,revenue-down
legacy,,,,,revenue-estimate
legacy,,,,,revenue-estimate-downgrade
legacy,,,,,revenue-estimate-upgrade
legacy,,,,,revenue-guidance
legacy,,,,,revenue-guidance-above-expectations
legacy,,,,,revenue-guidance-below-expectations
legacy,,,,,revenue-guidance-down
legacy,,,,,revenue-guidance-meet-expectations
legacy,,,,,revenue-guidance-up
legacy,,,,,revenue-meet-expectations
legacy,,,,,revenue-up
legacy,,,,,revenue-volume
legacy,,,,,revenue-volume-down
legacy,,,,,revenue-volume-up
legacy,,,,,revenues
legacy,,,,,reverse-stock-splits
legacy,,,,,rights-issue
legacy,,,,,sanctions-target
legacy,,,,,savings
legacy,,,,,savings-guidance
legacy,,,,,sec-investigation
legacy,,,,,sell-imbalance
legacy,,,,,settlement
legacy,,,,,shareholder-rights-plan
legacy,,,,,shareholder-rights-plan-suspended
legacy,,,,,spin-off
legacy,,,,,sponsorship
legacy,,,,,stake-acquiree
legacy,,,,,stake-acquirer
legacy,,,,,stock-gain
legacy,,,,,stock-loss
legacy,,,,,stock-price
legacy,,,,,stock-price-volatility
legacy,,,,,stock-splits
legacy,,,,,supply
legacy,,,,,supply-decrease
legacy,,,,,supply-guidance-increase
legacy,,,,,supply-increase
legacy,,,,,technical-price-level-resistance-bearish
legacy,,,,,technical-view
legacy,,,,,technical-view-bearish
legacy,,,,,technical-view-bullish
legacy,,,,,trading-delisting
legacy,,,,,trading-delisting-review
legacy,,,,,trading-halt
legacy,,,,,trading-listing
legacy,,,,,trading-resumed
legacy,,,,,union-pact
legacy,,,,,unit-acquisition-acquiree
legacy,,,,,unit-acquisition-acquirer
legacy,,,,,unit-acquisition-completed-acquiree
legacy,,,,,unit-acquisition-completed-acquirer
legacy,,,,,unit-acquisition-interest-acquiree
legacy,,,,,unit-acquisition-interest-acquirer
legacy,,,,,unit-acquisition-regulatory-approval-acquirer
