topic,group,type,category
business,acquisitions-mergers,acquisition,acquisition-acquiree
business,acquisitions-mergers,acquisition,acquisition-acquirer
business,acquisitions-mergers,acquisition,acquisition-bid-rejected-acquiree
business,acquisitions-mergers,acquisition,acquisition-bid-rejected-acquirer
business,acquisitions-mergers,acquisition,acquisition-completed-acquiree
business,acquisitions-mergers,acquisition,acquisition-completed-acquirer
business,acquisitions-mergers,acquisition,acquisition-failed-acquiree
business,acquisitions-mergers,acquisition,acquisition-failed-acquirer
business,acquisitions-mergers,acquisition,acquisition-interest-acquiree
business,acquisitions-mergers,acquisition,acquisition-interest-acquirer
business,acquisitions-mergers,acquisition,acquisition-merger-termination-fee
business,acquisitions-mergers,acquisition,acquisition-opposition-acquiree
business,acquisitions-mergers,acquisition,acquisition-opposition-acquirer
business,acquisitions-mergers,acquisition-regulatory-approval,acquisition-regulatory-approval-acquiree
business,acquisitions-mergers,acquisition-regulatory-approval,acquisition-regulatory-approval-acquirer
business,acquisitions-mergers,acquisition-regulatory-scrutiny,acquisition-regulatory-scrutiny-acquiree
business,acquisitions-mergers,acquisition-regulatory-scrutiny,acquisition-regulatory-scrutiny-acquirer
business,acquisitions-mergers,acquisition,acquisition-rumor-acquiree
business,acquisitions-mergers,acquisition,acquisition-rumor-acquirer
business,acquisitions-mergers,acquisition,acquisition-rumor-denied-acquiree
business,acquisitions-mergers,acquisition,acquisition-rumor-denied-acquirer
business,acquisitions-mergers,,acquisition-scrutiny-acquiree
business,analyst-ratings,analyst-ratings-change,analyst-ratings-change-negative
business,analyst-ratings,analyst-ratings-change,analyst-ratings-change-negative-rater
business,analyst-ratings,analyst-ratings-change,analyst-ratings-change-neutral
business,analyst-ratings,analyst-ratings-change,analyst-ratings-change-positive
business,analyst-ratings,analyst-ratings-change,analyst-ratings-change-positive-rater
business,analyst-ratings,analyst-ratings-history,analyst-ratings-history-negative
business,analyst-ratings,analyst-ratings-history,analyst-ratings-history-neutral
business,analyst-ratings,analyst-ratings-history,analyst-ratings-history-positive
business,analyst-ratings,,analyst-ratings-negative
business,analyst-ratings,,analyst-ratings-positive
business,analyst-ratings,analyst-ratings-set,analyst-ratings-set-negative
business,analyst-ratings,analyst-ratings-set,analyst-ratings-set-neutral
business,analyst-ratings,analyst-ratings-set,analyst-ratings-set-positive
society,legal,antitrust-investigation,antitrust-investigation
society,legal,antitrust-settlement,antitrust-settlement
society,legal,antitrust-suit,antitrust-suit-defendant
society,legal,antitrust-suit,antitrust-suit-plaintiff
society,legal,appeal,appeal-plaintiff
business,assets,asset,asset-sale
business,assets,asset,asset-up
business,assets,asset,assets
business,regulatory,auditor-appointment,auditor-appointment
business,regulatory,auditor-resignation,auditor-resignation
business,products-services,award,award
business,bankruptcy,bankruptcy,bankruptcy
business,bankruptcy,bankruptcy,bankruptcy-fears
business,bankruptcy,bankruptcy-unit,bankruptcy-unit
business,investor-relations,board-meeting,board-meeting
business,labor-issues,,board-member-appointment
business,equity-actions,fundraising,bought-deal
business,products-services,business-combination,business-combination
business,products-services,business-contract,business-contract
business,products-services,business-contract,business-contract-terminated
business,order-imbalances,buy-imbalance,buy-imbalance
business,equity-actions,buybacks,buybacks
business,marketing,campaign-ad,campaign-ad-release
business,marketing,campaign-ad,campaign-ad-retired
business,equity-actions,capex,capex
business,equity-actions,capex,capex-down
business,equity-actions,capex-guidance,capex-guidance
business,equity-actions,capex-guidance,capex-guidance-down
business,equity-actions,capex-guidance,capex-guidance-up
business,equity-actions,capital-increase,capital-increase
business,equity-actions,capital-increase,capital-increase-completed
business,products-services,clinical-trials,clinical-trials
business,products-services,clinical-trials,clinical-trials-complete
business,products-services,clinical-trials,clinical-trials-filed
business,products-services,clinical-trials,clinical-trials-negative
business,products-services,clinical-trials,clinical-trials-positive
business,products-services,clinical-trials,clinical-trials-start
business,products-services,clinical-trials,clinical-trials-suspended
business,assets,company-for-sale,company-for-sale
business,investor-relations,conference-call,conference-call
business,marketing,conference,conference-organizer
business,marketing,conference,conference-participant
society,legal,confidentiality-pact,confidentiality-pact
politics,government,congressional-testimony,congressional-testimony-summoned
society,legal,copyright-infringement,copyright-infringement-defendant
business,credit,credit-extension,credit-extension-provider
business,credit,credit-extension,credit-extension-recipient
business,credit-ratings,credit-rating-change,credit-rating-action
business,credit-ratings,credit-rating-change,credit-rating-affirmation
business,credit-ratings,credit-rating-change,credit-rating-confirmation
business,credit-ratings,credit-rating-change,credit-rating-downgrade
business,credit-ratings,credit-rating-outlook,credit-rating-outlook-negative
business,credit-ratings,credit-rating-outlook,credit-rating-outlook-positive
business,credit-ratings,credit-rating-outlook,credit-rating-outlook-revision
business,credit-ratings,credit-rating-outlook,credit-rating-outlook-stable
business,credit-ratings,credit-rating-change,credit-rating-provisional-rating
business,credit-ratings,credit-rating-change,credit-rating-set
business,credit-ratings,credit-rating-change,credit-rating-unchanged
business,credit-ratings,credit-rating-change,credit-rating-upgrade
business,credit-ratings,credit-rating-watch,credit-rating-watch
business,credit-ratings,credit-rating-watch,credit-rating-watch-negative
business,credit-ratings,credit-rating-watch,credit-rating-watch-positive
business,credit-ratings,credit-rating-watch,credit-rating-watch-removed
business,credit-ratings,credit-rating-watch,credit-rating-watch-unchanged
business,credit-ratings,credit-rating-change,credit-rating-withdrawn-rating
society,security,cyber-attacks,cyber-attacks
business,credit,debt,debt
business,credit,debt,debt-extension-recipient
business,credit,debt,debt-increase
business,credit,debt,debt-reduction
business,credit,debt,debt-renegotiation
business,credit,debt-restructuring,debt-restructuring
business,credit,shelf-registration,debt-shelf-registration
business,order-imbalances,delay-imbalance,delay-imbalance
business,products-services,,demand
business,products-services,demand,demand-decrease
business,products-services,demand-guidance,demand-guidance-increase
business,products-services,demand,demand-increase
business,dividends,dividend,dividend
business,dividends,dividend,dividend-above-expectations
business,dividends,dividend,dividend-down
business,dividends,dividend-guidance,dividend-guidance
business,dividends,dividend-guidance,dividend-guidance-down
business,dividends,dividend-guidance,dividend-guidance-up
business,dividends,dividend,dividend-up
society,corporate-responsibility,donation,donation
business,earnings,earnings,earnings
business,earnings,earnings,earnings-above-expectations
business,earnings,earnings,earnings-below-expectations
business,events-calendar,,earnings-call
business,earnings,earnings,earnings-delayed
business,earnings,earnings,earnings-down
business,earnings,earnings-estimate,earnings-estimate
business,earnings,earnings-estimate,earnings-estimate-downgrade
business,earnings,earnings-estimate,earnings-estimate-upgrade
business,earnings,earnings-estimate,earnings-estimate-upgrade-rater
business,earnings,earnings-guidance,earnings-guidance
business,earnings,earnings-guidance,earnings-guidance-above-expectations
business,earnings,earnings-guidance,earnings-guidance-below-expectations
business,earnings,earnings-guidance,earnings-guidance-down
business,earnings,earnings-guidance,earnings-guidance-meet-expectations
business,earnings,earnings-guidance,earnings-guidance-suspended
business,earnings,earnings-guidance,earnings-guidance-up
business,earnings,earnings,earnings-meet-expectations
business,earnings,earnings,earnings-negative
business,earnings,earnings-per-share,earnings-per-share
business,earnings,earnings-per-share,earnings-per-share-above-expectations
business,earnings,earnings-per-share,earnings-per-share-below-expectations
business,earnings,earnings-per-share,earnings-per-share-down
business,earnings,earnings-per-share-guidance,earnings-per-share-guidance
business,earnings,earnings-per-share,earnings-per-share-meet-expectations
business,earnings,earnings-per-share,earnings-per-share-negative
business,earnings,earnings-per-share,earnings-per-share-positive
business,earnings,earnings-per-share,earnings-per-share-up
business,earnings,earnings,earnings-positive
business,earnings,earnings-revision,earnings-revision
business,earnings,earnings-revision,earnings-revision-down
business,earnings,earnings-revision,earnings-revision-up
business,earnings,earnings,earnings-up
business,earnings,ebit,ebit-down
business,earnings,ebit,ebit-positive
business,earnings,ebit,ebit-up
business,earnings,ebitda-guidance,ebitda-guidance
business,earnings,ebitda-guidance,ebitda-guidance-down
business,earnings,ebitda-guidance,ebitda-guidance-up
business,earnings,ebitda,ebitda-negative
business,earnings,ebitda,ebitda-positive
business,earnings,ebitda,ebitda-up
business,equity-actions,shelf-registration,equity-shelf-registration
business,regulatory,exchange-compliance,exchange-compliance
business,regulatory,exchange-noncompliance,exchange-noncompliance
business,labor-issues,executive-appointment,executive-appointment
business,labor-issues,executive-compensation,executive-compensation
business,labor-issues,executive-death,executive-death
business,labor-issues,executive-firing,executive-firing
business,labor-issues,executive-health,executive-health
business,labor-issues,executive-resignation,executive-resignation
business,labor-issues,executive-salary,executive-salary
business,labor-issues,executive-salary,executive-salary-cut
business,labor-issues,executive-salary,executive-salary-increase
business,labor-issues,executive-scandal,executive-scandal
business,labor-issues,executive-shares-options,executive-shares-options
business,equity-actions,expenses,expenses
business,equity-actions,expenses,expenses-charge
business,equity-actions,expenses,expenses-down
business,equity-actions,expenses-guidance,expenses-guidance
business,equity-actions,expenses-guidance,expenses-guidance-down
business,equity-actions,expenses-guidance,expenses-guidance-up
business,equity-actions,expenses,expenses-up
business,assets,facility,facility-close
business,assets,facility,facility-open
business,assets,facility,facility-relocation
business,assets,facility,facility-sale
business,assets,facility,facility-upgrade
business,products-services,fast-track-designation,fast-track-designation
society,legal,fraud,fraud
society,legal,fraud,fraud-defendant
society,legal,fraud,fraud-plaintiff
business,equity-actions,fundraising,fundraising
business,macro-economic,,gdp-guidance-down
business,equity-actions,going-private,going-private
business,products-services,government-contract,government-contract
business,products-services,grant,grant-recipient
business,assets,headquarters-change,headquarters-change
business,labor-issues,hirings,hirings
business,taxes,,import-tax
business,indexes,index-delisting,index-delisting
business,indexes,index-listing,index-listing
business,insider-trading,insider-buy,insider-buy
business,insider-trading,insider-gift,insider-gift
business,insider-trading,insider-sell,insider-sell
business,insider-trading,sell-registration,insider-sell-registration
business,insider-trading,insider-surrender,insider-surrender
business,insider-trading,insider-trading-lawsuit,insider-trading-lawsuit-defendant
business,equity-actions,investment,investment-investor
business,equity-actions,investment,investment-recipient
business,equity-actions,initial-public-offering,ipo
business,equity-actions,initial-public-offering,ipo-completed
business,equity-actions,initial-public-offering,ipo-considered
business,equity-actions,initial-public-offering,ipo-failed
business,equity-actions,initial-public-offering-price,ipo-pricing
business,equity-actions,initial-public-offering-unit,ipo-unit
business,equity-actions,initial-public-offering-unit,ipo-unit-considered
business,partnerships,joint-venture,joint-venture
business,partnerships,joint-venture,joint-venture-terminated
business,labor-issues,layoffs,layoffs
society,legal,,legal-issues
society,legal,legal-issues,legal-issues-defendant
society,legal,legal-issues,legal-issues-dismissed-defendant
society,legal,legal-issues,legal-issues-dismissed-plaintiff
society,legal,legal-issues,legal-issues-plaintiff
society,legal,verdict,legal-verdict-disfavored
society,legal,verdict,legal-verdict-favored
business,credit,loan,loan-provider
business,credit,loan,loan-recipient
business,investor-relations,major-shareholders-disclosure,major-shareholders-disclosure
business,products-services,market-entry,market-entry
business,products-services,market-guidance,market-guidance
business,products-services,market-guidance,market-guidance-up
business,products-services,market-share,market-share-gain
business,products-services,market-share,market-share-loss
business,acquisitions-mergers,merger,merger
business,acquisitions-mergers,merger,merger-completed
business,acquisitions-mergers,merger,merger-delayed
business,acquisitions-mergers,merger,merger-failed
business,acquisitions-mergers,merger,merger-opposition
business,acquisitions-mergers,merger-regulatory-approval,merger-regulatory-approval
business,acquisitions-mergers,merger-regulatory-scrutiny,merger-regulatory-scrutiny
business,acquisitions-mergers,merger,merger-rumor
business,credit,shelf-registration,mixed-shelf-registration
business,order-imbalances,buy-moc,mkt-close-buy-imbalance
business,order-imbalances,sell-moc,mkt-close-sell-imbalance
business,order-imbalances,buy-moo,mkt-open-buy-imbalance
business,order-imbalances,sell-moo,mkt-open-sell-imbalance
business,equity-actions,name-change,name-change
business,order-imbalances,no-imbalance,no-imbalance
business,order-imbalances,no-moc,no-mkt-close-imbalance
business,credit,note-acquisition,note-acquisition
business,credit,note-sale,note-sale
business,earnings,operating-earnings,operating-earnings
business,earnings,operating-earnings,operating-earnings-down
business,earnings,operating-earnings-guidance,operating-earnings-guidance
business,earnings,operating-earnings-guidance,operating-earnings-guidance-up
business,earnings,operating-earnings,operating-earnings-negative
business,earnings,operating-earnings,operating-earnings-positive
business,earnings,operating-earnings,operating-earnings-up
business,products-services,orphan-drug-designation,orphan-drug-designation
business,equity-actions,ownership,ownership-decrease-held
business,equity-actions,ownership,ownership-decrease-owner
business,equity-actions,ownership,ownership-increase-held
business,equity-actions,ownership,ownership-increase-owner
business,partnerships,partnership,partnership
business,partnerships,partnership,partnership-terminated
business,assets,patent,patent-awarded
business,assets,patent,patent-filing
business,assets,patent,patent-filing-rejected
society,legal,patent-infringement,patent-infringement-defendant
society,legal,patent-infringement,patent-infringement-plaintiff
business,assets,patent,patent-revoked
business,products-services,clinical-trials-patient-enrollment,patient-enrollment-complete
business,products-services,clinical-trials-patient-enrollment,patient-enrollment-start
business,products-services,clinical-trials-patient-enrollment,patient-enrollment-suspended
business,marketing,press-conference,press-conference-organizer
business,earnings,pretax-earnings,pretax-earnings-down
business,earnings,pretax-earnings,pretax-earnings-negative
business,earnings,pretax-earnings,pretax-earnings-positive
business,earnings,pretax-earnings,pretax-earnings-up
business,price-targets,price-target,price-target-downgrade
business,price-targets,price-target,price-target-set
business,price-targets,price-target,price-target-upgrade
business,equity-actions,private-placement,private-placement
business,products-services,,product-application-withdrawn
business,products-services,,product-approval-denied
business,products-services,product-catastrophe,product-catastrophe
business,products-services,product-release,product-delayed
business,products-services,product-discontinued,product-discontinued
business,products-services,,product-enhancement
business,products-services,product-outage,product-outage
business,products-services,product-price,product-price-cut
business,products-services,product-price,product-price-raise
business,products-services,product-recall,product-recall
business,products-services,product-release,product-release
business,products-services,product-resumed,product-resumed
business,products-services,project-abandoned,project-abandoned
business,equity-actions,public-offering,public-offering
business,equity-actions,public-offering,public-offering-delayed
business,equity-actions,public-offering,public-offering-suspended
business,regulatory,regulatory-investigation,regulatory-investigation
business,regulatory,regulatory-investigation,regulatory-investigation-completed
business,regulatory,regulatory-investigation,regulatory-investigation-completed-sanction
business,products-services,regulatory-product-application,regulatory-product-application
business,products-services,regulatory-product-application,regulatory-product-application-withdrawn
business,products-services,regulatory-product-approval,regulatory-product-approval-conditional
business,products-services,regulatory-product-approval,regulatory-product-approval-denied
business,products-services,regulatory-product-approval,regulatory-product-approval-granted
business,products-services,regulatory-product-review,regulatory-product-review-negative
business,products-services,regulatory-product-review,regulatory-product-review-positive
business,products-services,regulatory-product-warning,regulatory-product-warning
business,technical-analysis,relative-strength-index,relative-strength-index
business,technical-analysis,relative-strength-index,relative-strength-index-overbought
business,technical-analysis,relative-strength-index,relative-strength-index-oversold
business,equity-actions,reorganization,reorganization
business,equity-actions,reorganization,reorganization-approval
business,equity-actions,reorganization,reorganization-complete
business,equity-actions,reorganization,reorganization-considered
business,equity-actions,reorganization,reorganization-costs
business,equity-actions,reorganization,reorganization-savings
business,equity-actions,reorganization-unit,reorganization-unit
business,revenues,revenue,revenue-above-expectations
business,revenues,revenue,revenue-below-expectations
business,revenues,revenue,revenue-down
business,revenues,revenue-estimate,revenue-estimate
business,revenues,revenue-estimate,revenue-estimate-downgrade
business,revenues,revenue-estimate,revenue-estimate-upgrade
business,revenues,revenue-guidance,revenue-guidance
business,revenues,revenue-guidance,revenue-guidance-above-expectations
business,revenues,revenue-guidance,revenue-guidance-below-expectations
business,revenues,revenue-guidance,revenue-guidance-down
business,revenues,revenue-guidance,revenue-guidance-meet-expectations
business,revenues,revenue-guidance,revenue-guidance-up
business,revenues,revenue,revenue-meet-expectations
business,revenues,revenue,revenue-up
business,revenues,revenue-volume,revenue-volume
business,revenues,revenue-volume,revenue-volume-down
business,revenues,revenue-volume,revenue-volume-up
business,revenues,revenue,revenues
business,equity-actions,reverse-stock-splits,reverse-stock-splits
business,equity-actions,rights-issue,rights-issue
society,legal,sanctions,sanctions-target
business,equity-actions,savings,savings
business,equity-actions,savings-guidance,savings-guidance
business,regulatory,,sec-investigation
business,order-imbalances,sell-imbalance,sell-imbalance
society,legal,settlement,settlement
business,equity-actions,shareholder-rights-plan,shareholder-rights-plan
business,equity-actions,shareholder-rights-plan,shareholder-rights-plan-suspended
business,equity-actions,spin-off,spin-off
society,corporate-responsibility,sponsorship,sponsorship
business,acquisitions-mergers,stake,stake-acquiree
business,acquisitions-mergers,stake,stake-acquirer
business,stock-prices,stock,stock-gain
business,stock-prices,stock,stock-loss
business,stock-prices,,stock-price
business,stock-prices,,stock-price-volatility
business,equity-actions,stock-splits,stock-splits
business,products-services,,supply
business,products-services,supply,supply-decrease
business,products-services,supply-guidance,supply-guidance-increase
business,products-services,supply,supply-increase
business,technical-analysis,technical-price-level,technical-price-level-resistance-bearish
business,technical-analysis,technical-view,technical-view
business,technical-analysis,technical-view,technical-view-bearish
business,technical-analysis,technical-view,technical-view-bullish
business,equity-actions,trading,trading-delisting
business,equity-actions,trading,trading-delisting-review
business,equity-actions,trading,trading-halt
business,equity-actions,trading,trading-listing
business,equity-actions,trading,trading-resumed
business,labor-issues,union-pact,union-pact
business,acquisitions-mergers,unit-acquisition,unit-acquisition-acquiree
business,acquisitions-mergers,unit-acquisition,unit-acquisition-acquirer
business,acquisitions-mergers,unit-acquisition,unit-acquisition-completed-acquiree
business,acquisitions-mergers,unit-acquisition,unit-acquisition-completed-acquirer
business,acquisitions-mergers,unit-acquisition,unit-acquisition-interest-acquiree
business,acquisitions-mergers,unit-acquisition,unit-acquisition-interest-acquirer
business,acquisitions-mergers,unit-acquisition-regulatory-approval,unit-acquisition-regulatory-approval-acquirer
