vintage,topic,group,type,sub_type,compound_id
CURRENT-bigdata,business,acquisitions-mergers,acquisition,,"business,acquisitions-mergers,acquisition,,"
CURRENT-bigdata,business,acquisitions-mergers,acquisition,completed,"business,acquisitions-mergers,acquisition,completed,"
CURRENT-bigdata,business,acquisitions-mergers,acquisition,failed,"business,acquisitions-mergers,acquisition,failed,"
CURRENT-bigdata,business,acquisitions-mergers,acquisition,opposition,"business,acquisitions-mergers,acquisition,opposition,"
CURRENT-bigdata,business,acquisitions-mergers,acquisition,rumor,"business,acquisitions-mergers,acquisition,rumor,"
CURRENT-bigdata,business,acquisitions-mergers,acquisition,rumor-denied,"business,acquisitions-mergers,acquisition,rumor-denied,"
CURRENT-bigdata,business,acquisitions-mergers,acquisition-bid,increase,"business,acquisitions-mergers,acquisition-bid,increase,"
CURRENT-bigdata,business,acquisitions-mergers,acquisition-bid,interest,"business,acquisitions-mergers,acquisition-bid,interest,"
CURRENT-bigdata,business,acquisitions-mergers,acquisition-bid,rejected,"business,acquisitions-mergers,acquisition-bid,rejected,"
CURRENT-bigdata,business,acquisitions-mergers,acquisition-regulation,approval,"business,acquisitions-mergers,acquisition-regulation,approval,"
CURRENT-bigdata,business,acquisitions-mergers,acquisition-regulation,approval-denied,"business,acquisitions-mergers,acquisition-regulation,approval-denied,"
CURRENT-bigdata,business,acquisitions-mergers,acquisition-regulation,scrutiny,"business,acquisitions-mergers,acquisition-regulation,scrutiny,"
CURRENT-bigdata,business,acquisitions-mergers,company-for-sale,,"business,acquisitions-mergers,company-for-sale,,"
CURRENT-bigdata,business,acquisitions-mergers,merger,,"business,acquisitions-mergers,merger,,"
CURRENT-bigdata,business,acquisitions-mergers,merger,approved,"business,acquisitions-mergers,merger,approved,"
CURRENT-bigdata,business,acquisitions-mergers,merger,failed,"business,acquisitions-mergers,merger,failed,"
CURRENT-bigdata,business,acquisitions-mergers,merger,interest,"business,acquisitions-mergers,merger,interest,"
CURRENT-bigdata,business,acquisitions-mergers,merger,rumor,"business,acquisitions-mergers,merger,rumor,"
CURRENT-bigdata,business,acquisitions-mergers,merger-regulation,approval,"business,acquisitions-mergers,merger-regulation,approval,"
CURRENT-bigdata,business,acquisitions-mergers,merger-regulation,approval-denied,"business,acquisitions-mergers,merger-regulation,approval-denied,"
CURRENT-bigdata,business,acquisitions-mergers,merger-regulation,scrutiny,"business,acquisitions-mergers,merger-regulation,scrutiny,"
CURRENT-bigdata,business,acquisitions-mergers,stake,,"business,acquisitions-mergers,stake,,"
CURRENT-bigdata,business,acquisitions-mergers,stake,interest,"business,acquisitions-mergers,stake,interest,"
CURRENT-bigdata,business,analyst-ratings,analyst-ratings-change,negative,"business,analyst-ratings,analyst-ratings-change,negative,"
CURRENT-bigdata,business,analyst-ratings,analyst-ratings-change,neutral,"business,analyst-ratings,analyst-ratings-change,neutral,"
CURRENT-bigdata,business,analyst-ratings,analyst-ratings-change,positive,"business,analyst-ratings,analyst-ratings-change,positive,"
CURRENT-bigdata,business,analyst-ratings,analyst-ratings-coverage,initiated,"business,analyst-ratings,analyst-ratings-coverage,initiated,"
CURRENT-bigdata,business,analyst-ratings,analyst-ratings-set,neutral,"business,analyst-ratings,analyst-ratings-set,neutral,"
CURRENT-bigdata,business,analyst-ratings,analyst-ratings-set,positive,"business,analyst-ratings,analyst-ratings-set,positive,"
CURRENT-bigdata,business,assets,asset,,"business,assets,asset,,"
CURRENT-bigdata,business,assets,asset,down,"business,assets,asset,down,"
CURRENT-bigdata,business,assets,asset,sale,"business,assets,asset,sale,"
CURRENT-bigdata,business,assets,asset,up,"business,assets,asset,up,"
CURRENT-bigdata,business,assets,commodity-assets,buy,"business,assets,commodity-assets,buy,"
CURRENT-bigdata,business,assets,commodity-assets,sell,"business,assets,commodity-assets,sell,"
CURRENT-bigdata,business,assets,facility,close,"business,assets,facility,close,"
CURRENT-bigdata,business,assets,facility,open,"business,assets,facility,open,"
CURRENT-bigdata,business,assets,facility,relocation,"business,assets,facility,relocation,"
CURRENT-bigdata,business,assets,facility,sale,"business,assets,facility,sale,"
CURRENT-bigdata,business,assets,facility,upgrade,"business,assets,facility,upgrade,"
CURRENT-bigdata,business,assets,facility-construction,,"business,assets,facility-construction,,"
CURRENT-bigdata,business,assets,goodwill,,"business,assets,goodwill,,"
CURRENT-bigdata,business,assets,headquarters-change,,"business,assets,headquarters-change,,"
CURRENT-bigdata,business,assets,patent,revoked,"business,assets,patent,revoked,"
CURRENT-bigdata,business,bankruptcy,bankruptcy,,"business,bankruptcy,bankruptcy,,"
CURRENT-bigdata,business,bankruptcy,bankruptcy,exit,"business,bankruptcy,bankruptcy,exit,"
CURRENT-bigdata,business,bankruptcy,bankruptcy,fears,"business,bankruptcy,bankruptcy,fears,"
CURRENT-bigdata,business,business-operations,business-operations-disrupted,,"business,business-operations,business-operations-disrupted,,"
CURRENT-bigdata,business,business-operations,business-operations-resumed,,"business,business-operations,business-operations-resumed,,"
CURRENT-bigdata,business,commodity-prices,commodity-futures,gain,"business,commodity-prices,commodity-futures,gain,"
CURRENT-bigdata,business,commodity-prices,commodity-futures,loss,"business,commodity-prices,commodity-futures,loss,"
CURRENT-bigdata,business,commodity-prices,commodity-price,gain,"business,commodity-prices,commodity-price,gain,"
CURRENT-bigdata,business,commodity-prices,commodity-price,loss,"business,commodity-prices,commodity-price,loss,"
CURRENT-bigdata,business,commodity-prices,commodity-price,unchanged,"business,commodity-prices,commodity-price,unchanged,"
CURRENT-bigdata,business,commodity-prices,commodity-price-volatility,,"business,commodity-prices,commodity-price-volatility,,"
CURRENT-bigdata,business,credit,credit-extension,,"business,credit,credit-extension,,"
CURRENT-bigdata,business,credit,debt,,"business,credit,debt,,"
CURRENT-bigdata,business,credit,debt,increase,"business,credit,debt,increase,"
CURRENT-bigdata,business,credit,debt,reduction,"business,credit,debt,reduction,"
CURRENT-bigdata,business,credit,debt-acquisition,,"business,credit,debt-acquisition,,"
CURRENT-bigdata,business,credit,debt-restructuring,,"business,credit,debt-restructuring,,"
CURRENT-bigdata,business,credit,debt-sale,,"business,credit,debt-sale,,"
CURRENT-bigdata,business,credit,debt-sale,completed,"business,credit,debt-sale,completed,"
CURRENT-bigdata,business,credit,debt-sale,considered,"business,credit,debt-sale,considered,"
CURRENT-bigdata,business,credit,loan,,"business,credit,loan,,"
CURRENT-bigdata,business,credit-ratings,credit-rating-change,downgrade,"business,credit-ratings,credit-rating-change,downgrade,"
CURRENT-bigdata,business,credit-ratings,credit-rating-change,set,"business,credit-ratings,credit-rating-change,set,"
CURRENT-bigdata,business,credit-ratings,credit-rating-watch,negative,"business,credit-ratings,credit-rating-watch,negative,"
CURRENT-bigdata,business,customer-engagement,net-promoter-score,,"business,customer-engagement,net-promoter-score,,"
CURRENT-bigdata,business,customer-engagement,net-promoter-score,down,"business,customer-engagement,net-promoter-score,down,"
CURRENT-bigdata,business,customer-engagement,net-promoter-score,up,"business,customer-engagement,net-promoter-score,up,"
CURRENT-bigdata,business,customer-engagement,net-promoter-score-guidance,,"business,customer-engagement,net-promoter-score-guidance,,"
CURRENT-bigdata,business,dividends,dividend,,"business,dividends,dividend,,"
CURRENT-bigdata,business,dividends,dividend,down,"business,dividends,dividend,down,"
CURRENT-bigdata,business,dividends,dividend,up,"business,dividends,dividend,up,"
CURRENT-bigdata,business,dividends,dividend-guidance,,"business,dividends,dividend-guidance,,"
CURRENT-bigdata,business,dividends,dividend-guidance,down,"business,dividends,dividend-guidance,down,"
CURRENT-bigdata,business,dividends,dividend-guidance,up,"business,dividends,dividend-guidance,up,"
CURRENT-bigdata,business,earnings,earnings,,"business,earnings,earnings,,"
CURRENT-bigdata,business,earnings,earnings,down,"business,earnings,earnings,down,"
CURRENT-bigdata,business,earnings,earnings,negative,"business,earnings,earnings,negative,"
CURRENT-bigdata,business,earnings,earnings,positive,"business,earnings,earnings,positive,"
CURRENT-bigdata,business,earnings,earnings,unchanged,"business,earnings,earnings,unchanged,"
CURRENT-bigdata,business,earnings,earnings,up,"business,earnings,earnings,up,"
CURRENT-bigdata,business,earnings,earnings-estimate,,"business,earnings,earnings-estimate,,"
CURRENT-bigdata,business,earnings,earnings-expectations,above-expectations,"business,earnings,earnings-expectations,above-expectations,"
CURRENT-bigdata,business,earnings,earnings-expectations,below-expectations,"business,earnings,earnings-expectations,below-expectations,"
CURRENT-bigdata,business,earnings,earnings-expectations,meet-expectations,"business,earnings,earnings-expectations,meet-expectations,"
CURRENT-bigdata,business,earnings,earnings-guidance,,"business,earnings,earnings-guidance,,"
CURRENT-bigdata,business,earnings,earnings-guidance,down,"business,earnings,earnings-guidance,down,"
CURRENT-bigdata,business,earnings,earnings-guidance,suspended,"business,earnings,earnings-guidance,suspended,"
CURRENT-bigdata,business,earnings,earnings-guidance,unchanged,"business,earnings,earnings-guidance,unchanged,"
CURRENT-bigdata,business,earnings,earnings-guidance,up,"business,earnings,earnings-guidance,up,"
CURRENT-bigdata,business,earnings,earnings-guidance-expectations,above-expectations,"business,earnings,earnings-guidance-expectations,above-expectations,"
CURRENT-bigdata,business,earnings,earnings-guidance-expectations,below-expectations,"business,earnings,earnings-guidance-expectations,below-expectations,"
CURRENT-bigdata,business,earnings,earnings-per-share,,"business,earnings,earnings-per-share,,"
CURRENT-bigdata,business,earnings,earnings-per-share,down,"business,earnings,earnings-per-share,down,"
CURRENT-bigdata,business,earnings,earnings-per-share,negative,"business,earnings,earnings-per-share,negative,"
CURRENT-bigdata,business,earnings,earnings-per-share,positive,"business,earnings,earnings-per-share,positive,"
CURRENT-bigdata,business,earnings,earnings-per-share,up,"business,earnings,earnings-per-share,up,"
CURRENT-bigdata,business,earnings,earnings-per-share-estimate,,"business,earnings,earnings-per-share-estimate,,"
CURRENT-bigdata,business,earnings,earnings-per-share-expectations,above-expectations,"business,earnings,earnings-per-share-expectations,above-expectations,"
CURRENT-bigdata,business,earnings,earnings-per-share-expectations,below-expectations,"business,earnings,earnings-per-share-expectations,below-expectations,"
CURRENT-bigdata,business,earnings,earnings-per-share-guidance,,"business,earnings,earnings-per-share-guidance,,"
CURRENT-bigdata,business,earnings,earnings-per-share-guidance,down,"business,earnings,earnings-per-share-guidance,down,"
CURRENT-bigdata,business,earnings,earnings-per-share-guidance,up,"business,earnings,earnings-per-share-guidance,up,"
CURRENT-bigdata,business,earnings,earnings-revision,,"business,earnings,earnings-revision,,"
CURRENT-bigdata,business,earnings,ebitda,,"business,earnings,ebitda,,"
CURRENT-bigdata,business,earnings,ebitda,down,"business,earnings,ebitda,down,"
CURRENT-bigdata,business,earnings,ebitda,up,"business,earnings,ebitda,up,"
CURRENT-bigdata,business,earnings,ebitda-guidance,down,"business,earnings,ebitda-guidance,down,"
CURRENT-bigdata,business,earnings,interest-income,down,"business,earnings,interest-income,down,"
CURRENT-bigdata,business,earnings,operating-earnings,,"business,earnings,operating-earnings,,"
CURRENT-bigdata,business,earnings,operating-earnings,down,"business,earnings,operating-earnings,down,"
CURRENT-bigdata,business,earnings,operating-earnings,negative,"business,earnings,operating-earnings,negative,"
CURRENT-bigdata,business,earnings,operating-earnings,positive,"business,earnings,operating-earnings,positive,"
CURRENT-bigdata,business,earnings,operating-earnings,up,"business,earnings,operating-earnings,up,"
CURRENT-bigdata,business,earnings,operating-earnings-expectations,below-expectations,"business,earnings,operating-earnings-expectations,below-expectations,"
CURRENT-bigdata,business,earnings,operating-earnings-expectations,meet-expectations,"business,earnings,operating-earnings-expectations,meet-expectations,"
CURRENT-bigdata,business,earnings,pretax-earnings,down,"business,earnings,pretax-earnings,down,"
CURRENT-bigdata,business,earnings,pretax-earnings,up,"business,earnings,pretax-earnings,up,"
CURRENT-bigdata,business,equity-actions,buybacks,,"business,equity-actions,buybacks,,"
CURRENT-bigdata,business,equity-actions,buybacks,approved,"business,equity-actions,buybacks,approved,"
CURRENT-bigdata,business,equity-actions,buybacks,extended,"business,equity-actions,buybacks,extended,"
CURRENT-bigdata,business,equity-actions,buybacks,suspended,"business,equity-actions,buybacks,suspended,"
CURRENT-bigdata,business,equity-actions,capex,,"business,equity-actions,capex,,"
CURRENT-bigdata,business,equity-actions,capex,down,"business,equity-actions,capex,down,"
CURRENT-bigdata,business,equity-actions,capex,up,"business,equity-actions,capex,up,"
CURRENT-bigdata,business,equity-actions,capital-increase,,"business,equity-actions,capital-increase,,"
CURRENT-bigdata,business,equity-actions,expenses,,"business,equity-actions,expenses,,"
CURRENT-bigdata,business,equity-actions,expenses,charge,"business,equity-actions,expenses,charge,"
CURRENT-bigdata,business,equity-actions,expenses,down,"business,equity-actions,expenses,down,"
CURRENT-bigdata,business,equity-actions,expenses,up,"business,equity-actions,expenses,up,"
CURRENT-bigdata,business,equity-actions,expenses-guidance,,"business,equity-actions,expenses-guidance,,"
CURRENT-bigdata,business,equity-actions,expenses-guidance,down,"business,equity-actions,expenses-guidance,down,"
CURRENT-bigdata,business,equity-actions,expenses-guidance,up,"business,equity-actions,expenses-guidance,up,"
CURRENT-bigdata,business,equity-actions,fundraising,,"business,equity-actions,fundraising,,"
CURRENT-bigdata,business,equity-actions,going-private,,"business,equity-actions,going-private,,"
CURRENT-bigdata,business,equity-actions,going-private,approved,"business,equity-actions,going-private,approved,"
CURRENT-bigdata,business,equity-actions,going-private,considered,"business,equity-actions,going-private,considered,"
CURRENT-bigdata,business,equity-actions,initial-public-offering,,"business,equity-actions,initial-public-offering,,"
CURRENT-bigdata,business,equity-actions,initial-public-offering,considered,"business,equity-actions,initial-public-offering,considered,"
CURRENT-bigdata,business,equity-actions,initial-public-offering-price,,"business,equity-actions,initial-public-offering-price,,"
CURRENT-bigdata,business,equity-actions,investment,,"business,equity-actions,investment,,"
CURRENT-bigdata,business,equity-actions,ownership,,"business,equity-actions,ownership,,"
CURRENT-bigdata,business,equity-actions,ownership,decrease,"business,equity-actions,ownership,decrease,"
CURRENT-bigdata,business,equity-actions,ownership,increase,"business,equity-actions,ownership,increase,"
CURRENT-bigdata,business,equity-actions,public-offering,,"business,equity-actions,public-offering,,"
CURRENT-bigdata,business,equity-actions,public-offering,pricing,"business,equity-actions,public-offering,pricing,"
CURRENT-bigdata,business,equity-actions,reorganization,,"business,equity-actions,reorganization,,"
CURRENT-bigdata,business,equity-actions,reorganization,complete,"business,equity-actions,reorganization,complete,"
CURRENT-bigdata,business,equity-actions,rights-issue,,"business,equity-actions,rights-issue,,"
CURRENT-bigdata,business,equity-actions,savings,,"business,equity-actions,savings,,"
CURRENT-bigdata,business,equity-actions,savings-guidance,,"business,equity-actions,savings-guidance,,"
CURRENT-bigdata,business,equity-actions,secondary-offering,,"business,equity-actions,secondary-offering,,"
CURRENT-bigdata,business,equity-actions,secondary-offering,pricing,"business,equity-actions,secondary-offering,pricing,"
CURRENT-bigdata,business,equity-actions,spin-off,,"business,equity-actions,spin-off,,"
CURRENT-bigdata,business,equity-actions,spin-off,rumor,"business,equity-actions,spin-off,rumor,"
CURRENT-bigdata,business,equity-actions,spin-off-regulation,approval,"business,equity-actions,spin-off-regulation,approval,"
CURRENT-bigdata,business,equity-actions,trading,delisting,"business,equity-actions,trading,delisting,"
CURRENT-bigdata,business,equity-actions,trading,halt,"business,equity-actions,trading,halt,"
CURRENT-bigdata,business,equity-actions,trading,listing,"business,equity-actions,trading,listing,"
CURRENT-bigdata,business,exploration,drilling,,"business,exploration,drilling,,"
CURRENT-bigdata,business,exploration,resource-discovery,,"business,exploration,resource-discovery,,"
CURRENT-bigdata,business,exploration,resource-processing,,"business,exploration,resource-processing,,"
CURRENT-bigdata,business,indexes,index-delisting,,"business,indexes,index-delisting,,"
CURRENT-bigdata,business,indexes,index-listing,,"business,indexes,index-listing,,"
CURRENT-bigdata,business,indexes,index-value,,"business,indexes,index-value,,"
CURRENT-bigdata,business,indexes,index-value,gain,"business,indexes,index-value,gain,"
CURRENT-bigdata,business,indexes,index-value,loss,"business,indexes,index-value,loss,"
CURRENT-bigdata,business,indexes,index-value,unchanged,"business,indexes,index-value,unchanged,"
CURRENT-bigdata,business,industrial-accidents,aircraft-accident,,"business,industrial-accidents,aircraft-accident,,"
CURRENT-bigdata,business,industrial-accidents,automobile-accident,,"business,industrial-accidents,automobile-accident,,"
CURRENT-bigdata,business,industrial-accidents,facility-accident,,"business,industrial-accidents,facility-accident,,"
CURRENT-bigdata,business,industrial-accidents,factory-accident,,"business,industrial-accidents,factory-accident,,"
CURRENT-bigdata,business,industrial-accidents,mine-accident,,"business,industrial-accidents,mine-accident,,"
CURRENT-bigdata,business,industrial-accidents,power-outage,,"business,industrial-accidents,power-outage,,"
CURRENT-bigdata,business,insider-trading,insider-buy,,"business,insider-trading,insider-buy,,"
CURRENT-bigdata,business,insider-trading,insider-sell,,"business,insider-trading,insider-sell,,"
CURRENT-bigdata,business,investor-relations,board-meeting,,"business,investor-relations,board-meeting,,"
CURRENT-bigdata,business,investor-relations,conference-call,,"business,investor-relations,conference-call,,"
CURRENT-bigdata,business,investor-relations,earnings-call,,"business,investor-relations,earnings-call,,"
CURRENT-bigdata,business,investor-relations,investor-day,,"business,investor-relations,investor-day,,"
CURRENT-bigdata,business,investor-relations,shareholders-meeting,,"business,investor-relations,shareholders-meeting,,"
CURRENT-bigdata,business,labor-issues,board-member-appointment,,"business,labor-issues,board-member-appointment,,"
CURRENT-bigdata,business,labor-issues,board-member-health,,"business,labor-issues,board-member-health,,"
CURRENT-bigdata,business,labor-issues,board-member-resignation,,"business,labor-issues,board-member-resignation,,"
CURRENT-bigdata,business,labor-issues,board-member-retirement,,"business,labor-issues,board-member-retirement,,"
CURRENT-bigdata,business,labor-issues,executive-appointment,,"business,labor-issues,executive-appointment,,"
CURRENT-bigdata,business,labor-issues,executive-firing,,"business,labor-issues,executive-firing,,"
CURRENT-bigdata,business,labor-issues,executive-health,,"business,labor-issues,executive-health,,"
CURRENT-bigdata,business,labor-issues,executive-resignation,,"business,labor-issues,executive-resignation,,"
CURRENT-bigdata,business,labor-issues,executive-retirement,,"business,labor-issues,executive-retirement,,"
CURRENT-bigdata,business,labor-issues,executive-salary,,"business,labor-issues,executive-salary,,"
CURRENT-bigdata,business,labor-issues,executive-search,,"business,labor-issues,executive-search,,"
CURRENT-bigdata,business,labor-issues,furlough,,"business,labor-issues,furlough,,"
CURRENT-bigdata,business,labor-issues,gender-pay-gap,,"business,labor-issues,gender-pay-gap,,"
CURRENT-bigdata,business,labor-issues,hirings,,"business,labor-issues,hirings,,"
CURRENT-bigdata,business,labor-issues,layoffs,,"business,labor-issues,layoffs,,"
CURRENT-bigdata,business,labor-issues,workers-strike,,"business,labor-issues,workers-strike,,"
CURRENT-bigdata,business,labor-issues,workforce-salary,increase,"business,labor-issues,workforce-salary,increase,"
CURRENT-bigdata,business,lobbying,corporate-lobbying,,"business,lobbying,corporate-lobbying,,"
CURRENT-bigdata,business,marketing,campaign-ad,release,"business,marketing,campaign-ad,release,"
CURRENT-bigdata,business,marketing,campaign-ad,retired,"business,marketing,campaign-ad,retired,"
CURRENT-bigdata,business,marketing,conference,,"business,marketing,conference,,"
CURRENT-bigdata,business,marketing,press-conference,,"business,marketing,press-conference,,"
CURRENT-bigdata,business,marketing,product-promotion,,"business,marketing,product-promotion,,"
CURRENT-bigdata,business,partnerships,joint-venture,,"business,partnerships,joint-venture,,"
CURRENT-bigdata,business,partnerships,joint-venture,terminated,"business,partnerships,joint-venture,terminated,"
CURRENT-bigdata,business,partnerships,partnership,,"business,partnerships,partnership,,"
CURRENT-bigdata,business,partnerships,partnership,terminated,"business,partnerships,partnership,terminated,"
CURRENT-bigdata,business,price-targets,price-target,downgrade,"business,price-targets,price-target,downgrade,"
CURRENT-bigdata,business,price-targets,price-target,set,"business,price-targets,price-target,set,"
CURRENT-bigdata,business,price-targets,price-target,unchanged,"business,price-targets,price-target,unchanged,"
CURRENT-bigdata,business,price-targets,price-target,upgrade,"business,price-targets,price-target,upgrade,"
CURRENT-bigdata,business,products-services,accelerated-approval-designation,,"business,products-services,accelerated-approval-designation,,"
CURRENT-bigdata,business,products-services,award,,"business,products-services,award,,"
CURRENT-bigdata,business,products-services,breakthrough-therapy-designation,,"business,products-services,breakthrough-therapy-designation,,"
CURRENT-bigdata,business,products-services,business-contract,,"business,products-services,business-contract,,"
CURRENT-bigdata,business,products-services,business-contract,extended,"business,products-services,business-contract,extended,"
CURRENT-bigdata,business,products-services,business-contract,interest,"business,products-services,business-contract,interest,"
CURRENT-bigdata,business,products-services,business-contract,terminated,"business,products-services,business-contract,terminated,"
CURRENT-bigdata,business,products-services,business-contract,terminated-interest,"business,products-services,business-contract,terminated-interest,"
CURRENT-bigdata,business,products-services,business-contract,terms-change,"business,products-services,business-contract,terms-change,"
CURRENT-bigdata,business,products-services,clinical-trials,,"business,products-services,clinical-trials,,"
CURRENT-bigdata,business,products-services,clinical-trials,positive,"business,products-services,clinical-trials,positive,"
CURRENT-bigdata,business,products-services,clinical-trials,suspended,"business,products-services,clinical-trials,suspended,"
CURRENT-bigdata,business,products-services,clinical-trials-patient-enrollment,start,"business,products-services,clinical-trials-patient-enrollment,start,"
CURRENT-bigdata,business,products-services,competition,,"business,products-services,competition,,"
CURRENT-bigdata,business,products-services,demand,,"business,products-services,demand,,"
CURRENT-bigdata,business,products-services,demand,above-expectations,"business,products-services,demand,above-expectations,"
CURRENT-bigdata,business,products-services,demand,decrease,"business,products-services,demand,decrease,"
CURRENT-bigdata,business,products-services,demand,increase,"business,products-services,demand,increase,"
CURRENT-bigdata,business,products-services,demand,unchanged,"business,products-services,demand,unchanged,"
CURRENT-bigdata,business,products-services,demand-guidance,,"business,products-services,demand-guidance,,"
CURRENT-bigdata,business,products-services,demand-guidance,decrease,"business,products-services,demand-guidance,decrease,"
CURRENT-bigdata,business,products-services,demand-guidance,increase,"business,products-services,demand-guidance,increase,"
CURRENT-bigdata,business,products-services,demand-guidance,unchanged,"business,products-services,demand-guidance,unchanged,"
CURRENT-bigdata,business,products-services,emergency-use-authorization-application,,"business,products-services,emergency-use-authorization-application,,"
CURRENT-bigdata,business,products-services,government-contract,,"business,products-services,government-contract,,"
CURRENT-bigdata,business,products-services,government-contract,terminated,"business,products-services,government-contract,terminated,"
CURRENT-bigdata,business,products-services,grant,,"business,products-services,grant,,"
CURRENT-bigdata,business,products-services,market-entry,,"business,products-services,market-entry,,"
CURRENT-bigdata,business,products-services,market-exit,,"business,products-services,market-exit,,"
CURRENT-bigdata,business,products-services,market-guidance,down,"business,products-services,market-guidance,down,"
CURRENT-bigdata,business,products-services,market-guidance,up,"business,products-services,market-guidance,up,"
CURRENT-bigdata,business,products-services,market-share,,"business,products-services,market-share,,"
CURRENT-bigdata,business,products-services,market-share,gain,"business,products-services,market-share,gain,"
CURRENT-bigdata,business,products-services,market-share,loss,"business,products-services,market-share,loss,"
CURRENT-bigdata,business,products-services,market-share-guidance,gain,"business,products-services,market-share-guidance,gain,"
CURRENT-bigdata,business,products-services,new-drug-application,,"business,products-services,new-drug-application,,"
CURRENT-bigdata,business,products-services,new-drug-regulation,approval-denied,"business,products-services,new-drug-regulation,approval-denied,"
CURRENT-bigdata,business,products-services,new-drug-regulation,approval-granted,"business,products-services,new-drug-regulation,approval-granted,"
CURRENT-bigdata,business,products-services,order-backlog,,"business,products-services,order-backlog,,"
CURRENT-bigdata,business,products-services,product-development,,"business,products-services,product-development,,"
CURRENT-bigdata,business,products-services,product-discontinued,,"business,products-services,product-discontinued,,"
CURRENT-bigdata,business,products-services,product-enhancement,,"business,products-services,product-enhancement,,"
CURRENT-bigdata,business,products-services,product-fault,,"business,products-services,product-fault,,"
CURRENT-bigdata,business,products-services,product-outage,,"business,products-services,product-outage,,"
CURRENT-bigdata,business,products-services,product-pricing,,"business,products-services,product-pricing,,"
CURRENT-bigdata,business,products-services,product-pricing,cut,"business,products-services,product-pricing,cut,"
CURRENT-bigdata,business,products-services,product-pricing,raise,"business,products-services,product-pricing,raise,"
CURRENT-bigdata,business,products-services,product-recall,,"business,products-services,product-recall,,"
CURRENT-bigdata,business,products-services,product-release,,"business,products-services,product-release,,"
CURRENT-bigdata,business,products-services,product-release,delayed,"business,products-services,product-release,delayed,"
CURRENT-bigdata,business,products-services,product-resumed,,"business,products-services,product-resumed,,"
CURRENT-bigdata,business,products-services,product-review,comparison,"business,products-services,product-review,comparison,"
CURRENT-bigdata,business,products-services,product-review,positive,"business,products-services,product-review,positive,"
CURRENT-bigdata,business,products-services,product-shortage,,"business,products-services,product-shortage,,"
CURRENT-bigdata,business,products-services,product-support,discontinued,"business,products-services,product-support,discontinued,"
CURRENT-bigdata,business,products-services,project-abandoned,,"business,products-services,project-abandoned,,"
CURRENT-bigdata,business,products-services,project-regulation,halt,"business,products-services,project-regulation,halt,"
CURRENT-bigdata,business,products-services,project-resumed,,"business,products-services,project-resumed,,"
CURRENT-bigdata,business,products-services,regulatory-product-application,,"business,products-services,regulatory-product-application,,"
CURRENT-bigdata,business,products-services,regulatory-product-approval,denied,"business,products-services,regulatory-product-approval,denied,"
CURRENT-bigdata,business,products-services,regulatory-product-approval,granted,"business,products-services,regulatory-product-approval,granted,"
CURRENT-bigdata,business,products-services,supply,,"business,products-services,supply,,"
CURRENT-bigdata,business,products-services,supply,decrease,"business,products-services,supply,decrease,"
CURRENT-bigdata,business,products-services,supply,delayed,"business,products-services,supply,delayed,"
CURRENT-bigdata,business,products-services,supply,increase,"business,products-services,supply,increase,"
CURRENT-bigdata,business,products-services,supply,unchanged,"business,products-services,supply,unchanged,"
CURRENT-bigdata,business,products-services,supply-chain-disruption,,"business,products-services,supply-chain-disruption,,"
CURRENT-bigdata,business,products-services,supply-chain-disruption,warning,"business,products-services,supply-chain-disruption,warning,"
CURRENT-bigdata,business,products-services,supply-chain-undisrupted,,"business,products-services,supply-chain-undisrupted,,"
CURRENT-bigdata,business,products-services,supply-chain-upgrade,,"business,products-services,supply-chain-upgrade,,"
CURRENT-bigdata,business,products-services,supply-guidance,,"business,products-services,supply-guidance,,"
CURRENT-bigdata,business,products-services,supply-guidance,decrease,"business,products-services,supply-guidance,decrease,"
CURRENT-bigdata,business,products-services,supply-guidance,increase,"business,products-services,supply-guidance,increase,"
CURRENT-bigdata,business,provisions,loan-loss-provision,,"business,provisions,loan-loss-provision,,"
CURRENT-bigdata,business,regulatory,regulatory-filing,,"business,regulatory,regulatory-filing,,"
CURRENT-bigdata,business,regulatory,regulatory-investigation,,"business,regulatory,regulatory-investigation,,"
CURRENT-bigdata,business,regulatory,regulatory-investigation,completed,"business,regulatory,regulatory-investigation,completed,"
CURRENT-bigdata,business,revenues,operating-margin,,"business,revenues,operating-margin,,"
CURRENT-bigdata,business,revenues,revenue,,"business,revenues,revenue,,"
CURRENT-bigdata,business,revenues,revenue,above-expectations,"business,revenues,revenue,above-expectations,"
CURRENT-bigdata,business,revenues,revenue,below-expectations,"business,revenues,revenue,below-expectations,"
CURRENT-bigdata,business,revenues,revenue,down,"business,revenues,revenue,down,"
CURRENT-bigdata,business,revenues,revenue,unchanged,"business,revenues,revenue,unchanged,"
CURRENT-bigdata,business,revenues,revenue,up,"business,revenues,revenue,up,"
CURRENT-bigdata,business,revenues,revenue-estimate,,"business,revenues,revenue-estimate,,"
CURRENT-bigdata,business,revenues,revenue-guidance,,"business,revenues,revenue-guidance,,"
CURRENT-bigdata,business,revenues,revenue-guidance,above-expectations,"business,revenues,revenue-guidance,above-expectations,"
CURRENT-bigdata,business,revenues,revenue-guidance,below-expectations,"business,revenues,revenue-guidance,below-expectations,"
CURRENT-bigdata,business,revenues,revenue-guidance,down,"business,revenues,revenue-guidance,down,"
CURRENT-bigdata,business,revenues,revenue-guidance,meet-expectations,"business,revenues,revenue-guidance,meet-expectations,"
CURRENT-bigdata,business,revenues,revenue-guidance,unchanged,"business,revenues,revenue-guidance,unchanged,"
CURRENT-bigdata,business,revenues,revenue-guidance,up,"business,revenues,revenue-guidance,up,"
CURRENT-bigdata,business,revenues,revenue-volume,,"business,revenues,revenue-volume,,"
CURRENT-bigdata,business,revenues,revenue-volume,down,"business,revenues,revenue-volume,down,"
CURRENT-bigdata,business,revenues,revenue-volume,up,"business,revenues,revenue-volume,up,"
CURRENT-bigdata,business,revenues,same-store-sales,,"business,revenues,same-store-sales,,"
CURRENT-bigdata,business,revenues,same-store-sales,down,"business,revenues,same-store-sales,down,"
CURRENT-bigdata,business,revenues,same-store-sales,up,"business,revenues,same-store-sales,up,"
CURRENT-bigdata,business,revenues,same-store-sales-guidance,,"business,revenues,same-store-sales-guidance,,"
CURRENT-bigdata,business,revenues,same-store-sales-guidance,down,"business,revenues,same-store-sales-guidance,down,"
CURRENT-bigdata,business,revenues,same-store-sales-guidance,up,"business,revenues,same-store-sales-guidance,up,"
CURRENT-bigdata,business,stock-picks,stock-pick,,"business,stock-picks,stock-pick,,"
CURRENT-bigdata,business,stock-picks,stock-pick,buy,"business,stock-picks,stock-pick,buy,"
CURRENT-bigdata,business,stock-prices,market-capitalization,,"business,stock-prices,market-capitalization,,"
CURRENT-bigdata,business,stock-prices,market-capitalization,up,"business,stock-prices,market-capitalization,up,"
CURRENT-bigdata,business,stock-prices,stock-price,,"business,stock-prices,stock-price,,"
CURRENT-bigdata,business,stock-prices,stock-price,gain,"business,stock-prices,stock-price,gain,"
CURRENT-bigdata,business,stock-prices,stock-price,loss,"business,stock-prices,stock-price,loss,"
CURRENT-bigdata,business,stock-prices,stock-price-volatility,down,"business,stock-prices,stock-price-volatility,down,"
CURRENT-bigdata,economy,balance-of-payments,exports,,"economy,balance-of-payments,exports,,"
CURRENT-bigdata,economy,balance-of-payments,exports,down,"economy,balance-of-payments,exports,down,"
CURRENT-bigdata,economy,balance-of-payments,exports,up,"economy,balance-of-payments,exports,up,"
CURRENT-bigdata,economy,balance-of-payments,exports-guidance,,"economy,balance-of-payments,exports-guidance,,"
CURRENT-bigdata,economy,balance-of-payments,exports-guidance,down,"economy,balance-of-payments,exports-guidance,down,"
CURRENT-bigdata,economy,balance-of-payments,exports-guidance,unchanged,"economy,balance-of-payments,exports-guidance,unchanged,"
CURRENT-bigdata,economy,balance-of-payments,exports-guidance,up,"economy,balance-of-payments,exports-guidance,up,"
CURRENT-bigdata,economy,balance-of-payments,imports,,"economy,balance-of-payments,imports,,"
CURRENT-bigdata,economy,balance-of-payments,imports,down,"economy,balance-of-payments,imports,down,"
CURRENT-bigdata,economy,balance-of-payments,imports,up,"economy,balance-of-payments,imports,up,"
CURRENT-bigdata,economy,balance-of-payments,imports-guidance,down,"economy,balance-of-payments,imports-guidance,down,"
CURRENT-bigdata,economy,balance-of-payments,trade-balance-deficit,down,"economy,balance-of-payments,trade-balance-deficit,down,"
CURRENT-bigdata,economy,business-activity,business-confidence,below-expectations,"economy,business-activity,business-confidence,below-expectations,"
CURRENT-bigdata,economy,business-activity,business-confidence,down,"economy,business-activity,business-confidence,down,"
CURRENT-bigdata,economy,business-activity,business-confidence,up,"economy,business-activity,business-confidence,up,"
CURRENT-bigdata,economy,consumption,consumer-confidence,,"economy,consumption,consumer-confidence,,"
CURRENT-bigdata,economy,consumption,consumer-confidence,above-expectations,"economy,consumption,consumer-confidence,above-expectations,"
CURRENT-bigdata,economy,consumption,consumer-confidence,down,"economy,consumption,consumer-confidence,down,"
CURRENT-bigdata,economy,consumption,consumer-confidence,unchanged,"economy,consumption,consumer-confidence,unchanged,"
CURRENT-bigdata,economy,consumption,consumer-confidence,up,"economy,consumption,consumer-confidence,up,"
CURRENT-bigdata,economy,consumption,consumer-confidence-guidance,up,"economy,consumption,consumer-confidence-guidance,up,"
CURRENT-bigdata,economy,consumption,consumer-price-index,above-expectations,"economy,consumption,consumer-price-index,above-expectations,"
CURRENT-bigdata,economy,consumption,consumer-price-index,below-expectations,"economy,consumption,consumer-price-index,below-expectations,"
CURRENT-bigdata,economy,consumption,consumer-price-index,down,"economy,consumption,consumer-price-index,down,"
CURRENT-bigdata,economy,consumption,consumer-price-index,up,"economy,consumption,consumer-price-index,up,"
CURRENT-bigdata,economy,consumption,consumer-spending,,"economy,consumption,consumer-spending,,"
CURRENT-bigdata,economy,consumption,consumer-spending,up,"economy,consumption,consumer-spending,up,"
CURRENT-bigdata,economy,consumption,consumer-spending-guidance,,"economy,consumption,consumer-spending-guidance,,"
CURRENT-bigdata,economy,consumption,inflation,,"economy,consumption,inflation,,"
CURRENT-bigdata,economy,consumption,inflation,up,"economy,consumption,inflation,up,"
CURRENT-bigdata,economy,consumption,inflation-guidance,,"economy,consumption,inflation-guidance,,"
CURRENT-bigdata,economy,consumption,retail-sales,,"economy,consumption,retail-sales,,"
CURRENT-bigdata,economy,consumption,retail-sales,below-expectations,"economy,consumption,retail-sales,below-expectations,"
CURRENT-bigdata,economy,consumption,retail-sales,down,"economy,consumption,retail-sales,down,"
CURRENT-bigdata,economy,consumption,retail-sales,up,"economy,consumption,retail-sales,up,"
CURRENT-bigdata,economy,consumption,retail-sales-guidance,up,"economy,consumption,retail-sales-guidance,up,"
CURRENT-bigdata,economy,consumption,vehicle-sales,down,"economy,consumption,vehicle-sales,down,"
CURRENT-bigdata,economy,consumption,vehicle-sales,up,"economy,consumption,vehicle-sales,up,"
CURRENT-bigdata,economy,credit,mortgage-approvals,,"economy,credit,mortgage-approvals,,"
CURRENT-bigdata,economy,credit,sovereign-debt-guidance,up,"economy,credit,sovereign-debt-guidance,up,"
CURRENT-bigdata,economy,credit,sovereign-debt-purchases,,"economy,credit,sovereign-debt-purchases,,"
CURRENT-bigdata,economy,credit,treasury-bill-yield,down,"economy,credit,treasury-bill-yield,down,"
CURRENT-bigdata,economy,credit,treasury-bill-yield,up,"economy,credit,treasury-bill-yield,up,"
CURRENT-bigdata,economy,credit,treasury-bond-price,up,"economy,credit,treasury-bond-price,up,"
CURRENT-bigdata,economy,credit,treasury-bond-yield,unchanged,"economy,credit,treasury-bond-yield,unchanged,"
CURRENT-bigdata,economy,domestic-product,economic-growth,,"economy,domestic-product,economic-growth,,"
CURRENT-bigdata,economy,domestic-product,economic-growth,deceleration,"economy,domestic-product,economic-growth,deceleration,"
CURRENT-bigdata,economy,domestic-product,economic-growth,down,"economy,domestic-product,economic-growth,down,"
CURRENT-bigdata,economy,domestic-product,economic-growth,unchanged,"economy,domestic-product,economic-growth,unchanged,"
CURRENT-bigdata,economy,domestic-product,economic-growth,up,"economy,domestic-product,economic-growth,up,"
CURRENT-bigdata,economy,domestic-product,economic-growth-guidance,,"economy,domestic-product,economic-growth-guidance,,"
CURRENT-bigdata,economy,domestic-product,economic-growth-guidance,deceleration,"economy,domestic-product,economic-growth-guidance,deceleration,"
CURRENT-bigdata,economy,domestic-product,economic-growth-guidance,down,"economy,domestic-product,economic-growth-guidance,down,"
CURRENT-bigdata,economy,domestic-product,economic-growth-guidance,up,"economy,domestic-product,economic-growth-guidance,up,"
CURRENT-bigdata,economy,domestic-product,gross-domestic-product,up,"economy,domestic-product,gross-domestic-product,up,"
CURRENT-bigdata,economy,domestic-product,gross-domestic-product-guidance,down,"economy,domestic-product,gross-domestic-product-guidance,down,"
CURRENT-bigdata,economy,domestic-product,gross-domestic-product-guidance,up,"economy,domestic-product,gross-domestic-product-guidance,up,"
CURRENT-bigdata,economy,domestic-product,real-gross-domestic-product,,"economy,domestic-product,real-gross-domestic-product,,"
CURRENT-bigdata,economy,domestic-product,recession-guidance,,"economy,domestic-product,recession-guidance,,"
CURRENT-bigdata,economy,employment,employment,,"economy,employment,employment,,"
CURRENT-bigdata,economy,employment,employment,above-expectations,"economy,employment,employment,above-expectations,"
CURRENT-bigdata,economy,employment,employment,down,"economy,employment,employment,down,"
CURRENT-bigdata,economy,employment,employment,up,"economy,employment,employment,up,"
CURRENT-bigdata,economy,employment,jobless-claims,down,"economy,employment,jobless-claims,down,"
CURRENT-bigdata,economy,employment,jobless-claims,up,"economy,employment,jobless-claims,up,"
CURRENT-bigdata,economy,employment,unemployment,down,"economy,employment,unemployment,down,"
CURRENT-bigdata,economy,employment,unemployment,unchanged,"economy,employment,unemployment,unchanged,"
CURRENT-bigdata,economy,employment,unemployment,up,"economy,employment,unemployment,up,"
CURRENT-bigdata,economy,foreign-exchange,currency-guidance,,"economy,foreign-exchange,currency-guidance,,"
CURRENT-bigdata,economy,foreign-exchange,currency-rate,,"economy,foreign-exchange,currency-rate,,"
CURRENT-bigdata,economy,housing,builder-confidence,,"economy,housing,builder-confidence,,"
CURRENT-bigdata,economy,housing,house-prices,up,"economy,housing,house-prices,up,"
CURRENT-bigdata,economy,interest-rates,interest-rate,,"economy,interest-rates,interest-rate,,"
CURRENT-bigdata,economy,interest-rates,interest-rate,down,"economy,interest-rates,interest-rate,down,"
CURRENT-bigdata,economy,interest-rates,interest-rate,unchanged,"economy,interest-rates,interest-rate,unchanged,"
CURRENT-bigdata,economy,interest-rates,interest-rate,up,"economy,interest-rates,interest-rate,up,"
CURRENT-bigdata,economy,interest-rates,interest-rate-guidance,,"economy,interest-rates,interest-rate-guidance,,"
CURRENT-bigdata,economy,interest-rates,interest-rate-guidance,down,"economy,interest-rates,interest-rate-guidance,down,"
CURRENT-bigdata,economy,interest-rates,interest-rate-guidance,unchanged,"economy,interest-rates,interest-rate-guidance,unchanged,"
CURRENT-bigdata,economy,interest-rates,interest-rate-guidance,up,"economy,interest-rates,interest-rate-guidance,up,"
CURRENT-bigdata,economy,inventory,inventories,,"economy,inventory,inventories,,"
CURRENT-bigdata,economy,inventory,inventories,down,"economy,inventory,inventories,down,"
CURRENT-bigdata,economy,inventory,inventories,up,"economy,inventory,inventories,up,"
CURRENT-bigdata,economy,production,composite-pmi,up,"economy,production,composite-pmi,up,"
CURRENT-bigdata,economy,production,factory-orders,up,"economy,production,factory-orders,up,"
CURRENT-bigdata,economy,production,industrial-production,below-expectations,"economy,production,industrial-production,below-expectations,"
CURRENT-bigdata,economy,production,manufacturing-pmi,down,"economy,production,manufacturing-pmi,down,"
CURRENT-bigdata,economy,production,manufacturing-pmi,up,"economy,production,manufacturing-pmi,up,"
CURRENT-bigdata,economy,production,producer-price-index,up,"economy,production,producer-price-index,up,"
CURRENT-bigdata,economy,public-finance,central-bank-meeting,,"economy,public-finance,central-bank-meeting,,"
CURRENT-bigdata,economy,public-finance,central-bank-meeting-minutes,,"economy,public-finance,central-bank-meeting-minutes,,"
CURRENT-bigdata,economy,public-finance,defense-budget,,"economy,public-finance,defense-budget,,"
CURRENT-bigdata,economy,public-finance,defense-budget,up,"economy,public-finance,defense-budget,up,"
CURRENT-bigdata,economy,public-finance,public-expenditure,decrease,"economy,public-finance,public-expenditure,decrease,"
CURRENT-bigdata,economy,taxes,anti-dumping-duty,,"economy,taxes,anti-dumping-duty,,"
CURRENT-bigdata,economy,taxes,corporation-tax,,"economy,taxes,corporation-tax,,"
CURRENT-bigdata,economy,taxes,corporation-tax,decrease,"economy,taxes,corporation-tax,decrease,"
CURRENT-bigdata,economy,taxes,export-tax,,"economy,taxes,export-tax,,"
CURRENT-bigdata,economy,taxes,export-tax-guidance,,"economy,taxes,export-tax-guidance,,"
CURRENT-bigdata,economy,taxes,import-tax,,"economy,taxes,import-tax,,"
CURRENT-bigdata,economy,taxes,import-tax,decrease,"economy,taxes,import-tax,decrease,"
CURRENT-bigdata,economy,taxes,import-tax,delayed,"economy,taxes,import-tax,delayed,"
CURRENT-bigdata,economy,taxes,import-tax,exemption,"economy,taxes,import-tax,exemption,"
CURRENT-bigdata,economy,taxes,import-tax,increase,"economy,taxes,import-tax,increase,"
CURRENT-bigdata,economy,taxes,import-tax-guidance,,"economy,taxes,import-tax-guidance,,"
CURRENT-bigdata,economy,taxes,import-tax-guidance,increase,"economy,taxes,import-tax-guidance,increase,"
CURRENT-bigdata,economy,taxes,tax-break,,"economy,taxes,tax-break,,"
CURRENT-bigdata,economy,taxes,tax-break,ended,"economy,taxes,tax-break,ended,"
CURRENT-bigdata,economy,taxes,tax-surcharge,,"economy,taxes,tax-surcharge,,"
CURRENT-bigdata,environment,ecological-impact,net-zero-emissions,target,"environment,ecological-impact,net-zero-emissions,target,"
CURRENT-bigdata,environment,natural-disasters,cold-wave,,"environment,natural-disasters,cold-wave,,"
CURRENT-bigdata,environment,natural-disasters,earthquake,,"environment,natural-disasters,earthquake,,"
CURRENT-bigdata,environment,natural-disasters,hurricane,,"environment,natural-disasters,hurricane,,"
CURRENT-bigdata,environment,natural-disasters,hurricane,warning,"environment,natural-disasters,hurricane,warning,"
CURRENT-bigdata,environment,natural-disasters,ice-storm,,"environment,natural-disasters,ice-storm,,"
CURRENT-bigdata,environment,natural-disasters,storm,,"environment,natural-disasters,storm,,"
CURRENT-bigdata,environment,natural-disasters,wild-fire,,"environment,natural-disasters,wild-fire,,"
CURRENT-bigdata,environment,natural-resources,renewable-energy-consumption-guidance,increase,"environment,natural-resources,renewable-energy-consumption-guidance,increase,"
CURRENT-bigdata,politics,elections,elections,,"politics,elections,elections,,"
CURRENT-bigdata,politics,elections,elections,results,"politics,elections,elections,results,"
CURRENT-bigdata,politics,elections,political-endorsement,,"politics,elections,political-endorsement,,"
CURRENT-bigdata,politics,foreign-relations,diplomatic-visit,,"politics,foreign-relations,diplomatic-visit,,"
CURRENT-bigdata,politics,foreign-relations,intergovernmental-alliance-withdrawal,,"politics,foreign-relations,intergovernmental-alliance-withdrawal,,"
CURRENT-bigdata,politics,foreign-relations,state-visit,,"politics,foreign-relations,state-visit,,"
CURRENT-bigdata,politics,foreign-relations,trade-talks,,"politics,foreign-relations,trade-talks,,"
CURRENT-bigdata,politics,foreign-relations,trade-talks,suspended,"politics,foreign-relations,trade-talks,suspended,"
CURRENT-bigdata,politics,government,congressional-testimony,,"politics,government,congressional-testimony,,"
CURRENT-bigdata,politics,government,government-administration,appointment,"politics,government,government-administration,appointment,"
CURRENT-bigdata,politics,government,government-administration,resignation,"politics,government,government-administration,resignation,"
CURRENT-bigdata,politics,government,government-official,firing,"politics,government,government-official,firing,"
CURRENT-bigdata,politics,government,government-power,deadlock,"politics,government,government-power,deadlock,"
CURRENT-bigdata,politics,government,government-shutdown,,"politics,government,government-shutdown,,"
CURRENT-bigdata,politics,government,government-shutdown,ended,"politics,government,government-shutdown,ended,"
CURRENT-bigdata,politics,government,government-shutdown,threat,"politics,government,government-shutdown,threat,"
CURRENT-bigdata,politics,government,government-treaty,,"politics,government,government-treaty,,"
CURRENT-bigdata,politics,government,government-treaty,terminated,"politics,government,government-treaty,terminated,"
CURRENT-bigdata,politics,government,law-enforcement,resignation,"politics,government,law-enforcement,resignation,"
CURRENT-bigdata,politics,government,official-visit,,"politics,government,official-visit,,"
CURRENT-bigdata,politics,government,presidency,inauguration,"politics,government,presidency,inauguration,"
CURRENT-bigdata,politics,government,presidency,resignation,"politics,government,presidency,resignation,"
CURRENT-bigdata,politics,public-opinion,approval-rating,down,"politics,public-opinion,approval-rating,down,"
CURRENT-bigdata,politics,public-opinion,approval-rating,up,"politics,public-opinion,approval-rating,up,"
CURRENT-bigdata,society,aid,international-aid,,"society,aid,international-aid,,"
CURRENT-bigdata,society,aid,international-aid,suspended,"society,aid,international-aid,suspended,"
CURRENT-bigdata,society,censorship,censorship,,"society,censorship,censorship,,"
CURRENT-bigdata,society,censorship,content-removal,,"society,censorship,content-removal,,"
CURRENT-bigdata,society,civil-unrest,civil-unrest,,"society,civil-unrest,civil-unrest,,"
CURRENT-bigdata,society,civil-unrest,protest,,"society,civil-unrest,protest,,"
CURRENT-bigdata,society,crime,murder,,"society,crime,murder,,"
CURRENT-bigdata,society,crime,robbery,,"society,crime,robbery,,"
CURRENT-bigdata,society,crime,shooting,,"society,crime,shooting,,"
CURRENT-bigdata,society,crime,vandalism,,"society,crime,vandalism,,"
CURRENT-bigdata,society,cyber-security,cyber-attacks,,"society,cyber-security,cyber-attacks,,"
CURRENT-bigdata,society,cyber-security,data-breach,,"society,cyber-security,data-breach,,"
CURRENT-bigdata,society,cyber-security,malware-attack,,"society,cyber-security,malware-attack,,"
CURRENT-bigdata,society,cyber-security,ransomware-attack,,"society,cyber-security,ransomware-attack,,"
CURRENT-bigdata,society,health,disease-cases,down,"society,health,disease-cases,down,"
CURRENT-bigdata,society,health,disease-cases,up,"society,health,disease-cases,up,"
CURRENT-bigdata,society,health,epidemic,,"society,health,epidemic,,"
CURRENT-bigdata,society,health,pandemic,,"society,health,pandemic,,"
CURRENT-bigdata,society,health,vaccination-campaign,,"society,health,vaccination-campaign,,"
CURRENT-bigdata,society,health,vaccination-campaign,suspended,"society,health,vaccination-campaign,suspended,"
CURRENT-bigdata,society,legal,antitrust-investigation,,"society,legal,antitrust-investigation,,"
CURRENT-bigdata,society,legal,antitrust-settlement,,"society,legal,antitrust-settlement,,"
CURRENT-bigdata,society,legal,antitrust-suit,,"society,legal,antitrust-suit,,"
CURRENT-bigdata,society,legal,appeal,,"society,legal,appeal,,"
CURRENT-bigdata,society,legal,copyright-infringement,,"society,legal,copyright-infringement,,"
CURRENT-bigdata,society,legal,corruption,,"society,legal,corruption,,"
CURRENT-bigdata,society,legal,defamation,,"society,legal,defamation,,"
CURRENT-bigdata,society,legal,discrimination,,"society,legal,discrimination,,"
CURRENT-bigdata,society,legal,legal-issues,,"society,legal,legal-issues,,"
CURRENT-bigdata,society,legal,legal-issues,dismissed,"society,legal,legal-issues,dismissed,"
CURRENT-bigdata,society,legal,patent-infringement,,"society,legal,patent-infringement,,"
CURRENT-bigdata,society,legal,price-fixing,,"society,legal,price-fixing,,"
CURRENT-bigdata,society,legal,settlement,,"society,legal,settlement,,"
CURRENT-bigdata,society,legal,verdict,,"society,legal,verdict,,"
CURRENT-bigdata,society,legal,waste-dumping,,"society,legal,waste-dumping,,"
CURRENT-bigdata,society,reputation,apology,,"society,reputation,apology,,"
CURRENT-bigdata,society,reputation,boycott,,"society,reputation,boycott,,"
CURRENT-bigdata,society,reputation,boycott,threat,"society,reputation,boycott,threat,"
CURRENT-bigdata,society,reputation,damage-control,,"society,reputation,damage-control,,"
CURRENT-bigdata,society,reputation,reputation,negative,"society,reputation,reputation,negative,"
CURRENT-bigdata,society,reputation,reputation,positive,"society,reputation,reputation,positive,"
CURRENT-bigdata,society,sanctions,antitrust-fine,,"society,sanctions,antitrust-fine,,"
CURRENT-bigdata,society,sanctions,asset-freeze-guidance,,"society,sanctions,asset-freeze-guidance,,"
CURRENT-bigdata,society,sanctions,embargo,,"society,sanctions,embargo,,"
CURRENT-bigdata,society,sanctions,embargo-guidance,,"society,sanctions,embargo-guidance,,"
CURRENT-bigdata,society,sanctions,labor-conditions-noncompliance-fine,,"society,sanctions,labor-conditions-noncompliance-fine,,"
CURRENT-bigdata,society,sanctions,sanctions,,"society,sanctions,sanctions,,"
CURRENT-bigdata,society,sanctions,sanctions-guidance,,"society,sanctions,sanctions-guidance,,"
CURRENT-bigdata,society,security,explosion,,"society,security,explosion,,"
CURRENT-bigdata,society,security,lockdown,,"society,security,lockdown,,"
CURRENT-bigdata,society,security,state-of-emergency,,"society,security,state-of-emergency,,"
CURRENT-bigdata,society,security,state-of-emergency,extended,"society,security,state-of-emergency,extended,"
CURRENT-bigdata,society,security,weapons-testing,,"society,security,weapons-testing,,"
CURRENT-bigdata,society,social-responsibility,donation,,"society,social-responsibility,donation,,"
CURRENT-bigdata,society,transportation,transportation-disruption,,"society,transportation,transportation-disruption,,"
CURRENT-bigdata,society,war-conflict,bombing,attack,"society,war-conflict,bombing,attack,"
CURRENT-bigdata,society,war-conflict,military-action,,"society,war-conflict,military-action,,"
CURRENT-bigdata,society,war-conflict,military-action,occupation,"society,war-conflict,military-action,occupation,"
CURRENT-bigdata,society,war-conflict,military-action,threat,"society,war-conflict,military-action,threat,"
CURRENT-bigdata,society,war-conflict,peace-process,,"society,war-conflict,peace-process,,"
CURRENT-bigdata,society,war-conflict,terrorism,attack,"society,war-conflict,terrorism,attack,"
CURRENT-bigdata,society,war-conflict,violence,attack,"society,war-conflict,violence,attack,"
CURRENT-bigdata,society,war-conflict,violence,threat,"society,war-conflict,violence,threat,"
