ticker,accession_8k,sec_truth_tier,sec_truth_fy,sec_truth_q,d_outcome,d_fy,d_q,d_source,prior_xbrl_fy,prior_xbrl_q,feature_status,g2_calendar_outcome,g2_calendar_fy,g2_calendar_q,g2_calendar_source,g2_calendar_correct,g2_calendar_changed_vs_d,g2_all_outcome,g2_all_fy,g2_all_q,g2_all_source,g2_all_correct,g2_all_changed_vs_d
ACI,0001646972-23-000033,A,2022,Q4,FAIL_CLOSED,,,rule_g_fail_closed_fy_disagreement_calendar,2022,Q3,ok,AUTO_OK,2022,Q4,rule_g2_calendar_advance_xbrl,true,true,AUTO_OK,2022,Q4,rule_g2_all_advance_xbrl,true,true
ACI,0001646972-23-000051,A,2023,Q1,FAIL_CLOSED,,,rule_g_fail_closed_fy_disagreement_calendar,2022,Q4,ok,AUTO_OK,2023,Q1,rule_g2_calendar_advance_xbrl,true,true,AUTO_OK,2023,Q1,rule_g2_all_advance_xbrl,true,true
ACI,0001646972-23-000071,A,2023,Q2,FAIL_CLOSED,,,rule_f_fail_closed_fy_disagreement,2023,Q1,ok,FAIL_CLOSED,,,rule_f_fail_closed_fy_disagreement,fail_closed,false,AUTO_OK,2023,Q2,rule_g2_all_advance_xbrl,true,true
ACI,0001646972-24-000006,A,2023,Q3,FAIL_CLOSED,,,rule_f_fail_closed_fy_disagreement,2023,Q2,ok,FAIL_CLOSED,,,rule_f_fail_closed_fy_disagreement,fail_closed,false,AUTO_OK,2023,Q3,rule_g2_all_advance_xbrl,true,true
ACI,0001646972-24-000059,A,2023,Q4,FAIL_CLOSED,,,rule_g_fail_closed_fy_disagreement_calendar,2023,Q3,ok,AUTO_OK,2023,Q4,rule_g2_calendar_advance_xbrl,true,true,AUTO_OK,2023,Q4,rule_g2_all_advance_xbrl,true,true
ACI,0001646972-24-000164,A,2024,Q1,FAIL_CLOSED,,,rule_g_fail_closed_fy_disagreement_calendar,2023,Q4,ok,AUTO_OK,2024,Q1,rule_g2_calendar_advance_xbrl,true,true,AUTO_OK,2024,Q1,rule_g2_all_advance_xbrl,true,true
ACI,0001646972-24-000224,A,2024,Q2,FAIL_CLOSED,,,rule_f_fail_closed_fy_disagreement,2024,Q1,ok,FAIL_CLOSED,,,rule_f_fail_closed_fy_disagreement,fail_closed,false,AUTO_OK,2024,Q2,rule_g2_all_advance_xbrl,true,true
ACI,0001646972-25-000007,A,2024,Q3,FAIL_CLOSED,,,rule_f_fail_closed_fy_disagreement,2024,Q2,ok,FAIL_CLOSED,,,rule_f_fail_closed_fy_disagreement,fail_closed,false,AUTO_OK,2024,Q3,rule_g2_all_advance_xbrl,true,true
ACI,0001646972-25-000040,A,2024,Q4,FAIL_CLOSED,,,rule_g_fail_closed_fy_disagreement_calendar,2024,Q3,ok,AUTO_OK,2024,Q4,rule_g2_calendar_advance_xbrl,true,true,AUTO_OK,2024,Q4,rule_g2_all_advance_xbrl,true,true
ACI,0001646972-25-000059,A,2025,Q1,FAIL_CLOSED,,,rule_f_fail_closed_fy_disagreement,2024,Q4,ok,FAIL_CLOSED,,,rule_f_fail_closed_fy_disagreement,fail_closed,false,AUTO_OK,2025,Q1,rule_g2_all_advance_xbrl,true,true
ACI,0001646972-25-000080,A,2025,Q2,FAIL_CLOSED,,,rule_f_fail_closed_fy_disagreement,2025,Q1,ok,FAIL_CLOSED,,,rule_f_fail_closed_fy_disagreement,fail_closed,false,AUTO_OK,2025,Q2,rule_g2_all_advance_xbrl,true,true
ACI,0001646972-26-000007,A,2025,Q3,FAIL_CLOSED,,,rule_f_fail_closed_fy_disagreement,2025,Q2,ok,FAIL_CLOSED,,,rule_f_fail_closed_fy_disagreement,fail_closed,false,AUTO_OK,2025,Q3,rule_g2_all_advance_xbrl,true,true
ACI,0001646972-26-000028,A,2025,Q4,FAIL_CLOSED,,,rule_g_fail_closed_fy_disagreement_calendar,2025,Q3,ok,AUTO_OK,2025,Q4,rule_g2_calendar_advance_xbrl,true,true,AUTO_OK,2025,Q4,rule_g2_all_advance_xbrl,true,true
ANF,0001018840-23-000059,A,2023,Q1,FAIL_CLOSED,,,rule_g_fail_closed_fy_disagreement_calendar,2022,Q4,ok,AUTO_OK,2023,Q1,rule_g2_calendar_advance_xbrl,true,true,AUTO_OK,2023,Q1,rule_g2_all_advance_xbrl,true,true
ANF,0001018840-23-000074,B,2022,Q2,FAIL_CLOSED,,,rule_g_fail_closed_fy_disagreement_calendar,2023,Q1,ok,AUTO_OK,2023,Q2,rule_g2_calendar_advance_xbrl,false,true,AUTO_OK,2023,Q2,rule_g2_all_advance_xbrl,false,true
ANF,0001018840-23-000086,B,2022,Q3,FAIL_CLOSED,,,rule_g_fail_closed_fy_disagreement_calendar,2023,Q2,ok,AUTO_OK,2023,Q3,rule_g2_calendar_advance_xbrl,false,true,AUTO_OK,2023,Q3,rule_g2_all_advance_xbrl,false,true
ANF,0001018840-24-000035,A,2024,Q1,FAIL_CLOSED,,,rule_g_fail_closed_fy_disagreement_calendar,2023,Q4,ok,AUTO_OK,2024,Q1,rule_g2_calendar_advance_xbrl,true,true,AUTO_OK,2024,Q1,rule_g2_all_advance_xbrl,true,true
ANF,0001018840-24-000066,A,2024,Q2,FAIL_CLOSED,,,rule_g_fail_closed_fy_disagreement_calendar,2024,Q1,ok,AUTO_OK,2024,Q2,rule_g2_calendar_advance_xbrl,true,true,AUTO_OK,2024,Q2,rule_g2_all_advance_xbrl,true,true
ANF,0001018840-24-000083,A,2024,Q3,FAIL_CLOSED,,,rule_g_fail_closed_fy_disagreement_calendar,2024,Q2,ok,AUTO_OK,2024,Q3,rule_g2_calendar_advance_xbrl,true,true,AUTO_OK,2024,Q3,rule_g2_all_advance_xbrl,true,true
ANF,0001018840-25-000029,A,2025,Q1,FAIL_CLOSED,,,rule_g_fail_closed_fy_disagreement_calendar,2024,Q4,ok,AUTO_OK,2025,Q1,rule_g2_calendar_advance_xbrl,true,true,AUTO_OK,2025,Q1,rule_g2_all_advance_xbrl,true,true
ANF,0001018840-25-000041,A,2025,Q2,FAIL_CLOSED,,,rule_g_fail_closed_fy_disagreement_calendar,2025,Q1,ok,AUTO_OK,2025,Q2,rule_g2_calendar_advance_xbrl,true,true,AUTO_OK,2025,Q2,rule_g2_all_advance_xbrl,true,true
ANF,0001018840-25-000046,A,2025,Q3,FAIL_CLOSED,,,rule_g_fail_closed_fy_disagreement_calendar,2025,Q2,ok,AUTO_OK,2025,Q3,rule_g2_calendar_advance_xbrl,true,true,AUTO_OK,2025,Q3,rule_g2_all_advance_xbrl,true,true
ASO,0001817358-23-000151,A,2023,Q1,FAIL_CLOSED,,,rule_g_fail_closed_fy_disagreement_calendar,2022,Q4,ok,AUTO_OK,2023,Q1,rule_g2_calendar_advance_xbrl,true,true,AUTO_OK,2023,Q1,rule_g2_all_advance_xbrl,true,true
ASO,0001817358-23-000184,A,2023,Q2,FAIL_CLOSED,,,rule_g_fail_closed_fy_disagreement_calendar,2023,Q1,ok,AUTO_OK,2023,Q2,rule_g2_calendar_advance_xbrl,true,true,AUTO_OK,2023,Q2,rule_g2_all_advance_xbrl,true,true
ASO,0001817358-23-000226,A,2023,Q3,FAIL_CLOSED,,,rule_g_fail_closed_fy_disagreement_calendar,2023,Q2,ok,AUTO_OK,2023,Q3,rule_g2_calendar_advance_xbrl,true,true,AUTO_OK,2023,Q3,rule_g2_all_advance_xbrl,true,true
ASO,0001817358-24-000035,A,2023,Q4,FAIL_CLOSED,,,rule_g_fail_closed_fy_disagreement_calendar,2023,Q3,ok,AUTO_OK,2023,Q4,rule_g2_calendar_advance_xbrl,true,true,AUTO_OK,2023,Q4,rule_g2_all_advance_xbrl,true,true
ASO,0001817358-24-000119,A,2024,Q1,FAIL_CLOSED,,,rule_g_fail_closed_fy_disagreement_calendar,2023,Q4,ok,AUTO_OK,2024,Q1,rule_g2_calendar_advance_xbrl,true,true,AUTO_OK,2024,Q1,rule_g2_all_advance_xbrl,true,true
ASO,0001817358-24-000170,A,2024,Q2,FAIL_CLOSED,,,rule_g_fail_closed_fy_disagreement_calendar,2024,Q1,ok,AUTO_OK,2024,Q2,rule_g2_calendar_advance_xbrl,true,true,AUTO_OK,2024,Q2,rule_g2_all_advance_xbrl,true,true
ASO,0001817358-24-000194,A,2024,Q3,FAIL_CLOSED,,,rule_g_fail_closed_fy_disagreement_calendar,2024,Q2,ok,AUTO_OK,2024,Q3,rule_g2_calendar_advance_xbrl,true,true,AUTO_OK,2024,Q3,rule_g2_all_advance_xbrl,true,true
ASO,0001817358-25-000022,A,2024,Q4,FAIL_CLOSED,,,rule_g_fail_closed_fy_disagreement_calendar,2024,Q3,ok,AUTO_OK,2024,Q4,rule_g2_calendar_advance_xbrl,true,true,AUTO_OK,2024,Q4,rule_g2_all_advance_xbrl,true,true
ASO,0001817358-25-000116,A,2025,Q1,FAIL_CLOSED,,,rule_g_fail_closed_fy_disagreement_calendar,2024,Q4,ok,AUTO_OK,2025,Q1,rule_g2_calendar_advance_xbrl,true,true,AUTO_OK,2025,Q1,rule_g2_all_advance_xbrl,true,true
ASO,0001817358-25-000154,A,2025,Q2,FAIL_CLOSED,,,rule_g_fail_closed_fy_disagreement_calendar,2025,Q1,ok,AUTO_OK,2025,Q2,rule_g2_calendar_advance_xbrl,true,true,AUTO_OK,2025,Q2,rule_g2_all_advance_xbrl,true,true
ASO,0001817358-25-000189,A,2025,Q3,FAIL_CLOSED,,,rule_g_fail_closed_fy_disagreement_calendar,2025,Q2,ok,AUTO_OK,2025,Q3,rule_g2_calendar_advance_xbrl,true,true,AUTO_OK,2025,Q3,rule_g2_all_advance_xbrl,true,true
ASO,0001817358-26-000026,A,2025,Q4,FAIL_CLOSED,,,rule_g_fail_closed_fy_disagreement_calendar,2025,Q3,ok,AUTO_OK,2025,Q4,rule_g2_calendar_advance_xbrl,true,true,AUTO_OK,2025,Q4,rule_g2_all_advance_xbrl,true,true
BJ,0001531152-23-000053,A,2023,Q1,FAIL_CLOSED,,,rule_g_fail_closed_fy_disagreement_calendar,2022,Q4,ok,AUTO_OK,2023,Q1,rule_g2_calendar_advance_xbrl,true,true,AUTO_OK,2023,Q1,rule_g2_all_advance_xbrl,true,true
BJ,0001531152-23-000107,A,2023,Q2,FAIL_CLOSED,,,rule_g_fail_closed_fy_disagreement_calendar,2023,Q1,ok,AUTO_OK,2023,Q2,rule_g2_calendar_advance_xbrl,true,true,AUTO_OK,2023,Q2,rule_g2_all_advance_xbrl,true,true
BJ,0001531152-23-000139,A,2023,Q3,FAIL_CLOSED,,,rule_g_fail_closed_fy_disagreement_calendar,2023,Q2,ok,AUTO_OK,2023,Q3,rule_g2_calendar_advance_xbrl,true,true,AUTO_OK,2023,Q3,rule_g2_all_advance_xbrl,true,true
BJ,0001531152-24-000014,A,2023,Q4,FAIL_CLOSED,,,rule_g_fail_closed_fy_disagreement_calendar,2023,Q3,ok,AUTO_OK,2023,Q4,rule_g2_calendar_advance_xbrl,true,true,AUTO_OK,2023,Q4,rule_g2_all_advance_xbrl,true,true
BJ,0001531152-24-000067,A,2024,Q1,FAIL_CLOSED,,,rule_g_fail_closed_fy_disagreement_calendar,2023,Q4,ok,AUTO_OK,2024,Q1,rule_g2_calendar_advance_xbrl,true,true,AUTO_OK,2024,Q1,rule_g2_all_advance_xbrl,true,true
BJ,0001531152-24-000127,A,2024,Q2,FAIL_CLOSED,,,rule_g_fail_closed_fy_disagreement_calendar,2024,Q1,ok,AUTO_OK,2024,Q2,rule_g2_calendar_advance_xbrl,true,true,AUTO_OK,2024,Q2,rule_g2_all_advance_xbrl,true,true
BJ,0001531152-24-000157,A,2024,Q3,FAIL_CLOSED,,,rule_g_fail_closed_fy_disagreement_calendar,2024,Q2,ok,AUTO_OK,2024,Q3,rule_g2_calendar_advance_xbrl,true,true,AUTO_OK,2024,Q3,rule_g2_all_advance_xbrl,true,true
BJ,0001531152-25-000006,A,2024,Q4,FAIL_CLOSED,,,rule_g_fail_closed_fy_disagreement_calendar,2024,Q3,ok,AUTO_OK,2024,Q4,rule_g2_calendar_advance_xbrl,true,true,AUTO_OK,2024,Q4,rule_g2_all_advance_xbrl,true,true
BJ,0001531152-25-000050,A,2025,Q1,FAIL_CLOSED,,,rule_g_fail_closed_fy_disagreement_calendar,2024,Q4,ok,AUTO_OK,2025,Q1,rule_g2_calendar_advance_xbrl,true,true,AUTO_OK,2025,Q1,rule_g2_all_advance_xbrl,true,true
BJ,0001531152-25-000097,A,2025,Q2,FAIL_CLOSED,,,rule_g_fail_closed_fy_disagreement_calendar,2025,Q1,ok,AUTO_OK,2025,Q2,rule_g2_calendar_advance_xbrl,true,true,AUTO_OK,2025,Q2,rule_g2_all_advance_xbrl,true,true
BJ,0001531152-25-000127,A,2025,Q3,FAIL_CLOSED,,,rule_g_fail_closed_fy_disagreement_calendar,2025,Q2,ok,AUTO_OK,2025,Q3,rule_g2_calendar_advance_xbrl,true,true,AUTO_OK,2025,Q3,rule_g2_all_advance_xbrl,true,true
BJ,0001531152-26-000003,A,2025,Q4,FAIL_CLOSED,,,rule_g_fail_closed_fy_disagreement_calendar,2025,Q3,ok,AUTO_OK,2025,Q4,rule_g2_calendar_advance_xbrl,true,true,AUTO_OK,2025,Q4,rule_g2_all_advance_xbrl,true,true
BOX,0000950170-23-005518,A,2023,Q4,FAIL_CLOSED,,,prior_periodic_projection_no_prior,,,missing_prior,FAIL_CLOSED,,,prior_periodic_projection_no_prior,fail_closed,false,FAIL_CLOSED,,,prior_periodic_projection_no_prior,fail_closed,false
BOX,0000950170-23-024825,A,2024,Q1,AUTO_OK,2024,Q1,prior_periodic_projection_q4_to_q1,2023,Q4,ok,AUTO_OK,2024,Q1,prior_periodic_projection_q4_to_q1,true,false,AUTO_OK,2024,Q1,prior_periodic_projection_q4_to_q1,true,false
BOX,0000950170-23-045064,A,2024,Q2,AUTO_OK,2024,Q2,prior_periodic_projection_q1_to_q2,2024,Q1,ok,AUTO_OK,2024,Q2,prior_periodic_projection_q1_to_q2,true,false,AUTO_OK,2024,Q2,prior_periodic_projection_q1_to_q2,true,false
BOX,0000950170-23-068148,A,2024,Q3,AUTO_OK,2024,Q3,prior_periodic_projection_q2_to_q3,2024,Q2,ok,AUTO_OK,2024,Q3,prior_periodic_projection_q2_to_q3,true,false,AUTO_OK,2024,Q3,prior_periodic_projection_q2_to_q3,true,false
BOX,0000950170-24-025868,A,2024,Q4,AUTO_OK,2024,Q4,prior_periodic_projection_q3_to_q4,2024,Q3,ok,AUTO_OK,2024,Q4,prior_periodic_projection_q3_to_q4,true,false,AUTO_OK,2024,Q4,prior_periodic_projection_q3_to_q4,true,false
BOX,0000950170-24-065181,B,2025,Q1,AUTO_OK,2025,Q1,prior_periodic_projection_q4_to_q1,2024,Q4,ok,AUTO_OK,2025,Q1,prior_periodic_projection_q4_to_q1,true,false,AUTO_OK,2025,Q1,prior_periodic_projection_q4_to_q1,true,false
BOX,0000950170-24-100997,B,2025,Q2,FAIL_CLOSED,,,rule_g_fail_closed_fy_disagreement_calendar,2024,Q1,ok,AUTO_OK,2024,Q2,rule_g2_calendar_advance_xbrl,false,true,AUTO_OK,2024,Q2,rule_g2_all_advance_xbrl,false,true
BOX,0000950170-24-132766,B,2025,Q3,FAIL_CLOSED,,,rule_g_fail_closed_fy_disagreement_calendar,2024,Q2,ok,AUTO_OK,2024,Q3,rule_g2_calendar_advance_xbrl,false,true,AUTO_OK,2024,Q3,rule_g2_all_advance_xbrl,false,true
BOX,0000950170-25-031977,A,2025,Q4,FAIL_CLOSED,,,rule_g_fail_closed_fy_disagreement_calendar,2024,Q3,ok,AUTO_OK,2024,Q4,rule_g2_calendar_advance_xbrl,false,true,AUTO_OK,2024,Q4,rule_g2_all_advance_xbrl,false,true
BOX,0000950170-25-077683,B,2026,Q1,AUTO_OK,2026,Q1,prior_periodic_projection_q4_to_q1,2025,Q4,ok,AUTO_OK,2026,Q1,prior_periodic_projection_q4_to_q1,true,false,AUTO_OK,2026,Q1,prior_periodic_projection_q4_to_q1,true,false
BOX,0000950170-25-111447,B,2026,Q2,FAIL_CLOSED,,,rule_g_fail_closed_fy_disagreement_calendar,2025,Q1,ok,AUTO_OK,2025,Q2,rule_g2_calendar_advance_xbrl,false,true,AUTO_OK,2025,Q2,rule_g2_all_advance_xbrl,false,true
BOX,0001193125-25-305247,B,2026,Q3,FAIL_CLOSED,,,rule_g_fail_closed_fy_disagreement_calendar,2025,Q2,ok,AUTO_OK,2025,Q3,rule_g2_calendar_advance_xbrl,false,true,AUTO_OK,2025,Q3,rule_g2_all_advance_xbrl,false,true
BOX,0001193125-26-088171,A,2026,Q4,FAIL_CLOSED,,,rule_g_fail_closed_fy_disagreement_calendar,2025,Q3,ok,AUTO_OK,2025,Q4,rule_g2_calendar_advance_xbrl,false,true,AUTO_OK,2025,Q4,rule_g2_all_advance_xbrl,false,true
BURL,0000950170-23-024055,A,2023,Q1,FAIL_CLOSED,,,rule_g_fail_closed_fy_disagreement_calendar,2022,Q4,ok,AUTO_OK,2023,Q1,rule_g2_calendar_advance_xbrl,true,true,AUTO_OK,2023,Q1,rule_g2_all_advance_xbrl,true,true
BURL,0000950170-23-044234,A,2023,Q2,FAIL_CLOSED,,,rule_g_fail_closed_fy_disagreement_calendar,2023,Q1,ok,AUTO_OK,2023,Q2,rule_g2_calendar_advance_xbrl,true,true,AUTO_OK,2023,Q2,rule_g2_all_advance_xbrl,true,true
BURL,0000950170-23-065301,A,2023,Q3,FAIL_CLOSED,,,rule_g_fail_closed_fy_disagreement_calendar,2023,Q2,ok,AUTO_OK,2023,Q3,rule_g2_calendar_advance_xbrl,true,true,AUTO_OK,2023,Q3,rule_g2_all_advance_xbrl,true,true
BURL,0000950170-24-027578,A,2023,Q4,FAIL_CLOSED,,,rule_g_fail_closed_fy_disagreement_calendar,2023,Q3,ok,AUTO_OK,2023,Q4,rule_g2_calendar_advance_xbrl,true,true,AUTO_OK,2023,Q4,rule_g2_all_advance_xbrl,true,true
BURL,0000950170-24-066241,A,2024,Q1,FAIL_CLOSED,,,rule_g_fail_closed_fy_disagreement_calendar,2023,Q4,ok,AUTO_OK,2024,Q1,rule_g2_calendar_advance_xbrl,true,true,AUTO_OK,2024,Q1,rule_g2_all_advance_xbrl,true,true
BURL,0000950170-24-101578,A,2024,Q2,FAIL_CLOSED,,,rule_g_fail_closed_fy_disagreement_calendar,2024,Q1,ok,AUTO_OK,2024,Q2,rule_g2_calendar_advance_xbrl,true,true,AUTO_OK,2024,Q2,rule_g2_all_advance_xbrl,true,true
BURL,0000950170-24-130752,A,2024,Q3,FAIL_CLOSED,,,rule_g_fail_closed_fy_disagreement_calendar,2024,Q2,ok,AUTO_OK,2024,Q3,rule_g2_calendar_advance_xbrl,true,true,AUTO_OK,2024,Q3,rule_g2_all_advance_xbrl,true,true
BURL,0000950170-25-034167,A,2024,Q4,FAIL_CLOSED,,,rule_g_fail_closed_fy_disagreement_calendar,2024,Q3,ok,AUTO_OK,2024,Q4,rule_g2_calendar_advance_xbrl,true,true,AUTO_OK,2024,Q4,rule_g2_all_advance_xbrl,true,true
BURL,0000950170-25-078585,A,2025,Q1,FAIL_CLOSED,,,rule_g_fail_closed_fy_disagreement_calendar,2024,Q4,ok,AUTO_OK,2025,Q1,rule_g2_calendar_advance_xbrl,true,true,AUTO_OK,2025,Q1,rule_g2_all_advance_xbrl,true,true
BURL,0001193125-25-294501,A,2025,Q3,FAIL_CLOSED,,,rule_g_fail_closed_fy_disagreement_calendar,2025,Q2,ok,AUTO_OK,2025,Q3,rule_g2_calendar_advance_xbrl,true,true,AUTO_OK,2025,Q3,rule_g2_all_advance_xbrl,true,true
BURL,0001193125-26-092488,A,2025,Q4,FAIL_CLOSED,,,rule_g_fail_closed_fy_disagreement_calendar,2025,Q3,ok,AUTO_OK,2025,Q4,rule_g2_calendar_advance_xbrl,true,true,AUTO_OK,2025,Q4,rule_g2_all_advance_xbrl,true,true
BURL,0001579298-25-000007,A,2025,Q2,FAIL_CLOSED,,,rule_g_fail_closed_fy_disagreement_calendar,2025,Q1,ok,AUTO_OK,2025,Q2,rule_g2_calendar_advance_xbrl,true,true,AUTO_OK,2025,Q2,rule_g2_all_advance_xbrl,true,true
CHWY,0001766502-23-000025,A,2023,Q1,FAIL_CLOSED,,,rule_g_fail_closed_fy_disagreement_calendar,2022,Q4,ok,AUTO_OK,2023,Q1,rule_g2_calendar_advance_xbrl,true,true,AUTO_OK,2023,Q1,rule_g2_all_advance_xbrl,true,true
CHWY,0001766502-23-000036,A,2023,Q2,FAIL_CLOSED,,,rule_g_fail_closed_fy_disagreement_calendar,2023,Q1,ok,AUTO_OK,2023,Q2,rule_g2_calendar_advance_xbrl,true,true,AUTO_OK,2023,Q2,rule_g2_all_advance_xbrl,true,true
CHWY,0001766502-23-000042,A,2023,Q3,FAIL_CLOSED,,,rule_g_fail_closed_fy_disagreement_calendar,2023,Q2,ok,AUTO_OK,2023,Q3,rule_g2_calendar_advance_xbrl,true,true,AUTO_OK,2023,Q3,rule_g2_all_advance_xbrl,true,true
CHWY,0001766502-24-000012,A,2023,Q4,FAIL_CLOSED,,,rule_g_fail_closed_fy_disagreement_calendar,2023,Q3,ok,AUTO_OK,2023,Q4,rule_g2_calendar_advance_xbrl,true,true,AUTO_OK,2023,Q4,rule_g2_all_advance_xbrl,true,true
CHWY,0001766502-24-000018,A,2024,Q1,FAIL_CLOSED,,,rule_g_fail_closed_fy_disagreement_calendar,2023,Q4,ok,AUTO_OK,2024,Q1,rule_g2_calendar_advance_xbrl,true,true,AUTO_OK,2024,Q1,rule_g2_all_advance_xbrl,true,true
CHWY,0001766502-24-000046,A,2024,Q2,FAIL_CLOSED,,,rule_g_fail_closed_fy_disagreement_calendar,2024,Q1,ok,AUTO_OK,2024,Q2,rule_g2_calendar_advance_xbrl,true,true,AUTO_OK,2024,Q2,rule_g2_all_advance_xbrl,true,true
CHWY,0001766502-24-000052,A,2024,Q3,FAIL_CLOSED,,,rule_g_fail_closed_fy_disagreement_calendar,2024,Q2,ok,AUTO_OK,2024,Q3,rule_g2_calendar_advance_xbrl,true,true,AUTO_OK,2024,Q3,rule_g2_all_advance_xbrl,true,true
CHWY,0001766502-25-000013,A,2024,Q4,FAIL_CLOSED,,,rule_g_fail_closed_fy_disagreement_calendar,2024,Q3,ok,AUTO_OK,2024,Q4,rule_g2_calendar_advance_xbrl,true,true,AUTO_OK,2024,Q4,rule_g2_all_advance_xbrl,true,true
CHWY,0001766502-25-000028,A,2025,Q1,FAIL_CLOSED,,,rule_g_fail_closed_fy_disagreement_calendar,2024,Q4,ok,AUTO_OK,2025,Q1,rule_g2_calendar_advance_xbrl,true,true,AUTO_OK,2025,Q1,rule_g2_all_advance_xbrl,true,true
CHWY,0001766502-25-000038,A,2025,Q2,FAIL_CLOSED,,,rule_g_fail_closed_fy_disagreement_calendar,2025,Q1,ok,AUTO_OK,2025,Q2,rule_g2_calendar_advance_xbrl,true,true,AUTO_OK,2025,Q2,rule_g2_all_advance_xbrl,true,true
CHWY,0001766502-25-000058,A,2025,Q3,FAIL_CLOSED,,,rule_g_fail_closed_fy_disagreement_calendar,2025,Q2,ok,AUTO_OK,2025,Q3,rule_g2_calendar_advance_xbrl,true,true,AUTO_OK,2025,Q3,rule_g2_all_advance_xbrl,true,true
CHWY,0001766502-26-000033,A,2025,Q4,FAIL_CLOSED,,,rule_g_fail_closed_fy_disagreement_calendar,2025,Q3,ok,AUTO_OK,2025,Q4,rule_g2_calendar_advance_xbrl,true,true,AUTO_OK,2025,Q4,rule_g2_all_advance_xbrl,true,true
CNM,0001856525-23-000031,A,2023,Q1,FAIL_CLOSED,,,rule_g_fail_closed_fy_disagreement_calendar,2022,Q4,ok,AUTO_OK,2023,Q1,rule_g2_calendar_advance_xbrl,true,true,AUTO_OK,2023,Q1,rule_g2_all_advance_xbrl,true,true
CNM,0001856525-23-000041,A,2023,Q2,FAIL_CLOSED,,,rule_g_fail_closed_fy_disagreement_calendar,2023,Q1,ok,AUTO_OK,2023,Q2,rule_g2_calendar_advance_xbrl,true,true,AUTO_OK,2023,Q2,rule_g2_all_advance_xbrl,true,true
CNM,0001856525-23-000048,A,2023,Q3,FAIL_CLOSED,,,rule_g_fail_closed_fy_disagreement_calendar,2023,Q2,ok,AUTO_OK,2023,Q3,rule_g2_calendar_advance_xbrl,true,true,AUTO_OK,2023,Q3,rule_g2_all_advance_xbrl,true,true
CNM,0001856525-24-000035,A,2023,Q4,FAIL_CLOSED,,,rule_g_fail_closed_fy_disagreement_calendar,2023,Q3,ok,AUTO_OK,2023,Q4,rule_g2_calendar_advance_xbrl,true,true,AUTO_OK,2023,Q4,rule_g2_all_advance_xbrl,true,true
CNM,0001856525-24-000071,A,2024,Q1,FAIL_CLOSED,,,rule_g_fail_closed_fy_disagreement_calendar,2023,Q4,ok,AUTO_OK,2024,Q1,rule_g2_calendar_advance_xbrl,true,true,AUTO_OK,2024,Q1,rule_g2_all_advance_xbrl,true,true
CNM,0001856525-24-000110,A,2024,Q2,FAIL_CLOSED,,,rule_g_fail_closed_fy_disagreement_calendar,2024,Q1,ok,AUTO_OK,2024,Q2,rule_g2_calendar_advance_xbrl,true,true,AUTO_OK,2024,Q2,rule_g2_all_advance_xbrl,true,true
CNM,0001856525-24-000117,A,2024,Q3,FAIL_CLOSED,,,rule_g_fail_closed_fy_disagreement_calendar,2024,Q2,ok,AUTO_OK,2024,Q3,rule_g2_calendar_advance_xbrl,true,true,AUTO_OK,2024,Q3,rule_g2_all_advance_xbrl,true,true
CNM,0001856525-25-000080,B,2024,Q4,FAIL_CLOSED,,,rule_g_fail_closed_fy_disagreement_calendar,2024,Q3,ok,AUTO_OK,2024,Q4,rule_g2_calendar_advance_xbrl,true,true,AUTO_OK,2024,Q4,rule_g2_all_advance_xbrl,true,true
CNM,0001856525-25-000115,A,2025,Q1,FAIL_CLOSED,,,rule_g_fail_closed_fy_disagreement_calendar,2023,Q4,ok,AUTO_OK,2024,Q1,rule_g2_calendar_advance_xbrl,false,true,AUTO_OK,2024,Q1,rule_g2_all_advance_xbrl,false,true
CNM,0001856525-25-000172,A,2025,Q2,FAIL_CLOSED,,,rule_g_fail_closed_fy_disagreement_calendar,2025,Q1,ok,AUTO_OK,2025,Q2,rule_g2_calendar_advance_xbrl,true,true,AUTO_OK,2025,Q2,rule_g2_all_advance_xbrl,true,true
CNM,0001856525-25-000178,A,2025,Q3,FAIL_CLOSED,,,rule_g_fail_closed_fy_disagreement_calendar,2025,Q2,ok,AUTO_OK,2025,Q3,rule_g2_calendar_advance_xbrl,true,true,AUTO_OK,2025,Q3,rule_g2_all_advance_xbrl,true,true
CNM,0001856525-26-000030,B,2025,Q4,FAIL_CLOSED,,,rule_g_fail_closed_fy_disagreement_calendar,2025,Q3,ok,AUTO_OK,2025,Q4,rule_g2_calendar_advance_xbrl,true,true,AUTO_OK,2025,Q4,rule_g2_all_advance_xbrl,true,true
DKS,0001089063-23-000081,A,2023,Q1,FAIL_CLOSED,,,rule_g_fail_closed_fy_disagreement_calendar,2022,Q4,ok,AUTO_OK,2023,Q1,rule_g2_calendar_advance_xbrl,true,true,AUTO_OK,2023,Q1,rule_g2_all_advance_xbrl,true,true
DKS,0001089063-23-000122,B,2023,Q1,FAIL_CLOSED,,,rule_g_fail_closed_fy_disagreement_calendar,2023,Q1,ok,AUTO_OK,2023,Q2,rule_g2_calendar_advance_xbrl,false,true,AUTO_OK,2023,Q2,rule_g2_all_advance_xbrl,false,true
DKS,0001089063-23-000143,B,2022,Q3,FAIL_CLOSED,,,rule_g_fail_closed_fy_disagreement_calendar,2023,Q2,ok,AUTO_OK,2023,Q3,rule_g2_calendar_advance_xbrl,false,true,AUTO_OK,2023,Q3,rule_g2_all_advance_xbrl,false,true
DKS,0001089063-24-000011,A,2023,Q4,FAIL_CLOSED,,,rule_g_fail_closed_fy_disagreement_calendar,2023,Q3,ok,AUTO_OK,2023,Q4,rule_g2_calendar_advance_xbrl,true,true,AUTO_OK,2023,Q4,rule_g2_all_advance_xbrl,true,true
DKS,0001089063-24-000066,B,2023,Q1,FAIL_CLOSED,,,rule_g_fail_closed_fy_disagreement_calendar,2023,Q4,ok,AUTO_OK,2024,Q1,rule_g2_calendar_advance_xbrl,false,true,AUTO_OK,2024,Q1,rule_g2_all_advance_xbrl,false,true
DKS,0001089063-24-000109,B,2023,Q1,FAIL_CLOSED,,,rule_g_fail_closed_fy_disagreement_calendar,2024,Q1,ok,AUTO_OK,2024,Q2,rule_g2_calendar_advance_xbrl,false,true,AUTO_OK,2024,Q2,rule_g2_all_advance_xbrl,false,true
DKS,0001089063-24-000118,B,2023,Q1,FAIL_CLOSED,,,rule_g_fail_closed_fy_disagreement_calendar,2024,Q2,ok,AUTO_OK,2024,Q3,rule_g2_calendar_advance_xbrl,false,true,AUTO_OK,2024,Q3,rule_g2_all_advance_xbrl,false,true
DKS,0001089063-25-000010,A,2024,Q4,FAIL_CLOSED,,,rule_g_fail_closed_fy_disagreement_calendar,2024,Q3,ok,AUTO_OK,2024,Q4,rule_g2_calendar_advance_xbrl,true,true,AUTO_OK,2024,Q4,rule_g2_all_advance_xbrl,true,true
DKS,0001089063-25-000057,C,2025,Q1,FAIL_CLOSED,,,rule_g_fail_closed_fy_disagreement_calendar,2024,Q4,ok,AUTO_OK,2025,Q1,rule_g2_calendar_advance_xbrl,excluded,true,AUTO_OK,2025,Q1,rule_g2_all_advance_xbrl,excluded,true
DKS,0001089063-25-000105,C,2025,Q2,FAIL_CLOSED,,,rule_g_fail_closed_fy_disagreement_calendar,2025,Q1,ok,AUTO_OK,2025,Q2,rule_g2_calendar_advance_xbrl,excluded,true,AUTO_OK,2025,Q2,rule_g2_all_advance_xbrl,excluded,true
DKS,0001089063-26-000005,A,2025,Q4,FAIL_CLOSED,,,rule_g_fail_closed_fy_disagreement_calendar,2025,Q3,ok,AUTO_OK,2025,Q4,rule_g2_calendar_advance_xbrl,true,true,AUTO_OK,2025,Q4,rule_g2_all_advance_xbrl,true,true
DKS,0001193125-25-120243,A,2025,Q1,FAIL_CLOSED,,,rule_g_fail_closed_fy_disagreement_calendar,2024,Q4,ok,AUTO_OK,2025,Q1,rule_g2_calendar_advance_xbrl,true,true,AUTO_OK,2025,Q1,rule_g2_all_advance_xbrl,true,true
DLTR,0000935703-23-000030,A,2023,Q1,FAIL_CLOSED,,,rule_g_fail_closed_fy_disagreement_calendar,2022,Q4,ok,AUTO_OK,2023,Q1,rule_g2_calendar_advance_xbrl,true,true,AUTO_OK,2023,Q1,rule_g2_all_advance_xbrl,true,true
DLTR,0000935703-23-000048,A,2023,Q2,FAIL_CLOSED,,,rule_g_fail_closed_fy_disagreement_calendar,2023,Q1,ok,AUTO_OK,2023,Q2,rule_g2_calendar_advance_xbrl,true,true,AUTO_OK,2023,Q2,rule_g2_all_advance_xbrl,true,true
DLTR,0000935703-23-000062,A,2023,Q3,FAIL_CLOSED,,,rule_g_fail_closed_fy_disagreement_calendar,2023,Q2,ok,AUTO_OK,2023,Q3,rule_g2_calendar_advance_xbrl,true,true,AUTO_OK,2023,Q3,rule_g2_all_advance_xbrl,true,true
DLTR,0000935703-24-000007,A,2023,Q4,FAIL_CLOSED,,,rule_g_fail_closed_fy_disagreement_calendar,2023,Q3,ok,AUTO_OK,2023,Q4,rule_g2_calendar_advance_xbrl,true,true,AUTO_OK,2023,Q4,rule_g2_all_advance_xbrl,true,true
DLTR,0000935703-24-000026,A,2024,Q1,FAIL_CLOSED,,,rule_g_fail_closed_fy_disagreement_calendar,2023,Q4,ok,AUTO_OK,2024,Q1,rule_g2_calendar_advance_xbrl,true,true,AUTO_OK,2024,Q1,rule_g2_all_advance_xbrl,true,true
DLTR,0000935703-24-000039,A,2024,Q2,FAIL_CLOSED,,,rule_g_fail_closed_fy_disagreement_calendar,2024,Q1,ok,AUTO_OK,2024,Q2,rule_g2_calendar_advance_xbrl,true,true,AUTO_OK,2024,Q2,rule_g2_all_advance_xbrl,true,true
DLTR,0000935703-24-000057,A,2024,Q3,FAIL_CLOSED,,,rule_g_fail_closed_fy_disagreement_calendar,2024,Q2,ok,AUTO_OK,2024,Q3,rule_g2_calendar_advance_xbrl,true,true,AUTO_OK,2024,Q3,rule_g2_all_advance_xbrl,true,true
DLTR,0000935703-25-000012,A,2024,Q4,FAIL_CLOSED,,,rule_g_fail_closed_fy_disagreement_calendar,2024,Q3,ok,AUTO_OK,2024,Q4,rule_g2_calendar_advance_xbrl,true,true,AUTO_OK,2024,Q4,rule_g2_all_advance_xbrl,true,true
DLTR,0000935703-25-000024,A,2025,Q1,FAIL_CLOSED,,,rule_g_fail_closed_fy_disagreement_calendar,2024,Q4,ok,AUTO_OK,2025,Q1,rule_g2_calendar_advance_xbrl,true,true,AUTO_OK,2025,Q1,rule_g2_all_advance_xbrl,true,true
DLTR,0000935703-25-000060,A,2025,Q2,FAIL_CLOSED,,,rule_g_fail_closed_fy_disagreement_calendar,2025,Q1,ok,AUTO_OK,2025,Q2,rule_g2_calendar_advance_xbrl,true,true,AUTO_OK,2025,Q2,rule_g2_all_advance_xbrl,true,true
DLTR,0000935703-25-000104,A,2025,Q3,FAIL_CLOSED,,,rule_g_fail_closed_fy_disagreement_calendar,2025,Q2,ok,AUTO_OK,2025,Q3,rule_g2_calendar_advance_xbrl,true,true,AUTO_OK,2025,Q3,rule_g2_all_advance_xbrl,true,true
DLTR,0000935703-26-000024,A,2025,Q4,FAIL_CLOSED,,,rule_g_fail_closed_fy_disagreement_calendar,2025,Q3,ok,AUTO_OK,2025,Q4,rule_g2_calendar_advance_xbrl,true,true,AUTO_OK,2025,Q4,rule_g2_all_advance_xbrl,true,true
FIVE,0001177609-23-000012,A,2023,Q1,FAIL_CLOSED,,,rule_g_fail_closed_fy_disagreement_calendar,2022,Q4,ok,AUTO_OK,2023,Q1,rule_g2_calendar_advance_xbrl,true,true,AUTO_OK,2023,Q1,rule_g2_all_advance_xbrl,true,true
FIVE,0001177609-23-000020,A,2023,Q2,FAIL_CLOSED,,,rule_g_fail_closed_fy_disagreement_calendar,2023,Q1,ok,AUTO_OK,2023,Q2,rule_g2_calendar_advance_xbrl,true,true,AUTO_OK,2023,Q2,rule_g2_all_advance_xbrl,true,true
FIVE,0001177609-23-000025,A,2023,Q3,FAIL_CLOSED,,,rule_g_fail_closed_fy_disagreement_calendar,2023,Q2,ok,AUTO_OK,2023,Q3,rule_g2_calendar_advance_xbrl,true,true,AUTO_OK,2023,Q3,rule_g2_all_advance_xbrl,true,true
FIVE,0001177609-24-000005,A,2023,Q4,FAIL_CLOSED,,,rule_g_fail_closed_fy_disagreement_calendar,2023,Q3,ok,AUTO_OK,2023,Q4,rule_g2_calendar_advance_xbrl,true,true,AUTO_OK,2023,Q4,rule_g2_all_advance_xbrl,true,true
FIVE,0001177609-24-000011,A,2024,Q1,FAIL_CLOSED,,,rule_g_fail_closed_fy_disagreement_calendar,2023,Q4,ok,AUTO_OK,2024,Q1,rule_g2_calendar_advance_xbrl,true,true,AUTO_OK,2024,Q1,rule_g2_all_advance_xbrl,true,true
FIVE,0001177609-24-000020,A,2024,Q2,FAIL_CLOSED,,,rule_g_fail_closed_fy_disagreement_calendar,2024,Q1,ok,AUTO_OK,2024,Q2,rule_g2_calendar_advance_xbrl,true,true,AUTO_OK,2024,Q2,rule_g2_all_advance_xbrl,true,true
FIVE,0001177609-24-000029,A,2024,Q3,FAIL_CLOSED,,,rule_g_fail_closed_fy_disagreement_calendar,2024,Q2,ok,AUTO_OK,2024,Q3,rule_g2_calendar_advance_xbrl,true,true,AUTO_OK,2024,Q3,rule_g2_all_advance_xbrl,true,true
FIVE,0001177609-25-000006,A,2024,Q4,FAIL_CLOSED,,,rule_g_fail_closed_fy_disagreement_calendar,2024,Q3,ok,AUTO_OK,2024,Q4,rule_g2_calendar_advance_xbrl,true,true,AUTO_OK,2024,Q4,rule_g2_all_advance_xbrl,true,true
FIVE,0001177609-25-000019,A,2025,Q1,FAIL_CLOSED,,,rule_g_fail_closed_fy_disagreement_calendar,2024,Q4,ok,AUTO_OK,2025,Q1,rule_g2_calendar_advance_xbrl,true,true,AUTO_OK,2025,Q1,rule_g2_all_advance_xbrl,true,true
FIVE,0001177609-25-000037,A,2025,Q2,FAIL_CLOSED,,,rule_g_fail_closed_fy_disagreement_calendar,2025,Q1,ok,AUTO_OK,2025,Q2,rule_g2_calendar_advance_xbrl,true,true,AUTO_OK,2025,Q2,rule_g2_all_advance_xbrl,true,true
FIVE,0001177609-25-000048,A,2025,Q3,FAIL_CLOSED,,,rule_g_fail_closed_fy_disagreement_calendar,2025,Q2,ok,AUTO_OK,2025,Q3,rule_g2_calendar_advance_xbrl,true,true,AUTO_OK,2025,Q3,rule_g2_all_advance_xbrl,true,true
FIVE,0001177609-26-000006,A,2025,Q4,FAIL_CLOSED,,,rule_g_fail_closed_fy_disagreement_calendar,2025,Q3,ok,AUTO_OK,2025,Q4,rule_g2_calendar_advance_xbrl,true,true,AUTO_OK,2025,Q4,rule_g2_all_advance_xbrl,true,true
GBX,0001193125-23-002899,A,2023,Q1,FAIL_CLOSED,,,prior_periodic_projection_no_prior,,,missing_prior,FAIL_CLOSED,,,prior_periodic_projection_no_prior,fail_closed,false,FAIL_CLOSED,,,prior_periodic_projection_no_prior,fail_closed,false
GBX,0001193125-23-076173,A,2023,Q2,AUTO_OK,2023,Q2,prior_periodic_projection_q1_to_q2,2023,Q1,ok,AUTO_OK,2023,Q2,prior_periodic_projection_q1_to_q2,true,false,AUTO_OK,2023,Q2,prior_periodic_projection_q1_to_q2,true,false
GBX,0001193125-23-095751,unclear,,,AUTO_OK,2023,Q2,prior_periodic_projection_q1_to_q2,2023,Q1,ok,AUTO_OK,2023,Q2,prior_periodic_projection_q1_to_q2,excluded,false,AUTO_OK,2023,Q2,prior_periodic_projection_q1_to_q2,excluded,false
GBX,0001193125-23-177953,A,2023,Q3,AUTO_OK,2023,Q3,prior_periodic_projection_q2_to_q3,2023,Q2,ok,AUTO_OK,2023,Q3,prior_periodic_projection_q2_to_q3,true,false,AUTO_OK,2023,Q3,prior_periodic_projection_q2_to_q3,true,false
GBX,0001193125-23-239025,A,2023,Q4,AUTO_OK,2023,Q4,prior_periodic_projection_q3_to_q4,2023,Q3,ok,AUTO_OK,2023,Q4,prior_periodic_projection_q3_to_q4,true,false,AUTO_OK,2023,Q4,prior_periodic_projection_q3_to_q4,true,false
GBX,0001193125-23-262210,A,2023,Q4,AUTO_OK,2023,Q4,prior_periodic_projection_q3_to_q4,2023,Q3,ok,AUTO_OK,2023,Q4,prior_periodic_projection_q3_to_q4,true,false,AUTO_OK,2023,Q4,prior_periodic_projection_q3_to_q4,true,false
GBX,0001193125-24-002907,A,2024,Q1,AUTO_OK,2024,Q1,prior_periodic_projection_q4_to_q1,2023,Q4,ok,AUTO_OK,2024,Q1,prior_periodic_projection_q4_to_q1,true,false,AUTO_OK,2024,Q1,prior_periodic_projection_q4_to_q1,true,false
GBX,0001193125-24-087960,A,2024,Q2,AUTO_OK,2024,Q2,prior_periodic_projection_q1_to_q2,2024,Q1,ok,AUTO_OK,2024,Q2,prior_periodic_projection_q1_to_q2,true,false,AUTO_OK,2024,Q2,prior_periodic_projection_q1_to_q2,true,false
GBX,0001193125-24-175952,A,2024,Q3,AUTO_OK,2024,Q3,prior_periodic_projection_q2_to_q3,2024,Q2,ok,AUTO_OK,2024,Q3,prior_periodic_projection_q2_to_q3,true,false,AUTO_OK,2024,Q3,prior_periodic_projection_q2_to_q3,true,false
GBX,0001193125-24-241871,A,2024,Q4,AUTO_OK,2024,Q4,prior_periodic_projection_q3_to_q4,2024,Q3,ok,AUTO_OK,2024,Q4,prior_periodic_projection_q3_to_q4,true,false,AUTO_OK,2024,Q4,prior_periodic_projection_q3_to_q4,true,false
GBX,0001193125-25-003515,A,2025,Q1,AUTO_OK,2025,Q1,prior_periodic_projection_q4_to_q1,2024,Q4,ok,AUTO_OK,2025,Q1,prior_periodic_projection_q4_to_q1,true,false,AUTO_OK,2025,Q1,prior_periodic_projection_q4_to_q1,true,false
GBX,0001193125-25-074671,A,2025,Q2,AUTO_OK,2025,Q2,prior_periodic_projection_q1_to_q2,2025,Q1,ok,AUTO_OK,2025,Q2,prior_periodic_projection_q1_to_q2,true,false,AUTO_OK,2025,Q2,prior_periodic_projection_q1_to_q2,true,false
GBX,0001193125-25-154013,A,2025,Q3,AUTO_OK,2025,Q3,prior_periodic_projection_q2_to_q3,2025,Q2,ok,AUTO_OK,2025,Q3,prior_periodic_projection_q2_to_q3,true,false,AUTO_OK,2025,Q3,prior_periodic_projection_q2_to_q3,true,false
GBX,0001193125-25-253533,A,2025,Q4,AUTO_OK,2025,Q4,prior_periodic_projection_q3_to_q4,2025,Q3,ok,AUTO_OK,2025,Q4,prior_periodic_projection_q3_to_q4,true,false,AUTO_OK,2025,Q4,prior_periodic_projection_q3_to_q4,true,false
GBX,0001193125-26-145584,A,2026,Q2,FAIL_CLOSED,,,rule_g_fail_closed_fy_disagreement_calendar,2025,Q1,ok,AUTO_OK,2025,Q2,rule_g2_calendar_advance_xbrl,false,true,AUTO_OK,2025,Q2,rule_g2_all_advance_xbrl,false,true
GIII,0001104659-25-119484,B,2026,Q3,FAIL_CLOSED,,,rule_g_fail_closed_fy_disagreement_calendar,2025,Q2,ok,AUTO_OK,2025,Q3,rule_g2_calendar_advance_xbrl,false,true,AUTO_OK,2025,Q3,rule_g2_all_advance_xbrl,false,true
GIII,0001104659-26-026716,B,2026,Q4,FAIL_CLOSED,,,rule_g_fail_closed_fy_disagreement_calendar,2025,Q3,ok,AUTO_OK,2025,Q4,rule_g2_calendar_advance_xbrl,false,true,AUTO_OK,2025,Q4,rule_g2_all_advance_xbrl,false,true
GIII,0001558370-23-010823,B,2024,Q1,FAIL_CLOSED,,,rule_g_fail_closed_fy_disagreement_calendar,2022,Q4,ok,AUTO_OK,2023,Q1,rule_g2_calendar_advance_xbrl,false,true,AUTO_OK,2023,Q1,rule_g2_all_advance_xbrl,false,true
GIII,0001558370-23-015527,B,2024,Q2,FAIL_CLOSED,,,rule_g_fail_closed_fy_disagreement_calendar,2023,Q1,ok,AUTO_OK,2023,Q2,rule_g2_calendar_advance_xbrl,false,true,AUTO_OK,2023,Q2,rule_g2_all_advance_xbrl,false,true
GIII,0001558370-23-019455,B,2024,Q3,FAIL_CLOSED,,,rule_g_fail_closed_fy_disagreement_calendar,2023,Q2,ok,AUTO_OK,2023,Q3,rule_g2_calendar_advance_xbrl,false,true,AUTO_OK,2023,Q3,rule_g2_all_advance_xbrl,false,true
GIII,0001558370-24-003166,B,2024,Q4,FAIL_CLOSED,,,rule_g_fail_closed_fy_disagreement_calendar,2023,Q3,ok,AUTO_OK,2023,Q4,rule_g2_calendar_advance_xbrl,false,true,AUTO_OK,2023,Q4,rule_g2_all_advance_xbrl,false,true
GIII,0001558370-24-008936,B,2025,Q1,FAIL_CLOSED,,,rule_g_fail_closed_fy_disagreement_calendar,2023,Q4,ok,AUTO_OK,2024,Q1,rule_g2_calendar_advance_xbrl,false,true,AUTO_OK,2024,Q1,rule_g2_all_advance_xbrl,false,true
GIII,0001558370-24-012596,B,2025,Q2,FAIL_CLOSED,,,rule_g_fail_closed_fy_disagreement_calendar,2024,Q1,ok,AUTO_OK,2024,Q2,rule_g2_calendar_advance_xbrl,false,true,AUTO_OK,2024,Q2,rule_g2_all_advance_xbrl,false,true
GIII,0001558370-24-016107,B,2025,Q3,FAIL_CLOSED,,,rule_g_fail_closed_fy_disagreement_calendar,2024,Q2,ok,AUTO_OK,2024,Q3,rule_g2_calendar_advance_xbrl,false,true,AUTO_OK,2024,Q3,rule_g2_all_advance_xbrl,false,true
GIII,0001558370-25-002854,B,2025,Q4,FAIL_CLOSED,,,rule_g_fail_closed_fy_disagreement_calendar,2024,Q3,ok,AUTO_OK,2024,Q4,rule_g2_calendar_advance_xbrl,false,true,AUTO_OK,2024,Q4,rule_g2_all_advance_xbrl,false,true
GIII,0001558370-25-008460,B,2026,Q1,FAIL_CLOSED,,,rule_g_fail_closed_fy_disagreement_calendar,2024,Q4,ok,AUTO_OK,2025,Q1,rule_g2_calendar_advance_xbrl,false,true,AUTO_OK,2025,Q1,rule_g2_all_advance_xbrl,false,true
GIII,0001558370-25-011862,B,2026,Q2,FAIL_CLOSED,,,rule_g_fail_closed_fy_disagreement_calendar,2025,Q1,ok,AUTO_OK,2025,Q2,rule_g2_calendar_advance_xbrl,false,true,AUTO_OK,2025,Q2,rule_g2_all_advance_xbrl,false,true
GME,0001193125-23-162572,A,2023,Q1,FAIL_CLOSED,,,rule_g_fail_closed_fy_disagreement_calendar,2022,Q4,ok,AUTO_OK,2023,Q1,rule_g2_calendar_advance_xbrl,true,true,AUTO_OK,2023,Q1,rule_g2_all_advance_xbrl,true,true
GME,0001193125-24-156615,A,2024,Q1,FAIL_CLOSED,,,rule_g_fail_closed_fy_disagreement_calendar,2023,Q4,ok,AUTO_OK,2024,Q1,rule_g2_calendar_advance_xbrl,true,true,AUTO_OK,2024,Q1,rule_g2_all_advance_xbrl,true,true
GME,0001326380-23-000045,A,2023,Q2,FAIL_CLOSED,,,rule_g_fail_closed_fy_disagreement_calendar,2023,Q1,ok,AUTO_OK,2023,Q2,rule_g2_calendar_advance_xbrl,true,true,AUTO_OK,2023,Q2,rule_g2_all_advance_xbrl,true,true
GME,0001326380-23-000061,A,2023,Q3,FAIL_CLOSED,,,rule_g_fail_closed_fy_disagreement_calendar,2023,Q2,ok,AUTO_OK,2023,Q3,rule_g2_calendar_advance_xbrl,true,true,AUTO_OK,2023,Q3,rule_g2_all_advance_xbrl,true,true
GME,0001326380-24-000011,A,2023,Q4,FAIL_CLOSED,,,rule_g_fail_closed_fy_disagreement_calendar,2023,Q3,ok,AUTO_OK,2023,Q4,rule_g2_calendar_advance_xbrl,true,true,AUTO_OK,2023,Q4,rule_g2_all_advance_xbrl,true,true
GME,0001326380-24-000107,A,2024,Q2,FAIL_CLOSED,,,rule_g_fail_closed_fy_disagreement_calendar,2024,Q1,ok,AUTO_OK,2024,Q2,rule_g2_calendar_advance_xbrl,true,true,AUTO_OK,2024,Q2,rule_g2_all_advance_xbrl,true,true
GME,0001326380-24-000168,A,2024,Q3,FAIL_CLOSED,,,rule_g_fail_closed_fy_disagreement_calendar,2024,Q2,ok,AUTO_OK,2024,Q3,rule_g2_calendar_advance_xbrl,true,true,AUTO_OK,2024,Q3,rule_g2_all_advance_xbrl,true,true
GME,0001326380-25-000034,A,2025,Q1,FAIL_CLOSED,,,rule_g_fail_closed_fy_disagreement_calendar,2024,Q4,ok,AUTO_OK,2025,Q1,rule_g2_calendar_advance_xbrl,true,true,AUTO_OK,2025,Q1,rule_g2_all_advance_xbrl,true,true
GME,0001326380-25-000073,A,2025,Q2,FAIL_CLOSED,,,rule_g_fail_closed_fy_disagreement_calendar,2025,Q1,ok,AUTO_OK,2025,Q2,rule_g2_calendar_advance_xbrl,true,true,AUTO_OK,2025,Q2,rule_g2_all_advance_xbrl,true,true
GME,0001326380-25-000097,A,2025,Q3,FAIL_CLOSED,,,rule_g_fail_closed_fy_disagreement_calendar,2025,Q2,ok,AUTO_OK,2025,Q3,rule_g2_calendar_advance_xbrl,true,true,AUTO_OK,2025,Q3,rule_g2_all_advance_xbrl,true,true
GME,0001326380-26-000012,A,2025,Q4,FAIL_CLOSED,,,rule_g_fail_closed_fy_disagreement_calendar,2025,Q3,ok,AUTO_OK,2025,Q4,rule_g2_calendar_advance_xbrl,true,true,AUTO_OK,2025,Q4,rule_g2_all_advance_xbrl,true,true
GME,0001628280-25-014714,A,2024,Q4,FAIL_CLOSED,,,rule_g_fail_closed_fy_disagreement_calendar,2024,Q3,ok,AUTO_OK,2024,Q4,rule_g2_calendar_advance_xbrl,true,true,AUTO_OK,2024,Q4,rule_g2_all_advance_xbrl,true,true
KR,0001104659-23-071412,A,2023,Q1,FAIL_CLOSED,,,rule_g_fail_closed_fy_disagreement_calendar,2022,Q4,ok,AUTO_OK,2023,Q1,rule_g2_calendar_advance_xbrl,true,true,AUTO_OK,2023,Q1,rule_g2_all_advance_xbrl,true,true
KR,0001104659-23-099123,A,2023,Q2,FAIL_CLOSED,,,rule_f_fail_closed_fy_disagreement,2023,Q1,ok,FAIL_CLOSED,,,rule_f_fail_closed_fy_disagreement,fail_closed,false,AUTO_OK,2023,Q2,rule_g2_all_advance_xbrl,true,true
KR,0001104659-23-122232,A,2023,Q3,FAIL_CLOSED,,,rule_f_fail_closed_fy_disagreement,2023,Q2,ok,FAIL_CLOSED,,,rule_f_fail_closed_fy_disagreement,fail_closed,false,AUTO_OK,2023,Q3,rule_g2_all_advance_xbrl,true,true
KR,0001104659-24-031709,B,2023,Q4,FAIL_CLOSED,,,rule_g_fail_closed_fy_disagreement_calendar,2023,Q3,ok,AUTO_OK,2023,Q4,rule_g2_calendar_advance_xbrl,true,true,AUTO_OK,2023,Q4,rule_g2_all_advance_xbrl,true,true
KR,0001104659-24-073155,A,2024,Q1,AUTO_OK,2025,Q1,prior_periodic_projection_q4_to_q1,2024,Q4,ok,AUTO_OK,2025,Q1,prior_periodic_projection_q4_to_q1,false,false,AUTO_OK,2025,Q1,prior_periodic_projection_q4_to_q1,false,false
KR,0001104659-24-099127,A,2024,Q2,FAIL_CLOSED,,,rule_f_fail_closed_fy_disagreement,2024,Q1,ok,FAIL_CLOSED,,,rule_f_fail_closed_fy_disagreement,fail_closed,false,AUTO_OK,2024,Q2,rule_g2_all_advance_xbrl,true,true
KR,0001104659-24-125772,A,2024,Q3,FAIL_CLOSED,,,rule_f_fail_closed_fy_disagreement,2024,Q2,ok,FAIL_CLOSED,,,rule_f_fail_closed_fy_disagreement,fail_closed,false,AUTO_OK,2024,Q3,rule_g2_all_advance_xbrl,true,true
KR,0001104659-25-019465,B,2024,Q4,FAIL_CLOSED,,,rule_f_fail_closed_fy_disagreement,2024,Q3,ok,FAIL_CLOSED,,,rule_f_fail_closed_fy_disagreement,fail_closed,false,AUTO_OK,2024,Q4,rule_g2_all_advance_xbrl,true,true
KR,0001104659-25-021187,B,2024,Q4,FAIL_CLOSED,,,rule_f_fail_closed_fy_disagreement,2024,Q3,ok,FAIL_CLOSED,,,rule_f_fail_closed_fy_disagreement,fail_closed,false,AUTO_OK,2024,Q4,rule_g2_all_advance_xbrl,true,true
KR,0001104659-25-060909,A,2025,Q1,AUTO_OK,2026,Q1,prior_periodic_projection_q4_to_q1,2025,Q4,ok,AUTO_OK,2026,Q1,prior_periodic_projection_q4_to_q1,false,false,AUTO_OK,2026,Q1,prior_periodic_projection_q4_to_q1,false,false
KR,0001104659-25-089265,A,2025,Q2,FAIL_CLOSED,,,rule_f_fail_closed_fy_disagreement,2025,Q1,ok,FAIL_CLOSED,,,rule_f_fail_closed_fy_disagreement,fail_closed,false,AUTO_OK,2025,Q2,rule_g2_all_advance_xbrl,true,true
KR,0001104659-25-118315,A,2025,Q3,FAIL_CLOSED,,,rule_f_fail_closed_fy_disagreement,2025,Q2,ok,FAIL_CLOSED,,,rule_f_fail_closed_fy_disagreement,fail_closed,false,AUTO_OK,2025,Q3,rule_g2_all_advance_xbrl,true,true
KR,0001104659-26-023800,A,2025,Q4,FAIL_CLOSED,,,rule_f_fail_closed_fy_disagreement,2025,Q3,ok,FAIL_CLOSED,,,rule_f_fail_closed_fy_disagreement,fail_closed,false,AUTO_OK,2025,Q4,rule_g2_all_advance_xbrl,true,true
KSS,0001193125-23-152386,A,2023,Q1,FAIL_CLOSED,,,rule_g_fail_closed_fy_disagreement_calendar,2022,Q4,ok,AUTO_OK,2023,Q1,rule_g2_calendar_advance_xbrl,true,true,AUTO_OK,2023,Q1,rule_g2_all_advance_xbrl,true,true
KSS,0001193125-23-218455,A,2023,Q2,FAIL_CLOSED,,,rule_g_fail_closed_fy_disagreement_calendar,2023,Q1,ok,AUTO_OK,2023,Q2,rule_g2_calendar_advance_xbrl,true,true,AUTO_OK,2023,Q2,rule_g2_all_advance_xbrl,true,true
KSS,0001193125-23-281069,A,2023,Q3,FAIL_CLOSED,,,rule_g_fail_closed_fy_disagreement_calendar,2023,Q2,ok,AUTO_OK,2023,Q3,rule_g2_calendar_advance_xbrl,true,true,AUTO_OK,2023,Q3,rule_g2_all_advance_xbrl,true,true
KSS,0001193125-24-065373,A,2023,Q4,FAIL_CLOSED,,,rule_g_fail_closed_fy_disagreement_calendar,2023,Q3,ok,AUTO_OK,2023,Q4,rule_g2_calendar_advance_xbrl,true,true,AUTO_OK,2023,Q4,rule_g2_all_advance_xbrl,true,true
KSS,0001193125-24-149776,A,2024,Q1,FAIL_CLOSED,,,rule_g_fail_closed_fy_disagreement_calendar,2023,Q4,ok,AUTO_OK,2024,Q1,rule_g2_calendar_advance_xbrl,true,true,AUTO_OK,2024,Q1,rule_g2_all_advance_xbrl,true,true
KSS,0001193125-24-208232,A,2024,Q2,FAIL_CLOSED,,,rule_g_fail_closed_fy_disagreement_calendar,2024,Q1,ok,AUTO_OK,2024,Q2,rule_g2_calendar_advance_xbrl,true,true,AUTO_OK,2024,Q2,rule_g2_all_advance_xbrl,true,true
KSS,0001193125-24-265606,A,2024,Q3,FAIL_CLOSED,,,rule_g_fail_closed_fy_disagreement_calendar,2024,Q2,ok,AUTO_OK,2024,Q3,rule_g2_calendar_advance_xbrl,true,true,AUTO_OK,2024,Q3,rule_g2_all_advance_xbrl,true,true
KSS,0001193125-25-051424,A,2024,Q4,FAIL_CLOSED,,,rule_g_fail_closed_fy_disagreement_calendar,2024,Q3,ok,AUTO_OK,2024,Q4,rule_g2_calendar_advance_xbrl,true,true,AUTO_OK,2024,Q4,rule_g2_all_advance_xbrl,true,true
KSS,0001193125-25-129976,A,2025,Q1,FAIL_CLOSED,,,rule_g_fail_closed_fy_disagreement_calendar,2024,Q4,ok,AUTO_OK,2025,Q1,rule_g2_calendar_advance_xbrl,true,true,AUTO_OK,2025,Q1,rule_g2_all_advance_xbrl,true,true
KSS,0001193125-25-189105,A,2025,Q2,FAIL_CLOSED,,,rule_g_fail_closed_fy_disagreement_calendar,2025,Q1,ok,AUTO_OK,2025,Q2,rule_g2_calendar_advance_xbrl,true,true,AUTO_OK,2025,Q2,rule_g2_all_advance_xbrl,true,true
KSS,0001193125-25-294511,A,2025,Q3,FAIL_CLOSED,,,rule_g_fail_closed_fy_disagreement_calendar,2025,Q2,ok,AUTO_OK,2025,Q3,rule_g2_calendar_advance_xbrl,true,true,AUTO_OK,2025,Q3,rule_g2_all_advance_xbrl,true,true
KSS,0001193125-26-099319,A,2025,Q4,FAIL_CLOSED,,,rule_g_fail_closed_fy_disagreement_calendar,2025,Q3,ok,AUTO_OK,2025,Q4,rule_g2_calendar_advance_xbrl,true,true,AUTO_OK,2025,Q4,rule_g2_all_advance_xbrl,true,true
LOW,0000060667-23-000079,A,2023,Q1,FAIL_CLOSED,,,rule_g_fail_closed_fy_disagreement_calendar,2022,Q4,ok,AUTO_OK,2023,Q1,rule_g2_calendar_advance_xbrl,true,true,AUTO_OK,2023,Q1,rule_g2_all_advance_xbrl,true,true
LOW,0000060667-23-000135,A,2023,Q2,FAIL_CLOSED,,,rule_g_fail_closed_fy_disagreement_calendar,2023,Q1,ok,AUTO_OK,2023,Q2,rule_g2_calendar_advance_xbrl,true,true,AUTO_OK,2023,Q2,rule_g2_all_advance_xbrl,true,true
LOW,0000060667-23-000159,A,2023,Q3,FAIL_CLOSED,,,rule_g_fail_closed_fy_disagreement_calendar,2023,Q2,ok,AUTO_OK,2023,Q3,rule_g2_calendar_advance_xbrl,true,true,AUTO_OK,2023,Q3,rule_g2_all_advance_xbrl,true,true
LOW,0000060667-24-000012,A,2023,Q4,FAIL_CLOSED,,,rule_g_fail_closed_fy_disagreement_calendar,2023,Q3,ok,AUTO_OK,2023,Q4,rule_g2_calendar_advance_xbrl,true,true,AUTO_OK,2023,Q4,rule_g2_all_advance_xbrl,true,true
LOW,0000060667-24-000081,A,2024,Q1,FAIL_CLOSED,,,rule_g_fail_closed_fy_disagreement_calendar,2023,Q4,ok,AUTO_OK,2024,Q1,rule_g2_calendar_advance_xbrl,true,true,AUTO_OK,2024,Q1,rule_g2_all_advance_xbrl,true,true
LOW,0000060667-24-000137,A,2024,Q2,FAIL_CLOSED,,,rule_g_fail_closed_fy_disagreement_calendar,2024,Q1,ok,AUTO_OK,2024,Q2,rule_g2_calendar_advance_xbrl,true,true,AUTO_OK,2024,Q2,rule_g2_all_advance_xbrl,true,true
LOW,0000060667-24-000167,A,2024,Q3,FAIL_CLOSED,,,rule_g_fail_closed_fy_disagreement_calendar,2024,Q2,ok,AUTO_OK,2024,Q3,rule_g2_calendar_advance_xbrl,true,true,AUTO_OK,2024,Q3,rule_g2_all_advance_xbrl,true,true
LOW,0000060667-25-000018,A,2024,Q4,FAIL_CLOSED,,,rule_g_fail_closed_fy_disagreement_calendar,2024,Q3,ok,AUTO_OK,2024,Q4,rule_g2_calendar_advance_xbrl,true,true,AUTO_OK,2024,Q4,rule_g2_all_advance_xbrl,true,true
LOW,0000060667-25-000091,A,2025,Q1,FAIL_CLOSED,,,rule_g_fail_closed_fy_disagreement_calendar,2024,Q4,ok,AUTO_OK,2025,Q1,rule_g2_calendar_advance_xbrl,true,true,AUTO_OK,2025,Q1,rule_g2_all_advance_xbrl,true,true
LOW,0000060667-25-000161,A,2025,Q2,FAIL_CLOSED,,,rule_g_fail_closed_fy_disagreement_calendar,2025,Q1,ok,AUTO_OK,2025,Q2,rule_g2_calendar_advance_xbrl,true,true,AUTO_OK,2025,Q2,rule_g2_all_advance_xbrl,true,true
LOW,0000060667-25-000203,A,2025,Q3,FAIL_CLOSED,,,rule_g_fail_closed_fy_disagreement_calendar,2025,Q2,ok,AUTO_OK,2025,Q3,rule_g2_calendar_advance_xbrl,true,true,AUTO_OK,2025,Q3,rule_g2_all_advance_xbrl,true,true
LOW,0000060667-26-000020,A,2025,Q4,FAIL_CLOSED,,,rule_g_fail_closed_fy_disagreement_calendar,2025,Q3,ok,AUTO_OK,2025,Q4,rule_g2_calendar_advance_xbrl,true,true,AUTO_OK,2025,Q4,rule_g2_all_advance_xbrl,true,true
LULU,0001397187-23-000026,A,2023,Q1,FAIL_CLOSED,,,rule_g_fail_closed_fy_disagreement_calendar,2022,Q4,ok,AUTO_OK,2023,Q1,rule_g2_calendar_advance_xbrl,true,true,AUTO_OK,2023,Q1,rule_g2_all_advance_xbrl,true,true
LULU,0001397187-23-000043,A,2023,Q2,FAIL_CLOSED,,,rule_g_fail_closed_fy_disagreement_calendar,2023,Q1,ok,AUTO_OK,2023,Q2,rule_g2_calendar_advance_xbrl,true,true,AUTO_OK,2023,Q2,rule_g2_all_advance_xbrl,true,true
LULU,0001397187-23-000051,A,2023,Q3,FAIL_CLOSED,,,rule_g_fail_closed_fy_disagreement_calendar,2023,Q2,ok,AUTO_OK,2023,Q3,rule_g2_calendar_advance_xbrl,true,true,AUTO_OK,2023,Q3,rule_g2_all_advance_xbrl,true,true
LULU,0001397187-24-000009,A,2023,Q4,FAIL_CLOSED,,,rule_g_fail_closed_fy_disagreement_calendar,2023,Q3,ok,AUTO_OK,2023,Q4,rule_g2_calendar_advance_xbrl,true,true,AUTO_OK,2023,Q4,rule_g2_all_advance_xbrl,true,true
LULU,0001397187-24-000023,A,2024,Q1,FAIL_CLOSED,,,rule_g_fail_closed_fy_disagreement_calendar,2023,Q4,ok,AUTO_OK,2024,Q1,rule_g2_calendar_advance_xbrl,true,true,AUTO_OK,2024,Q1,rule_g2_all_advance_xbrl,true,true
LULU,0001397187-24-000033,A,2024,Q2,FAIL_CLOSED,,,rule_g_fail_closed_fy_disagreement_calendar,2024,Q1,ok,AUTO_OK,2024,Q2,rule_g2_calendar_advance_xbrl,true,true,AUTO_OK,2024,Q2,rule_g2_all_advance_xbrl,true,true
LULU,0001397187-24-000040,A,2024,Q3,FAIL_CLOSED,,,rule_g_fail_closed_fy_disagreement_calendar,2024,Q2,ok,AUTO_OK,2024,Q3,rule_g2_calendar_advance_xbrl,true,true,AUTO_OK,2024,Q3,rule_g2_all_advance_xbrl,true,true
LULU,0001397187-25-000012,A,2024,Q4,FAIL_CLOSED,,,rule_g_fail_closed_fy_disagreement_calendar,2024,Q3,ok,AUTO_OK,2024,Q4,rule_g2_calendar_advance_xbrl,true,true,AUTO_OK,2024,Q4,rule_g2_all_advance_xbrl,true,true
LULU,0001397187-25-000026,A,2025,Q1,FAIL_CLOSED,,,rule_g_fail_closed_fy_disagreement_calendar,2024,Q4,ok,AUTO_OK,2025,Q1,rule_g2_calendar_advance_xbrl,true,true,AUTO_OK,2025,Q1,rule_g2_all_advance_xbrl,true,true
LULU,0001397187-25-000038,A,2025,Q2,FAIL_CLOSED,,,rule_g_fail_closed_fy_disagreement_calendar,2025,Q1,ok,AUTO_OK,2025,Q2,rule_g2_calendar_advance_xbrl,true,true,AUTO_OK,2025,Q2,rule_g2_all_advance_xbrl,true,true
LULU,0001397187-25-000054,A,2025,Q3,FAIL_CLOSED,,,rule_g_fail_closed_fy_disagreement_calendar,2025,Q2,ok,AUTO_OK,2025,Q3,rule_g2_calendar_advance_xbrl,true,true,AUTO_OK,2025,Q3,rule_g2_all_advance_xbrl,true,true
LULU,0001397187-26-000019,A,2025,Q4,FAIL_CLOSED,,,rule_g_fail_closed_fy_disagreement_calendar,2025,Q3,ok,AUTO_OK,2025,Q4,rule_g2_calendar_advance_xbrl,true,true,AUTO_OK,2025,Q4,rule_g2_all_advance_xbrl,true,true
NTAP,0000950170-23-003745,A,2023,Q3,FAIL_CLOSED,,,prior_periodic_projection_no_prior,,,missing_prior,FAIL_CLOSED,,,prior_periodic_projection_no_prior,fail_closed,false,FAIL_CLOSED,,,prior_periodic_projection_no_prior,fail_closed,false
NTAP,0000950170-23-025324,A,2023,Q4,AUTO_OK,2023,Q4,prior_periodic_projection_q3_to_q4,2023,Q3,ok,AUTO_OK,2023,Q4,prior_periodic_projection_q3_to_q4,true,false,AUTO_OK,2023,Q4,prior_periodic_projection_q3_to_q4,true,false
NTAP,0000950170-23-044130,A,2024,Q1,AUTO_OK,2024,Q1,prior_periodic_projection_q4_to_q1,2023,Q4,ok,AUTO_OK,2024,Q1,prior_periodic_projection_q4_to_q1,true,false,AUTO_OK,2024,Q1,prior_periodic_projection_q4_to_q1,true,false
NTAP,0000950170-23-066400,A,2024,Q2,AUTO_OK,2024,Q2,prior_periodic_projection_q1_to_q2,2024,Q1,ok,AUTO_OK,2024,Q2,prior_periodic_projection_q1_to_q2,true,false,AUTO_OK,2024,Q2,prior_periodic_projection_q1_to_q2,true,false
NTAP,0000950170-24-023060,A,2024,Q3,AUTO_OK,2024,Q3,prior_periodic_projection_q2_to_q3,2024,Q2,ok,AUTO_OK,2024,Q3,prior_periodic_projection_q2_to_q3,true,false,AUTO_OK,2024,Q3,prior_periodic_projection_q2_to_q3,true,false
NTAP,0000950170-24-066567,A,2024,Q4,AUTO_OK,2024,Q4,prior_periodic_projection_q3_to_q4,2024,Q3,ok,AUTO_OK,2024,Q4,prior_periodic_projection_q3_to_q4,true,false,AUTO_OK,2024,Q4,prior_periodic_projection_q3_to_q4,true,false
NTAP,0000950170-24-101383,A,2025,Q1,AUTO_OK,2025,Q1,prior_periodic_projection_q4_to_q1,2024,Q4,ok,AUTO_OK,2025,Q1,prior_periodic_projection_q4_to_q1,true,false,AUTO_OK,2025,Q1,prior_periodic_projection_q4_to_q1,true,false
NTAP,0000950170-24-129714,A,2025,Q2,AUTO_OK,2025,Q2,prior_periodic_projection_q1_to_q2,2025,Q1,ok,AUTO_OK,2025,Q2,prior_periodic_projection_q1_to_q2,true,false,AUTO_OK,2025,Q2,prior_periodic_projection_q1_to_q2,true,false
NTAP,0000950170-25-029022,A,2025,Q3,AUTO_OK,2025,Q3,rule_f_advance_xbrl,2025,Q2,ok,AUTO_OK,2025,Q3,rule_f_advance_xbrl,true,false,AUTO_OK,2025,Q3,rule_f_advance_xbrl,true,false
NTAP,0000950170-25-078936,A,2025,Q4,AUTO_OK,2025,Q4,rule_f_advance_xbrl,2025,Q3,ok,AUTO_OK,2025,Q4,rule_f_advance_xbrl,true,false,AUTO_OK,2025,Q4,rule_f_advance_xbrl,true,false
NTAP,0000950170-25-111700,B,2026,Q1,AUTO_OK,2026,Q1,prior_periodic_projection_q4_to_q1,2025,Q4,ok,AUTO_OK,2026,Q1,prior_periodic_projection_q4_to_q1,true,false,AUTO_OK,2026,Q1,prior_periodic_projection_q4_to_q1,true,false
NTAP,0001193125-25-297164,B,2026,Q2,FAIL_CLOSED,,,rule_f_fail_closed_fy_disagreement,2025,Q1,ok,FAIL_CLOSED,,,rule_f_fail_closed_fy_disagreement,fail_closed,false,AUTO_OK,2025,Q2,rule_g2_all_advance_xbrl,false,true
NTAP,0001193125-26-076545,A,2026,Q3,FAIL_CLOSED,,,rule_f_fail_closed_fy_disagreement,2025,Q2,ok,FAIL_CLOSED,,,rule_f_fail_closed_fy_disagreement,fail_closed,false,AUTO_OK,2025,Q3,rule_g2_all_advance_xbrl,false,true
NTNX,0000950170-24-022061,A,2024,Q2,AUTO_OK,2024,Q2,prior_periodic_projection_q1_to_q2,2024,Q1,ok,AUTO_OK,2024,Q2,prior_periodic_projection_q1_to_q2,true,false,AUTO_OK,2024,Q2,prior_periodic_projection_q1_to_q2,true,false
NTNX,0000950170-24-065921,A,2024,Q3,AUTO_OK,2024,Q3,prior_periodic_projection_q2_to_q3,2024,Q2,ok,AUTO_OK,2024,Q3,prior_periodic_projection_q2_to_q3,true,false,AUTO_OK,2024,Q3,prior_periodic_projection_q2_to_q3,true,false
NTNX,0000950170-24-101375,A,2024,Q4,AUTO_OK,2024,Q4,prior_periodic_projection_q3_to_q4,2024,Q3,ok,AUTO_OK,2024,Q4,prior_periodic_projection_q3_to_q4,true,false,AUTO_OK,2024,Q4,prior_periodic_projection_q3_to_q4,true,false
NTNX,0001157523-23-000398,A,2023,Q2,FAIL_CLOSED,,,prior_periodic_projection_no_prior,,,missing_prior,FAIL_CLOSED,,,prior_periodic_projection_no_prior,fail_closed,false,FAIL_CLOSED,,,prior_periodic_projection_no_prior,fail_closed,false
NTNX,0001157523-23-000905,A,2023,Q3,AUTO_OK,2023,Q2,rule_g_strict_direct_recent_prior_calendar,2023,Q2,ok,AUTO_OK,2023,Q2,rule_g_strict_direct_recent_prior_calendar,false,false,AUTO_OK,2023,Q2,rule_g_strict_direct_recent_prior_calendar,false,false
NTNX,0001157523-23-001386,A,2023,Q4,AUTO_OK,2023,Q4,prior_periodic_projection_q3_to_q4,2023,Q3,ok,AUTO_OK,2023,Q4,prior_periodic_projection_q3_to_q4,true,false,AUTO_OK,2023,Q4,prior_periodic_projection_q3_to_q4,true,false
NTNX,0001157523-23-001783,A,2024,Q1,AUTO_OK,2024,Q1,prior_periodic_projection_q4_to_q1,2023,Q4,ok,AUTO_OK,2024,Q1,prior_periodic_projection_q4_to_q1,true,false,AUTO_OK,2024,Q1,prior_periodic_projection_q4_to_q1,true,false
NTNX,0001171843-24-006598,B,2025,Q1,AUTO_OK,2025,Q1,prior_periodic_projection_q4_to_q1,2024,Q4,ok,AUTO_OK,2025,Q1,prior_periodic_projection_q4_to_q1,true,false,AUTO_OK,2025,Q1,prior_periodic_projection_q4_to_q1,true,false
NTNX,0001171843-25-001089,A,2025,Q2,FAIL_CLOSED,,,rule_g_fail_closed_fy_disagreement_calendar,2024,Q1,ok,AUTO_OK,2024,Q2,rule_g2_calendar_advance_xbrl,false,true,AUTO_OK,2024,Q2,rule_g2_all_advance_xbrl,false,true
NTNX,0001171843-25-003493,A,2025,Q3,AUTO_OK,2025,Q3,prior_periodic_projection_q2_to_q3,2025,Q2,ok,AUTO_OK,2025,Q3,prior_periodic_projection_q2_to_q3,true,false,AUTO_OK,2025,Q3,prior_periodic_projection_q2_to_q3,true,false
NTNX,0001171843-25-005613,A,2025,Q4,AUTO_OK,2025,Q4,prior_periodic_projection_q3_to_q4,2025,Q3,ok,AUTO_OK,2025,Q4,prior_periodic_projection_q3_to_q4,true,false,AUTO_OK,2025,Q4,prior_periodic_projection_q3_to_q4,true,false
NTNX,0001171843-25-007590,B,2026,Q1,AUTO_OK,2026,Q1,prior_periodic_projection_q4_to_q1,2025,Q4,ok,AUTO_OK,2026,Q1,prior_periodic_projection_q4_to_q1,true,false,AUTO_OK,2026,Q1,prior_periodic_projection_q4_to_q1,true,false
NTNX,0001171843-26-001101,A,2026,Q2,FAIL_CLOSED,,,rule_g_fail_closed_fy_disagreement_calendar,2025,Q1,ok,AUTO_OK,2025,Q2,rule_g2_calendar_advance_xbrl,false,true,AUTO_OK,2025,Q2,rule_g2_all_advance_xbrl,false,true
OLLI,0001140361-23-028653,A,2023,Q1,FAIL_CLOSED,,,rule_g_fail_closed_fy_disagreement_calendar,2022,Q4,ok,AUTO_OK,2023,Q1,rule_g2_calendar_advance_xbrl,true,true,AUTO_OK,2023,Q1,rule_g2_all_advance_xbrl,true,true
OLLI,0001140361-23-041908,A,2023,Q2,FAIL_CLOSED,,,rule_g_fail_closed_fy_disagreement_calendar,2023,Q1,ok,AUTO_OK,2023,Q2,rule_g2_calendar_advance_xbrl,true,true,AUTO_OK,2023,Q2,rule_g2_all_advance_xbrl,true,true
OLLI,0001140361-23-056448,A,2023,Q3,FAIL_CLOSED,,,rule_g_fail_closed_fy_disagreement_calendar,2023,Q2,ok,AUTO_OK,2023,Q3,rule_g2_calendar_advance_xbrl,true,true,AUTO_OK,2023,Q3,rule_g2_all_advance_xbrl,true,true
OLLI,0001140361-24-014235,B,2023,Q4,FAIL_CLOSED,,,rule_g_fail_closed_fy_disagreement_calendar,2023,Q3,ok,AUTO_OK,2023,Q4,rule_g2_calendar_advance_xbrl,true,true,AUTO_OK,2023,Q4,rule_g2_all_advance_xbrl,true,true
OLLI,0001140361-24-028942,A,2024,Q1,AUTO_OK,2025,Q1,prior_periodic_projection_q4_to_q1,2024,Q4,ok,AUTO_OK,2025,Q1,prior_periodic_projection_q4_to_q1,false,false,AUTO_OK,2025,Q1,prior_periodic_projection_q4_to_q1,false,false
OLLI,0001140361-24-039085,A,2024,Q2,FAIL_CLOSED,,,rule_g_fail_closed_fy_disagreement_calendar,2024,Q1,ok,AUTO_OK,2024,Q2,rule_g2_calendar_advance_xbrl,true,true,AUTO_OK,2024,Q2,rule_g2_all_advance_xbrl,true,true
OLLI,0001140361-24-048855,A,2024,Q3,FAIL_CLOSED,,,rule_g_fail_closed_fy_disagreement_calendar,2024,Q2,ok,AUTO_OK,2024,Q3,rule_g2_calendar_advance_xbrl,true,true,AUTO_OK,2024,Q3,rule_g2_all_advance_xbrl,true,true
OLLI,0001140361-25-009360,B,2024,Q4,FAIL_CLOSED,,,rule_g_fail_closed_fy_disagreement_calendar,2024,Q3,ok,AUTO_OK,2024,Q4,rule_g2_calendar_advance_xbrl,true,true,AUTO_OK,2024,Q4,rule_g2_all_advance_xbrl,true,true
OLLI,0001140361-25-021221,A,2025,Q1,AUTO_OK,2026,Q1,prior_periodic_projection_q4_to_q1,2025,Q4,ok,AUTO_OK,2026,Q1,prior_periodic_projection_q4_to_q1,false,false,AUTO_OK,2026,Q1,prior_periodic_projection_q4_to_q1,false,false
OLLI,0001140361-25-033065,A,2025,Q2,FAIL_CLOSED,,,rule_g_fail_closed_fy_disagreement_calendar,2025,Q1,ok,AUTO_OK,2025,Q2,rule_g2_calendar_advance_xbrl,true,true,AUTO_OK,2025,Q2,rule_g2_all_advance_xbrl,true,true
OLLI,0001140361-25-044934,A,2025,Q3,FAIL_CLOSED,,,rule_g_fail_closed_fy_disagreement_calendar,2025,Q2,ok,AUTO_OK,2025,Q3,rule_g2_calendar_advance_xbrl,true,true,AUTO_OK,2025,Q3,rule_g2_all_advance_xbrl,true,true
OLLI,0001140361-26-009133,A,2025,Q4,FAIL_CLOSED,,,rule_g_fail_closed_fy_disagreement_calendar,2025,Q3,ok,AUTO_OK,2025,Q4,rule_g2_calendar_advance_xbrl,true,true,AUTO_OK,2025,Q4,rule_g2_all_advance_xbrl,true,true
OXM,0000075288-24-000057,A,2024,Q2,FAIL_CLOSED,,,rule_g_fail_closed_fy_disagreement_calendar,2024,Q1,ok,AUTO_OK,2024,Q2,rule_g2_calendar_advance_xbrl,true,true,AUTO_OK,2024,Q2,rule_g2_all_advance_xbrl,true,true
OXM,0000075288-24-000080,A,2024,Q3,FAIL_CLOSED,,,rule_g_fail_closed_fy_disagreement_calendar,2024,Q2,ok,AUTO_OK,2024,Q3,rule_g2_calendar_advance_xbrl,true,true,AUTO_OK,2024,Q3,rule_g2_all_advance_xbrl,true,true
OXM,0000075288-25-000030,A,2024,Q4,FAIL_CLOSED,,,rule_g_fail_closed_fy_disagreement_calendar,2024,Q3,ok,AUTO_OK,2024,Q4,rule_g2_calendar_advance_xbrl,true,true,AUTO_OK,2024,Q4,rule_g2_all_advance_xbrl,true,true
OXM,0000075288-25-000077,A,2025,Q1,FAIL_CLOSED,,,rule_g_fail_closed_fy_disagreement_calendar,2024,Q4,ok,AUTO_OK,2025,Q1,rule_g2_calendar_advance_xbrl,true,true,AUTO_OK,2025,Q1,rule_g2_all_advance_xbrl,true,true
OXM,0000075288-25-000130,A,2025,Q2,FAIL_CLOSED,,,rule_g_fail_closed_fy_disagreement_calendar,2025,Q1,ok,AUTO_OK,2025,Q2,rule_g2_calendar_advance_xbrl,true,true,AUTO_OK,2025,Q2,rule_g2_all_advance_xbrl,true,true
OXM,0000075288-25-000146,A,2025,Q3,FAIL_CLOSED,,,rule_g_fail_closed_fy_disagreement_calendar,2025,Q2,ok,AUTO_OK,2025,Q3,rule_g2_calendar_advance_xbrl,true,true,AUTO_OK,2025,Q3,rule_g2_all_advance_xbrl,true,true
OXM,0000075288-26-000023,A,2025,Q4,FAIL_CLOSED,,,rule_g_fail_closed_fy_disagreement_calendar,2025,Q3,ok,AUTO_OK,2025,Q4,rule_g2_calendar_advance_xbrl,true,true,AUTO_OK,2025,Q4,rule_g2_all_advance_xbrl,true,true
OXM,0001171843-23-003819,A,2023,Q1,FAIL_CLOSED,,,rule_g_fail_closed_fy_disagreement_calendar,2022,Q4,ok,AUTO_OK,2023,Q1,rule_g2_calendar_advance_xbrl,true,true,AUTO_OK,2023,Q1,rule_g2_all_advance_xbrl,true,true
OXM,0001171843-23-005512,A,2023,Q2,FAIL_CLOSED,,,rule_g_fail_closed_fy_disagreement_calendar,2023,Q1,ok,AUTO_OK,2023,Q2,rule_g2_calendar_advance_xbrl,true,true,AUTO_OK,2023,Q2,rule_g2_all_advance_xbrl,true,true
OXM,0001171843-23-007471,A,2023,Q3,FAIL_CLOSED,,,rule_g_fail_closed_fy_disagreement_calendar,2023,Q2,ok,AUTO_OK,2023,Q3,rule_g2_calendar_advance_xbrl,true,true,AUTO_OK,2023,Q3,rule_g2_all_advance_xbrl,true,true
OXM,0001171843-24-001686,A,2023,Q4,FAIL_CLOSED,,,rule_g_fail_closed_fy_disagreement_calendar,2023,Q3,ok,AUTO_OK,2023,Q4,rule_g2_calendar_advance_xbrl,true,true,AUTO_OK,2023,Q4,rule_g2_all_advance_xbrl,true,true
OXM,0001171843-24-003411,A,2024,Q1,FAIL_CLOSED,,,rule_g_fail_closed_fy_disagreement_calendar,2023,Q4,ok,AUTO_OK,2024,Q1,rule_g2_calendar_advance_xbrl,true,true,AUTO_OK,2024,Q1,rule_g2_all_advance_xbrl,true,true
PHM,0000822416-23-000003,A,2022,Q4,FAIL_CLOSED,,,prior_periodic_projection_no_prior,,,missing_prior,FAIL_CLOSED,,,prior_periodic_projection_no_prior,fail_closed,false,FAIL_CLOSED,,,prior_periodic_projection_no_prior,fail_closed,false
PHM,0000822416-23-000014,A,2023,Q1,AUTO_OK,2023,Q1,prior_periodic_projection_q4_to_q1,2022,Q4,ok,AUTO_OK,2023,Q1,prior_periodic_projection_q4_to_q1,true,false,AUTO_OK,2023,Q1,prior_periodic_projection_q4_to_q1,true,false
PHM,0000822416-23-000032,A,2023,Q2,AUTO_OK,2023,Q2,prior_periodic_projection_q1_to_q2,2023,Q1,ok,AUTO_OK,2023,Q2,prior_periodic_projection_q1_to_q2,true,false,AUTO_OK,2023,Q2,prior_periodic_projection_q1_to_q2,true,false
PHM,0000822416-23-000040,A,2023,Q3,AUTO_OK,2023,Q3,prior_periodic_projection_q2_to_q3,2023,Q2,ok,AUTO_OK,2023,Q3,prior_periodic_projection_q2_to_q3,true,false,AUTO_OK,2023,Q3,prior_periodic_projection_q2_to_q3,true,false
PHM,0000822416-24-000003,A,2023,Q4,AUTO_OK,2023,Q4,prior_periodic_projection_q3_to_q4,2023,Q3,ok,AUTO_OK,2023,Q4,prior_periodic_projection_q3_to_q4,true,false,AUTO_OK,2023,Q4,prior_periodic_projection_q3_to_q4,true,false
PHM,0000822416-24-000014,A,2024,Q1,AUTO_OK,2024,Q1,prior_periodic_projection_q4_to_q1,2023,Q4,ok,AUTO_OK,2024,Q1,prior_periodic_projection_q4_to_q1,true,false,AUTO_OK,2024,Q1,prior_periodic_projection_q4_to_q1,true,false
PHM,0000822416-24-000026,A,2024,Q2,AUTO_OK,2024,Q2,prior_periodic_projection_q1_to_q2,2024,Q1,ok,AUTO_OK,2024,Q2,prior_periodic_projection_q1_to_q2,true,false,AUTO_OK,2024,Q2,prior_periodic_projection_q1_to_q2,true,false
PHM,0000822416-24-000035,A,2024,Q3,AUTO_OK,2024,Q3,prior_periodic_projection_q2_to_q3,2024,Q2,ok,AUTO_OK,2024,Q3,prior_periodic_projection_q2_to_q3,true,false,AUTO_OK,2024,Q3,prior_periodic_projection_q2_to_q3,true,false
PHM,0000822416-25-000003,A,2024,Q4,AUTO_OK,2024,Q4,prior_periodic_projection_q3_to_q4,2024,Q3,ok,AUTO_OK,2024,Q4,prior_periodic_projection_q3_to_q4,true,false,AUTO_OK,2024,Q4,prior_periodic_projection_q3_to_q4,true,false
PHM,0000822416-25-000030,A,2025,Q1,AUTO_OK,2025,Q1,prior_periodic_projection_q4_to_q1,2024,Q4,ok,AUTO_OK,2025,Q1,prior_periodic_projection_q4_to_q1,true,false,AUTO_OK,2025,Q1,prior_periodic_projection_q4_to_q1,true,false
PHM,0000822416-25-000049,A,2025,Q2,AUTO_OK,2025,Q2,prior_periodic_projection_q1_to_q2,2025,Q1,ok,AUTO_OK,2025,Q2,prior_periodic_projection_q1_to_q2,true,false,AUTO_OK,2025,Q2,prior_periodic_projection_q1_to_q2,true,false
PHM,0000822416-25-000059,A,2025,Q3,AUTO_OK,2025,Q3,prior_periodic_projection_q2_to_q3,2025,Q2,ok,AUTO_OK,2025,Q3,prior_periodic_projection_q2_to_q3,true,false,AUTO_OK,2025,Q3,prior_periodic_projection_q2_to_q3,true,false
PHM,0000822416-26-000003,A,2025,Q4,AUTO_OK,2025,Q4,prior_periodic_projection_q3_to_q4,2025,Q3,ok,AUTO_OK,2025,Q4,prior_periodic_projection_q3_to_q4,true,false,AUTO_OK,2025,Q4,prior_periodic_projection_q3_to_q4,true,false
PHM,0000822416-26-000021,A,2026,Q1,FAIL_CLOSED,,,prior_periodic_projection_long_gap_fail_closed,2025,Q3,ok,FAIL_CLOSED,,,prior_periodic_projection_long_gap_fail_closed,fail_closed,false,FAIL_CLOSED,,,prior_periodic_projection_long_gap_fail_closed,fail_closed,false
PHR,0001412408-23-000017,A,2023,Q4,FAIL_CLOSED,,,prior_periodic_projection_no_prior,,,missing_prior,FAIL_CLOSED,,,prior_periodic_projection_no_prior,fail_closed,false,FAIL_CLOSED,,,prior_periodic_projection_no_prior,fail_closed,false
PHR,0001412408-23-000073,A,2024,Q1,AUTO_OK,2024,Q1,prior_periodic_projection_q4_to_q1,2023,Q4,ok,AUTO_OK,2024,Q1,prior_periodic_projection_q4_to_q1,true,false,AUTO_OK,2024,Q1,prior_periodic_projection_q4_to_q1,true,false
PHR,0001412408-23-000123,A,2024,Q2,AUTO_OK,2024,Q2,prior_periodic_projection_q1_to_q2,2024,Q1,ok,AUTO_OK,2024,Q2,prior_periodic_projection_q1_to_q2,true,false,AUTO_OK,2024,Q2,prior_periodic_projection_q1_to_q2,true,false
PHR,0001412408-23-000193,A,2024,Q3,AUTO_OK,2024,Q3,prior_periodic_projection_q2_to_q3,2024,Q2,ok,AUTO_OK,2024,Q3,prior_periodic_projection_q2_to_q3,true,false,AUTO_OK,2024,Q3,prior_periodic_projection_q2_to_q3,true,false
PHR,0001412408-24-000038,A,2024,Q4,AUTO_OK,2024,Q4,prior_periodic_projection_q3_to_q4,2024,Q3,ok,AUTO_OK,2024,Q4,prior_periodic_projection_q3_to_q4,true,false,AUTO_OK,2024,Q4,prior_periodic_projection_q3_to_q4,true,false
PHR,0001412408-24-000117,A,2025,Q1,AUTO_OK,2025,Q1,prior_periodic_projection_q4_to_q1,2024,Q4,ok,AUTO_OK,2025,Q1,prior_periodic_projection_q4_to_q1,true,false,AUTO_OK,2025,Q1,prior_periodic_projection_q4_to_q1,true,false
PHR,0001412408-24-000134,A,2025,Q2,AUTO_OK,2025,Q2,prior_periodic_projection_q1_to_q2,2025,Q1,ok,AUTO_OK,2025,Q2,prior_periodic_projection_q1_to_q2,true,false,AUTO_OK,2025,Q2,prior_periodic_projection_q1_to_q2,true,false
PHR,0001412408-24-000145,A,2025,Q3,AUTO_OK,2025,Q3,prior_periodic_projection_q2_to_q3,2025,Q2,ok,AUTO_OK,2025,Q3,prior_periodic_projection_q2_to_q3,true,false,AUTO_OK,2025,Q3,prior_periodic_projection_q2_to_q3,true,false
PHR,0001412408-25-000005,A,2025,Q4,AUTO_OK,2025,Q4,prior_periodic_projection_q3_to_q4,2025,Q3,ok,AUTO_OK,2025,Q4,prior_periodic_projection_q3_to_q4,true,false,AUTO_OK,2025,Q4,prior_periodic_projection_q3_to_q4,true,false
PHR,0001412408-25-000036,A,2026,Q1,AUTO_OK,2026,Q1,prior_periodic_projection_q4_to_q1,2025,Q4,ok,AUTO_OK,2026,Q1,prior_periodic_projection_q4_to_q1,true,false,AUTO_OK,2026,Q1,prior_periodic_projection_q4_to_q1,true,false
PHR,0001412408-25-000058,A,2026,Q2,AUTO_OK,2026,Q2,prior_periodic_projection_q1_to_q2,2026,Q1,ok,AUTO_OK,2026,Q2,prior_periodic_projection_q1_to_q2,true,false,AUTO_OK,2026,Q2,prior_periodic_projection_q1_to_q2,true,false
PHR,0001412408-25-000121,A,2026,Q3,AUTO_OK,2026,Q3,prior_periodic_projection_q2_to_q3,2026,Q2,ok,AUTO_OK,2026,Q3,prior_periodic_projection_q2_to_q3,true,false,AUTO_OK,2026,Q3,prior_periodic_projection_q2_to_q3,true,false
PHR,0001412408-26-000074,A,2026,Q4,AUTO_OK,2026,Q4,prior_periodic_projection_q3_to_q4,2026,Q3,ok,AUTO_OK,2026,Q4,prior_periodic_projection_q3_to_q4,true,false,AUTO_OK,2026,Q4,prior_periodic_projection_q3_to_q4,true,false
PHR,0001412408-26-000084,A,2026,Q4,AUTO_OK,2027,Q1,prior_periodic_projection_q4_to_q1,2026,Q4,ok,AUTO_OK,2027,Q1,prior_periodic_projection_q4_to_q1,false,false,AUTO_OK,2027,Q1,prior_periodic_projection_q4_to_q1,false,false
PINC,0001193125-23-028490,A,2023,Q2,FAIL_CLOSED,,,rule_g_fail_closed_no_prev_short_gap_calendar,2023,Q2,ok,FAIL_CLOSED,,,rule_g_fail_closed_no_prev_short_gap_calendar,fail_closed,false,FAIL_CLOSED,,,rule_g_fail_closed_no_prev_short_gap_calendar,fail_closed,false
PINC,0001193125-23-134584,A,2023,Q3,AUTO_OK,2023,Q3,rule_g_strict_direct_recent_prior_calendar,2023,Q3,ok,AUTO_OK,2023,Q3,rule_g_strict_direct_recent_prior_calendar,true,false,AUTO_OK,2023,Q3,rule_g_strict_direct_recent_prior_calendar,true,false
PINC,0001193125-23-219098,A,2023,Q4,AUTO_OK,2023,Q4,rule_g_strict_direct_recent_prior_calendar,2023,Q4,ok,AUTO_OK,2023,Q4,rule_g_strict_direct_recent_prior_calendar,true,false,AUTO_OK,2023,Q4,rule_g_strict_direct_recent_prior_calendar,true,false
PINC,0001193125-23-273497,A,2024,Q1,AUTO_OK,2024,Q1,rule_g_strict_direct_recent_prior_calendar,2024,Q1,ok,AUTO_OK,2024,Q1,rule_g_strict_direct_recent_prior_calendar,true,false,AUTO_OK,2024,Q1,rule_g_strict_direct_recent_prior_calendar,true,false
PINC,0001193125-24-026647,A,2024,Q2,AUTO_OK,2024,Q2,rule_g_strict_direct_recent_prior_calendar,2024,Q2,ok,AUTO_OK,2024,Q2,rule_g_strict_direct_recent_prior_calendar,true,false,AUTO_OK,2024,Q2,rule_g_strict_direct_recent_prior_calendar,true,false
PINC,0001193125-24-134184,B,2025,Q1,AUTO_OK,2024,Q3,rule_g_strict_direct_recent_prior_calendar,2024,Q3,ok,AUTO_OK,2024,Q3,rule_g_strict_direct_recent_prior_calendar,false,false,AUTO_OK,2024,Q3,rule_g_strict_direct_recent_prior_calendar,false,false
PINC,0001193125-24-204392,B,2024,Q3,AUTO_OK,2024,Q4,rule_g_strict_direct_recent_prior_calendar,2024,Q4,ok,AUTO_OK,2024,Q4,rule_g_strict_direct_recent_prior_calendar,false,false,AUTO_OK,2024,Q4,rule_g_strict_direct_recent_prior_calendar,false,false
PINC,0001193125-24-252029,A,2025,Q1,AUTO_OK,2025,Q1,rule_g_strict_direct_recent_prior_calendar,2025,Q1,ok,AUTO_OK,2025,Q1,rule_g_strict_direct_recent_prior_calendar,true,false,AUTO_OK,2025,Q1,rule_g_strict_direct_recent_prior_calendar,true,false
PINC,0001193125-25-020426,A,2025,Q2,AUTO_OK,2025,Q2,rule_g_strict_direct_recent_prior_calendar,2025,Q2,ok,AUTO_OK,2025,Q2,rule_g_strict_direct_recent_prior_calendar,true,false,AUTO_OK,2025,Q2,rule_g_strict_direct_recent_prior_calendar,true,false
PINC,0001193125-25-114958,A,2025,Q3,AUTO_OK,2025,Q4,prior_periodic_projection_q3_to_q4,2025,Q3,ok,AUTO_OK,2025,Q4,prior_periodic_projection_q3_to_q4,false,false,AUTO_OK,2025,Q4,prior_periodic_projection_q3_to_q4,false,false
PLAY,0001525769-25-000009,A,2025,Q2,FAIL_CLOSED,,,rule_f_fail_closed_fy_disagreement,2025,Q1,ok,FAIL_CLOSED,,,rule_f_fail_closed_fy_disagreement,fail_closed,false,AUTO_OK,2025,Q2,rule_g2_all_advance_xbrl,true,true
PLAY,0001525769-25-000020,A,2025,Q3,FAIL_CLOSED,,,rule_g_fail_closed_fy_disagreement_calendar,2025,Q2,ok,AUTO_OK,2025,Q3,rule_g2_calendar_advance_xbrl,true,true,AUTO_OK,2025,Q3,rule_g2_all_advance_xbrl,true,true
PLAY,0001525769-26-000006,A,2025,Q4,FAIL_CLOSED,,,rule_g_fail_closed_fy_disagreement_calendar,2025,Q3,ok,AUTO_OK,2025,Q4,rule_g2_calendar_advance_xbrl,true,true,AUTO_OK,2025,Q4,rule_g2_all_advance_xbrl,true,true
PLAY,0001628280-23-021106,A,2023,Q1,FAIL_CLOSED,,,rule_g_fail_closed_fy_disagreement_calendar,2022,Q4,ok,AUTO_OK,2023,Q1,rule_g2_calendar_advance_xbrl,true,true,AUTO_OK,2023,Q1,rule_g2_all_advance_xbrl,true,true
PLAY,0001628280-23-031543,A,2023,Q2,FAIL_CLOSED,,,rule_g_fail_closed_fy_disagreement_calendar,2023,Q1,ok,AUTO_OK,2023,Q2,rule_g2_calendar_advance_xbrl,true,true,AUTO_OK,2023,Q2,rule_g2_all_advance_xbrl,true,true
PLAY,0001628280-23-040743,A,2023,Q3,FAIL_CLOSED,,,rule_g_fail_closed_fy_disagreement_calendar,2023,Q2,ok,AUTO_OK,2023,Q3,rule_g2_calendar_advance_xbrl,true,true,AUTO_OK,2023,Q3,rule_g2_all_advance_xbrl,true,true
PLAY,0001628280-24-014361,A,2023,Q4,FAIL_CLOSED,,,rule_g_fail_closed_fy_disagreement_calendar,2023,Q3,ok,AUTO_OK,2023,Q4,rule_g2_calendar_advance_xbrl,true,true,AUTO_OK,2023,Q4,rule_g2_all_advance_xbrl,true,true
PLAY,0001628280-24-027822,A,2024,Q1,FAIL_CLOSED,,,rule_g_fail_closed_fy_disagreement_calendar,2023,Q4,ok,AUTO_OK,2024,Q1,rule_g2_calendar_advance_xbrl,true,true,AUTO_OK,2024,Q1,rule_g2_all_advance_xbrl,true,true
PLAY,0001628280-24-040027,A,2024,Q2,FAIL_CLOSED,,,rule_g_fail_closed_fy_disagreement_calendar,2024,Q1,ok,AUTO_OK,2024,Q2,rule_g2_calendar_advance_xbrl,true,true,AUTO_OK,2024,Q2,rule_g2_all_advance_xbrl,true,true
PLAY,0001628280-24-050623,A,2024,Q3,FAIL_CLOSED,,,rule_f_fail_closed_fy_disagreement,2024,Q2,ok,FAIL_CLOSED,,,rule_f_fail_closed_fy_disagreement,fail_closed,false,AUTO_OK,2024,Q3,rule_g2_all_advance_xbrl,true,true
PLAY,0001628280-25-016940,B,2024,Q4,FAIL_CLOSED,,,rule_g_fail_closed_fy_disagreement_calendar,2024,Q3,ok,AUTO_OK,2024,Q4,rule_g2_calendar_advance_xbrl,true,true,AUTO_OK,2024,Q4,rule_g2_all_advance_xbrl,true,true
PLAY,0001628280-25-030456,A,2025,Q1,AUTO_OK,2026,Q1,prior_periodic_projection_q4_to_q1_effective_fye_from_prior_10k,2025,Q4,ok,AUTO_OK,2026,Q1,prior_periodic_projection_q4_to_q1_effective_fye_from_prior_10k,false,false,AUTO_OK,2026,Q1,prior_periodic_projection_q4_to_q1_effective_fye_from_prior_10k,false,false
PLCE,0001104659-23-063865,A,2023,Q1,FAIL_CLOSED,,,rule_g_fail_closed_fy_disagreement_calendar,2022,Q4,ok,AUTO_OK,2023,Q1,rule_g2_calendar_advance_xbrl,true,true,AUTO_OK,2023,Q1,rule_g2_all_advance_xbrl,true,true
PLCE,0001104659-23-092844,A,2023,Q2,FAIL_CLOSED,,,rule_g_fail_closed_fy_disagreement_calendar,2023,Q1,ok,AUTO_OK,2023,Q2,rule_g2_calendar_advance_xbrl,true,true,AUTO_OK,2023,Q2,rule_g2_all_advance_xbrl,true,true
PLCE,0001104659-23-118905,A,2023,Q3,FAIL_CLOSED,,,rule_g_fail_closed_fy_disagreement_calendar,2023,Q2,ok,AUTO_OK,2023,Q3,rule_g2_calendar_advance_xbrl,true,true,AUTO_OK,2023,Q3,rule_g2_all_advance_xbrl,true,true
PLCE,0001104659-24-012551,C,2023,Q4,FAIL_CLOSED,,,rule_g_fail_closed_fy_disagreement_calendar,2023,Q3,ok,AUTO_OK,2023,Q4,rule_g2_calendar_advance_xbrl,excluded,true,AUTO_OK,2023,Q4,rule_g2_all_advance_xbrl,excluded,true
PLCE,0001104659-24-098778,A,2024,Q2,FAIL_CLOSED,,,rule_g_fail_closed_fy_disagreement_calendar,2024,Q1,ok,AUTO_OK,2024,Q2,rule_g2_calendar_advance_xbrl,true,true,AUTO_OK,2024,Q2,rule_g2_all_advance_xbrl,true,true
PLCE,0001104659-24-124895,A,2024,Q3,FAIL_CLOSED,,,rule_g_fail_closed_fy_disagreement_calendar,2024,Q2,ok,AUTO_OK,2024,Q3,rule_g2_calendar_advance_xbrl,true,true,AUTO_OK,2024,Q3,rule_g2_all_advance_xbrl,true,true
PLCE,0001104659-25-034246,B,2024,Q4,FAIL_CLOSED,,,rule_g_fail_closed_fy_disagreement_calendar,2024,Q3,ok,AUTO_OK,2024,Q4,rule_g2_calendar_advance_xbrl,true,true,AUTO_OK,2024,Q4,rule_g2_all_advance_xbrl,true,true
PLCE,0001104659-25-087836,A,2025,Q2,FAIL_CLOSED,,,rule_g_fail_closed_fy_disagreement_calendar,2025,Q1,ok,AUTO_OK,2025,Q2,rule_g2_calendar_advance_xbrl,true,true,AUTO_OK,2025,Q2,rule_g2_all_advance_xbrl,true,true
PRU,0001137774-23-000114,B,2023,Q3,FAIL_CLOSED,,,prior_periodic_projection_no_prior,,,missing_prior,FAIL_CLOSED,,,prior_periodic_projection_no_prior,fail_closed,false,FAIL_CLOSED,,,prior_periodic_projection_no_prior,fail_closed,false
PRU,0001137774-24-000007,B,2023,Q4,AUTO_OK,2023,Q4,prior_periodic_projection_q3_to_q4,2023,Q3,ok,AUTO_OK,2023,Q4,prior_periodic_projection_q3_to_q4,true,false,AUTO_OK,2023,Q4,prior_periodic_projection_q3_to_q4,true,false
PRU,0001137774-24-000064,B,2024,Q1,AUTO_OK,2024,Q1,prior_periodic_projection_q4_to_q1,2023,Q4,ok,AUTO_OK,2024,Q1,prior_periodic_projection_q4_to_q1,true,false,AUTO_OK,2024,Q1,prior_periodic_projection_q4_to_q1,true,false
PRU,0001137774-24-000147,B,2024,Q2,AUTO_OK,2024,Q2,prior_periodic_projection_q1_to_q2,2024,Q1,ok,AUTO_OK,2024,Q2,prior_periodic_projection_q1_to_q2,true,false,AUTO_OK,2024,Q2,prior_periodic_projection_q1_to_q2,true,false
PRU,0001137774-24-000243,B,2024,Q3,AUTO_OK,2024,Q3,prior_periodic_projection_q2_to_q3,2024,Q2,ok,AUTO_OK,2024,Q3,prior_periodic_projection_q2_to_q3,true,false,AUTO_OK,2024,Q3,prior_periodic_projection_q2_to_q3,true,false
PRU,0001137774-25-000013,C,2024,Q3,AUTO_OK,2024,Q4,prior_periodic_projection_q3_to_q4,2024,Q3,ok,AUTO_OK,2024,Q4,prior_periodic_projection_q3_to_q4,excluded,false,AUTO_OK,2024,Q4,prior_periodic_projection_q3_to_q4,excluded,false
PRU,0001137774-25-000021,B,2024,Q4,AUTO_OK,2024,Q4,prior_periodic_projection_q3_to_q4,2024,Q3,ok,AUTO_OK,2024,Q4,prior_periodic_projection_q3_to_q4,true,false,AUTO_OK,2024,Q4,prior_periodic_projection_q3_to_q4,true,false
PRU,0001137774-25-000057,B,2025,Q1,AUTO_OK,2025,Q1,prior_periodic_projection_q4_to_q1,2024,Q4,ok,AUTO_OK,2025,Q1,prior_periodic_projection_q4_to_q1,true,false,AUTO_OK,2025,Q1,prior_periodic_projection_q4_to_q1,true,false
PRU,0001137774-25-000095,B,2025,Q2,AUTO_OK,2025,Q2,prior_periodic_projection_q1_to_q2,2025,Q1,ok,AUTO_OK,2025,Q2,prior_periodic_projection_q1_to_q2,true,false,AUTO_OK,2025,Q2,prior_periodic_projection_q1_to_q2,true,false
PRU,0001137774-25-000104,B,2025,Q2,AUTO_OK,2025,Q2,prior_periodic_projection_q1_to_q2,2025,Q1,ok,AUTO_OK,2025,Q2,prior_periodic_projection_q1_to_q2,true,false,AUTO_OK,2025,Q2,prior_periodic_projection_q1_to_q2,true,false
PRU,0001137774-25-000168,B,2025,Q3,AUTO_OK,2025,Q3,prior_periodic_projection_q2_to_q3,2025,Q2,ok,AUTO_OK,2025,Q3,prior_periodic_projection_q2_to_q3,true,false,AUTO_OK,2025,Q3,prior_periodic_projection_q2_to_q3,true,false
PRU,0001137774-25-000174,B,2025,Q3,AUTO_OK,2025,Q3,prior_periodic_projection_q2_to_q3,2025,Q2,ok,AUTO_OK,2025,Q3,prior_periodic_projection_q2_to_q3,true,false,AUTO_OK,2025,Q3,prior_periodic_projection_q2_to_q3,true,false
PRU,0001137774-26-000005,B,2025,Q4,AUTO_OK,2025,Q4,prior_periodic_projection_q3_to_q4,2025,Q3,ok,AUTO_OK,2025,Q4,prior_periodic_projection_q3_to_q4,true,false,AUTO_OK,2025,Q4,prior_periodic_projection_q3_to_q4,true,false
PRU,0001137774-26-000012,B,2025,Q4,AUTO_OK,2025,Q4,prior_periodic_projection_q3_to_q4,2025,Q3,ok,AUTO_OK,2025,Q4,prior_periodic_projection_q3_to_q4,true,false,AUTO_OK,2025,Q4,prior_periodic_projection_q3_to_q4,true,false
PRU,0001137774-26-000087,C,2025,Q4,AUTO_OK,2026,Q1,prior_periodic_projection_q4_to_q1,2025,Q4,ok,AUTO_OK,2026,Q1,prior_periodic_projection_q4_to_q1,excluded,false,AUTO_OK,2026,Q1,prior_periodic_projection_q4_to_q1,excluded,false
PVH,0000078239-23-000062,C,2022,Q4,FAIL_CLOSED,,,rule_g_fail_closed_fy_disagreement_calendar,2022,Q4,ok,AUTO_OK,2023,Q1,rule_g2_calendar_advance_xbrl,excluded,true,AUTO_OK,2023,Q1,rule_g2_all_advance_xbrl,excluded,true
PVH,0000078239-23-000111,C,2022,Q4,FAIL_CLOSED,,,rule_g_fail_closed_fy_disagreement_calendar,2023,Q1,ok,AUTO_OK,2023,Q2,rule_g2_calendar_advance_xbrl,excluded,true,AUTO_OK,2023,Q2,rule_g2_all_advance_xbrl,excluded,true
PVH,0000078239-23-000129,A,2023,Q3,FAIL_CLOSED,,,rule_g_fail_closed_fy_disagreement_calendar,2023,Q2,ok,AUTO_OK,2023,Q3,rule_g2_calendar_advance_xbrl,true,true,AUTO_OK,2023,Q3,rule_g2_all_advance_xbrl,true,true
PVH,0000078239-24-000011,B,2023,Q4,FAIL_CLOSED,,,rule_g_fail_closed_fy_disagreement_calendar,2023,Q3,ok,AUTO_OK,2023,Q4,rule_g2_calendar_advance_xbrl,true,true,AUTO_OK,2023,Q4,rule_g2_all_advance_xbrl,true,true
PVH,0000078239-24-000030,A,2024,Q1,FAIL_CLOSED,,,rule_g_fail_closed_fy_disagreement_calendar,2023,Q4,ok,AUTO_OK,2024,Q1,rule_g2_calendar_advance_xbrl,true,true,AUTO_OK,2024,Q1,rule_g2_all_advance_xbrl,true,true
PVH,0000078239-24-000065,A,2024,Q2,FAIL_CLOSED,,,rule_g_fail_closed_fy_disagreement_calendar,2024,Q1,ok,AUTO_OK,2024,Q2,rule_g2_calendar_advance_xbrl,true,true,AUTO_OK,2024,Q2,rule_g2_all_advance_xbrl,true,true
PVH,0000078239-24-000083,A,2024,Q3,FAIL_CLOSED,,,rule_g_fail_closed_fy_disagreement_calendar,2024,Q2,ok,AUTO_OK,2024,Q3,rule_g2_calendar_advance_xbrl,true,true,AUTO_OK,2024,Q3,rule_g2_all_advance_xbrl,true,true
PVH,0000078239-25-000014,A,2024,Q4,FAIL_CLOSED,,,rule_g_fail_closed_fy_disagreement_calendar,2024,Q3,ok,AUTO_OK,2024,Q4,rule_g2_calendar_advance_xbrl,true,true,AUTO_OK,2024,Q4,rule_g2_all_advance_xbrl,true,true
PVH,0000078239-25-000050,A,2025,Q1,FAIL_CLOSED,,,rule_g_fail_closed_fy_disagreement_calendar,2024,Q4,ok,AUTO_OK,2025,Q1,rule_g2_calendar_advance_xbrl,true,true,AUTO_OK,2025,Q1,rule_g2_all_advance_xbrl,true,true
PVH,0000078239-25-000066,A,2025,Q2,FAIL_CLOSED,,,rule_g_fail_closed_fy_disagreement_calendar,2025,Q1,ok,AUTO_OK,2025,Q2,rule_g2_calendar_advance_xbrl,true,true,AUTO_OK,2025,Q2,rule_g2_all_advance_xbrl,true,true
PVH,0000078239-25-000084,B,2025,Q1,FAIL_CLOSED,,,rule_g_fail_closed_fy_disagreement_calendar,2025,Q2,ok,AUTO_OK,2025,Q3,rule_g2_calendar_advance_xbrl,false,true,AUTO_OK,2025,Q3,rule_g2_all_advance_xbrl,false,true
PVH,0000078239-26-000020,A,2025,Q4,FAIL_CLOSED,,,rule_g_fail_closed_fy_disagreement_calendar,2025,Q3,ok,AUTO_OK,2025,Q4,rule_g2_calendar_advance_xbrl,true,true,AUTO_OK,2025,Q4,rule_g2_all_advance_xbrl,true,true
RH,0001104659-25-120343,A,2025,Q3,FAIL_CLOSED,,,rule_g_fail_closed_fy_disagreement_calendar,2025,Q2,ok,AUTO_OK,2025,Q3,rule_g2_calendar_advance_xbrl,true,true,AUTO_OK,2025,Q3,rule_g2_all_advance_xbrl,true,true
RH,0001104659-26-037775,A,2025,Q4,FAIL_CLOSED,,,rule_g_fail_closed_fy_disagreement_calendar,2025,Q3,ok,AUTO_OK,2025,Q4,rule_g2_calendar_advance_xbrl,true,true,AUTO_OK,2025,Q4,rule_g2_all_advance_xbrl,true,true
RH,0001558370-23-000847,A,2023,Q4,FAIL_CLOSED,,,prior_periodic_projection_no_prior,,,missing_prior,FAIL_CLOSED,,,prior_periodic_projection_no_prior,fail_closed,false,FAIL_CLOSED,,,prior_periodic_projection_no_prior,fail_closed,false
RH,0001558370-23-004729,B,2022,Q1,FAIL_CLOSED,,,prior_periodic_projection_no_prior,,,missing_prior,FAIL_CLOSED,,,prior_periodic_projection_no_prior,fail_closed,false,FAIL_CLOSED,,,prior_periodic_projection_no_prior,fail_closed,false
RH,0001558370-23-004922,B,2022,Q4,FAIL_CLOSED,,,prior_periodic_projection_no_prior,,,missing_prior,FAIL_CLOSED,,,prior_periodic_projection_no_prior,fail_closed,false,FAIL_CLOSED,,,prior_periodic_projection_no_prior,fail_closed,false
RH,0001558370-23-010460,A,2023,Q1,AUTO_OK,2024,Q1,prior_periodic_projection_q4_to_q1,2023,Q4,ok,AUTO_OK,2024,Q1,prior_periodic_projection_q4_to_q1,false,false,AUTO_OK,2024,Q1,prior_periodic_projection_q4_to_q1,false,false
RH,0001558370-23-015550,A,2023,Q2,FAIL_CLOSED,,,rule_g_fail_closed_fy_disagreement_calendar,2023,Q1,ok,AUTO_OK,2023,Q2,rule_g2_calendar_advance_xbrl,true,true,AUTO_OK,2023,Q2,rule_g2_all_advance_xbrl,true,true
RH,0001558370-23-019626,A,2023,Q3,FAIL_CLOSED,,,rule_g_fail_closed_fy_disagreement_calendar,2023,Q2,ok,AUTO_OK,2023,Q3,rule_g2_calendar_advance_xbrl,true,true,AUTO_OK,2023,Q3,rule_g2_all_advance_xbrl,true,true
RH,0001558370-24-004085,B,2023,Q4,FAIL_CLOSED,,,rule_g_fail_closed_fy_disagreement_calendar,2023,Q3,ok,AUTO_OK,2023,Q4,rule_g2_calendar_advance_xbrl,true,true,AUTO_OK,2023,Q4,rule_g2_all_advance_xbrl,true,true
RH,0001558370-24-009144,A,2024,Q1,AUTO_OK,2025,Q1,prior_periodic_projection_q4_to_q1,2024,Q4,ok,AUTO_OK,2025,Q1,prior_periodic_projection_q4_to_q1,false,false,AUTO_OK,2025,Q1,prior_periodic_projection_q4_to_q1,false,false
RH,0001558370-24-012764,A,2024,Q2,FAIL_CLOSED,,,rule_g_fail_closed_fy_disagreement_calendar,2024,Q1,ok,AUTO_OK,2024,Q2,rule_g2_calendar_advance_xbrl,true,true,AUTO_OK,2024,Q2,rule_g2_all_advance_xbrl,true,true
RH,0001558370-24-016181,A,2024,Q3,FAIL_CLOSED,,,rule_g_fail_closed_fy_disagreement_calendar,2024,Q2,ok,AUTO_OK,2024,Q3,rule_g2_calendar_advance_xbrl,true,true,AUTO_OK,2024,Q3,rule_g2_all_advance_xbrl,true,true
RH,0001558370-25-004324,A,2024,Q4,FAIL_CLOSED,,,rule_g_fail_closed_fy_disagreement_calendar,2024,Q3,ok,AUTO_OK,2024,Q4,rule_g2_calendar_advance_xbrl,true,true,AUTO_OK,2024,Q4,rule_g2_all_advance_xbrl,true,true
RH,0001558370-25-012006,A,2025,Q2,FAIL_CLOSED,,,rule_g_fail_closed_fy_disagreement_calendar,2025,Q1,ok,AUTO_OK,2025,Q2,rule_g2_calendar_advance_xbrl,true,true,AUTO_OK,2025,Q2,rule_g2_all_advance_xbrl,true,true
ROST,0000745732-24-000006,A,2023,Q4,FAIL_CLOSED,,,rule_g_fail_closed_fy_disagreement_calendar,2023,Q3,ok,AUTO_OK,2023,Q4,rule_g2_calendar_advance_xbrl,true,true,AUTO_OK,2023,Q4,rule_g2_all_advance_xbrl,true,true
ROST,0000745732-25-000007,A,2024,Q4,FAIL_CLOSED,,,rule_g_fail_closed_fy_disagreement_calendar,2024,Q3,ok,AUTO_OK,2024,Q4,rule_g2_calendar_advance_xbrl,true,true,AUTO_OK,2024,Q4,rule_g2_all_advance_xbrl,true,true
ULTA,0001104659-25-118457,A,2025,Q3,FAIL_CLOSED,,,rule_g_fail_closed_fy_disagreement_calendar,2025,Q2,ok,AUTO_OK,2025,Q3,rule_g2_calendar_advance_xbrl,true,true,AUTO_OK,2025,Q3,rule_g2_all_advance_xbrl,true,true
ULTA,0001104659-26-027061,A,2025,Q4,FAIL_CLOSED,,,rule_g_fail_closed_fy_disagreement_calendar,2025,Q3,ok,AUTO_OK,2025,Q4,rule_g2_calendar_advance_xbrl,true,true,AUTO_OK,2025,Q4,rule_g2_all_advance_xbrl,true,true
ULTA,0001558370-23-010462,A,2023,Q1,FAIL_CLOSED,,,rule_g_fail_closed_fy_disagreement_calendar,2022,Q4,ok,AUTO_OK,2023,Q1,rule_g2_calendar_advance_xbrl,true,true,AUTO_OK,2023,Q1,rule_g2_all_advance_xbrl,true,true
ULTA,0001558370-23-015251,A,2023,Q2,FAIL_CLOSED,,,rule_g_fail_closed_fy_disagreement_calendar,2023,Q1,ok,AUTO_OK,2023,Q2,rule_g2_calendar_advance_xbrl,true,true,AUTO_OK,2023,Q2,rule_g2_all_advance_xbrl,true,true
ULTA,0001558370-23-019391,A,2023,Q3,FAIL_CLOSED,,,rule_g_fail_closed_fy_disagreement_calendar,2023,Q2,ok,AUTO_OK,2023,Q3,rule_g2_calendar_advance_xbrl,true,true,AUTO_OK,2023,Q3,rule_g2_all_advance_xbrl,true,true
ULTA,0001558370-24-003233,A,2023,Q4,FAIL_CLOSED,,,rule_g_fail_closed_fy_disagreement_calendar,2023,Q3,ok,AUTO_OK,2023,Q4,rule_g2_calendar_advance_xbrl,true,true,AUTO_OK,2023,Q4,rule_g2_all_advance_xbrl,true,true
ULTA,0001558370-24-008776,A,2024,Q1,FAIL_CLOSED,,,rule_g_fail_closed_fy_disagreement_calendar,2023,Q4,ok,AUTO_OK,2024,Q1,rule_g2_calendar_advance_xbrl,true,true,AUTO_OK,2024,Q1,rule_g2_all_advance_xbrl,true,true
ULTA,0001558370-24-012541,A,2024,Q2,FAIL_CLOSED,,,rule_g_fail_closed_fy_disagreement_calendar,2024,Q1,ok,AUTO_OK,2024,Q2,rule_g2_calendar_advance_xbrl,true,true,AUTO_OK,2024,Q2,rule_g2_all_advance_xbrl,true,true
ULTA,0001558370-24-016047,A,2024,Q3,FAIL_CLOSED,,,rule_g_fail_closed_fy_disagreement_calendar,2024,Q2,ok,AUTO_OK,2024,Q3,rule_g2_calendar_advance_xbrl,true,true,AUTO_OK,2024,Q3,rule_g2_all_advance_xbrl,true,true
ULTA,0001558370-25-002905,A,2024,Q4,FAIL_CLOSED,,,rule_g_fail_closed_fy_disagreement_calendar,2024,Q3,ok,AUTO_OK,2024,Q4,rule_g2_calendar_advance_xbrl,true,true,AUTO_OK,2024,Q4,rule_g2_all_advance_xbrl,true,true
ULTA,0001558370-25-008242,A,2025,Q1,FAIL_CLOSED,,,rule_g_fail_closed_fy_disagreement_calendar,2024,Q4,ok,AUTO_OK,2025,Q1,rule_g2_calendar_advance_xbrl,true,true,AUTO_OK,2025,Q1,rule_g2_all_advance_xbrl,true,true
ULTA,0001558370-25-011803,A,2025,Q2,FAIL_CLOSED,,,rule_g_fail_closed_fy_disagreement_calendar,2025,Q1,ok,AUTO_OK,2025,Q2,rule_g2_calendar_advance_xbrl,true,true,AUTO_OK,2025,Q2,rule_g2_all_advance_xbrl,true,true
WDAY,0001327811-23-000022,A,2023,Q4,FAIL_CLOSED,,,prior_periodic_projection_no_prior,,,missing_prior,FAIL_CLOSED,,,prior_periodic_projection_no_prior,fail_closed,false,FAIL_CLOSED,,,prior_periodic_projection_no_prior,fail_closed,false
WDAY,0001327811-23-000077,A,2024,Q1,AUTO_OK,2024,Q1,prior_periodic_projection_q4_to_q1,2023,Q4,ok,AUTO_OK,2024,Q1,prior_periodic_projection_q4_to_q1,true,false,AUTO_OK,2024,Q1,prior_periodic_projection_q4_to_q1,true,false
WDAY,0001327811-23-000149,A,2024,Q2,AUTO_OK,2024,Q2,prior_periodic_projection_q1_to_q2,2024,Q1,ok,AUTO_OK,2024,Q2,prior_periodic_projection_q1_to_q2,true,false,AUTO_OK,2024,Q2,prior_periodic_projection_q1_to_q2,true,false
WDAY,0001327811-23-000200,A,2024,Q3,AUTO_OK,2024,Q3,prior_periodic_projection_q2_to_q3,2024,Q2,ok,AUTO_OK,2024,Q3,prior_periodic_projection_q2_to_q3,true,false,AUTO_OK,2024,Q3,prior_periodic_projection_q2_to_q3,true,false
WDAY,0001327811-24-000031,A,2024,Q4,AUTO_OK,2024,Q4,prior_periodic_projection_q3_to_q4,2024,Q3,ok,AUTO_OK,2024,Q4,prior_periodic_projection_q3_to_q4,true,false,AUTO_OK,2024,Q4,prior_periodic_projection_q3_to_q4,true,false
WDAY,0001327811-24-000089,A,2025,Q1,AUTO_OK,2025,Q1,prior_periodic_projection_q4_to_q1,2024,Q4,ok,AUTO_OK,2025,Q1,prior_periodic_projection_q4_to_q1,true,false,AUTO_OK,2025,Q1,prior_periodic_projection_q4_to_q1,true,false
WDAY,0001327811-24-000163,A,2025,Q2,AUTO_OK,2025,Q2,prior_periodic_projection_q1_to_q2,2025,Q1,ok,AUTO_OK,2025,Q2,prior_periodic_projection_q1_to_q2,true,false,AUTO_OK,2025,Q2,prior_periodic_projection_q1_to_q2,true,false
WDAY,0001327811-24-000233,A,2025,Q3,AUTO_OK,2025,Q3,prior_periodic_projection_q2_to_q3,2025,Q2,ok,AUTO_OK,2025,Q3,prior_periodic_projection_q2_to_q3,true,false,AUTO_OK,2025,Q3,prior_periodic_projection_q2_to_q3,true,false
WDAY,0001327811-25-000030,A,2025,Q4,AUTO_OK,2025,Q4,prior_periodic_projection_q3_to_q4,2025,Q3,ok,AUTO_OK,2025,Q4,prior_periodic_projection_q3_to_q4,true,false,AUTO_OK,2025,Q4,prior_periodic_projection_q3_to_q4,true,false
WDAY,0001327811-25-000040,A,2025,Q4,AUTO_OK,2025,Q4,prior_periodic_projection_q3_to_q4,2025,Q3,ok,AUTO_OK,2025,Q4,prior_periodic_projection_q3_to_q4,true,false,AUTO_OK,2025,Q4,prior_periodic_projection_q3_to_q4,true,false
WDAY,0001327811-25-000105,B,2026,Q1,AUTO_OK,2026,Q1,prior_periodic_projection_q4_to_q1,2025,Q4,ok,AUTO_OK,2026,Q1,prior_periodic_projection_q4_to_q1,true,false,AUTO_OK,2026,Q1,prior_periodic_projection_q4_to_q1,true,false
WDAY,0001327811-25-000181,B,2026,Q2,FAIL_CLOSED,,,rule_g_fail_closed_fy_disagreement_calendar,2025,Q1,ok,AUTO_OK,2025,Q2,rule_g2_calendar_advance_xbrl,false,true,AUTO_OK,2025,Q2,rule_g2_all_advance_xbrl,false,true
WDAY,0001327811-25-000196,B,2026,Q3,FAIL_CLOSED,,,rule_g_fail_closed_fy_disagreement_calendar,2025,Q2,ok,AUTO_OK,2025,Q3,rule_g2_calendar_advance_xbrl,false,true,AUTO_OK,2025,Q3,rule_g2_all_advance_xbrl,false,true
WDAY,0001327811-26-000004,A,2026,Q4,FAIL_CLOSED,,,rule_g_fail_closed_fy_disagreement_calendar,2025,Q3,ok,AUTO_OK,2025,Q4,rule_g2_calendar_advance_xbrl,false,true,AUTO_OK,2025,Q4,rule_g2_all_advance_xbrl,false,true
WDAY,0001327811-26-000010,A,2026,Q4,FAIL_CLOSED,,,rule_g_fail_closed_fy_disagreement_calendar,2025,Q3,ok,AUTO_OK,2025,Q4,rule_g2_calendar_advance_xbrl,false,true,AUTO_OK,2025,Q4,rule_g2_all_advance_xbrl,false,true
WMS,0001604028-23-000006,A,2023,Q3,FAIL_CLOSED,,,prior_periodic_projection_no_prior,,,missing_prior,FAIL_CLOSED,,,prior_periodic_projection_no_prior,fail_closed,false,FAIL_CLOSED,,,prior_periodic_projection_no_prior,fail_closed,false
WMS,0001604028-23-000012,A,2023,Q4,AUTO_OK,2023,Q4,prior_periodic_projection_q3_to_q4,2023,Q3,ok,AUTO_OK,2023,Q4,prior_periodic_projection_q3_to_q4,true,false,AUTO_OK,2023,Q4,prior_periodic_projection_q3_to_q4,true,false
WMS,0001604028-23-000033,B,2024,Q1,AUTO_OK,2024,Q1,prior_periodic_projection_q4_to_q1,2023,Q4,ok,AUTO_OK,2024,Q1,prior_periodic_projection_q4_to_q1,true,false,AUTO_OK,2024,Q1,prior_periodic_projection_q4_to_q1,true,false
WMS,0001604028-23-000047,B,2024,Q2,FAIL_CLOSED,,,rule_g_fail_closed_fy_disagreement_calendar,2023,Q3,ok,AUTO_OK,2023,Q4,rule_g2_calendar_advance_xbrl,false,true,AUTO_OK,2023,Q4,rule_g2_all_advance_xbrl,false,true
WMS,0001604028-24-000008,A,2024,Q4,FAIL_CLOSED,,,prior_periodic_projection_denylisted_prior_fail_closed,2023,Q3,ok,FAIL_CLOSED,,,prior_periodic_projection_denylisted_prior_fail_closed,fail_closed,false,FAIL_CLOSED,,,prior_periodic_projection_denylisted_prior_fail_closed,fail_closed,false
WMS,0001604028-24-000029,B,2025,Q1,AUTO_OK,2025,Q1,prior_periodic_projection_q4_to_q1,2024,Q4,ok,AUTO_OK,2025,Q1,prior_periodic_projection_q4_to_q1,true,false,AUTO_OK,2025,Q1,prior_periodic_projection_q4_to_q1,true,false
WMS,0001604028-24-000041,A,2025,Q2,FAIL_CLOSED,,,rule_g_fail_closed_fy_disagreement_calendar,2024,Q1,ok,AUTO_OK,2024,Q2,rule_g2_calendar_advance_xbrl,false,true,AUTO_OK,2024,Q2,rule_g2_all_advance_xbrl,false,true
WMS,0001604028-25-000002,A,2025,Q3,AUTO_OK,2025,Q3,prior_periodic_projection_q2_to_q3,2025,Q2,ok,AUTO_OK,2025,Q3,prior_periodic_projection_q2_to_q3,true,false,AUTO_OK,2025,Q3,prior_periodic_projection_q2_to_q3,true,false
WMS,0001604028-25-000009,A,2025,Q4,AUTO_OK,2025,Q4,prior_periodic_projection_q3_to_q4,2025,Q3,ok,AUTO_OK,2025,Q4,prior_periodic_projection_q3_to_q4,true,false,AUTO_OK,2025,Q4,prior_periodic_projection_q3_to_q4,true,false
WMS,0001604028-25-000027,B,2026,Q1,AUTO_OK,2026,Q1,prior_periodic_projection_q4_to_q1,2025,Q4,ok,AUTO_OK,2026,Q1,prior_periodic_projection_q4_to_q1,true,false,AUTO_OK,2026,Q1,prior_periodic_projection_q4_to_q1,true,false
WMS,0001604028-26-000004,B,2026,Q3,FAIL_CLOSED,,,rule_g_fail_closed_fy_disagreement_calendar,2025,Q2,ok,AUTO_OK,2025,Q3,rule_g2_calendar_advance_xbrl,false,true,AUTO_OK,2025,Q3,rule_g2_all_advance_xbrl,false,true
