symbol,sector_etf,industry_etf,stock_available,sector_available,industry_available,spy_available,complete_four_leg,stock_first_tick,sector_first_tick,industry_first_tick,spy_first_tick
FMC,XLB,MOO,True,False,False,True,False,2003-09-10 13:30:49.229000,,,2026-04-27 13:38:16.565000
SMG,XLB,MOO,True,False,False,True,False,2003-09-10 13:36:01.925000,,,2026-04-27 13:38:16.565000
FLS,XLI,IYJ,True,False,False,True,False,2026-04-27 13:38:42.375000,,,2026-04-27 13:38:16.565000
SMTC,XLK,SOXX,True,False,True,True,False,2003-09-10 13:28:34.000000,,2026-04-27 14:45:10.783000,2026-04-27 13:38:16.565000
SNPS,XLK,IGV,True,False,False,True,False,2003-09-10 13:04:57.000000,,,2026-04-27 13:38:16.565000
FRT,XLRE,SRET,True,False,False,True,False,2003-09-10 13:30:06.649000,,,2026-04-27 13:38:16.565000
SLB,XLE,OIH,True,True,False,True,False,2003-09-10 13:30:10.815000,2026-04-27 13:38:17.068000,,2026-04-27 13:38:16.565000
SLG,XLRE,IYR,True,False,False,True,False,2026-04-27 18:32:40.988000,,,2026-04-27 13:38:16.565000
SLGN,XLY,VDC,True,False,False,True,False,2003-09-10 13:31:48.000000,,,2026-04-27 13:38:16.565000
SPG,XLRE,SRET,True,False,False,True,False,2003-09-10 13:31:44.914000,,,2026-04-27 13:38:16.565000
ETR,XLU,IDU,True,False,False,True,False,2003-09-10 13:32:34.344000,,,2026-04-27 13:38:16.565000
ESS,XLRE,REZ,True,False,False,True,False,2003-09-10 13:32:36.865000,,,2026-04-27 13:38:16.565000
EQT,XLE,XOP,True,True,False,True,False,2026-04-27 13:38:14.000000,2026-04-27 13:38:17.068000,,2026-04-27 13:38:16.565000
EQR,XLRE,REZ,True,False,False,True,False,2003-09-10 13:31:51.752000,,,2026-04-27 13:38:16.565000
EOG,XLE,XOP,True,True,False,True,False,2003-09-10 13:33:52.513000,2026-04-27 13:38:17.068000,,2026-04-27 13:38:16.565000
EXPD,XLI,IYT,True,False,False,True,False,2026-04-27 13:38:38.999000,,,2026-04-27 13:38:16.565000
FE,XLU,IDU,True,False,False,True,False,2003-09-10 13:31:03.748000,,,2026-04-27 13:38:16.565000
FDX,XLI,IYT,True,False,False,True,False,2003-09-10 13:32:38.558000,,,2026-04-27 13:38:16.565000
FDS,XLF,IAI,True,True,False,True,False,2026-04-27 15:15:47.726000,2026-04-28 13:36:40.030000,,2026-04-27 13:38:16.565000
FCX,XLB,XME,True,False,False,True,False,2003-09-10 13:29:34.061000,,,2026-04-27 13:38:16.565000
SON,XLY,VDC,True,False,False,True,False,2003-09-10 13:32:09.915000,,,2026-04-27 13:38:16.565000
FAST,XLI,IYJ,True,False,False,True,False,2003-09-10 13:29:32.000000,,,2026-04-27 13:38:16.565000
F,XLY,CARZ,True,False,False,True,False,2003-09-10 13:30:21.610000,,,2026-04-27 13:38:16.565000
FUN,XLY,PEJ,True,False,False,True,False,2003-09-10 13:39:32.489000,,,2026-04-27 13:38:16.565000
GWW,XLI,IYJ,True,False,False,True,False,2003-09-10 13:31:13.998000,,,2026-04-27 13:38:16.565000
GT,XLY,CARZ,True,False,False,True,False,2003-09-10 13:35:28.853000,,,2026-04-27 13:38:16.565000
SBGI,XLC,PEJ,True,False,False,True,False,2003-09-10 13:29:45.000000,,,2026-04-27 13:38:16.565000
GPC,XLY,XRT,True,False,False,True,False,2003-09-10 13:30:43.130000,,,2026-04-27 13:38:16.565000
HAE,XLV,IHI,True,False,False,True,False,2003-09-10 13:32:33.301000,,,2026-04-27 13:38:16.565000
SBUX,XLY,EATZ,True,False,False,True,False,2003-09-10 12:30:08.000000,,,2026-04-27 13:38:16.565000
HAS,XLY,PEJ,True,False,False,True,False,2003-09-10 13:30:11.440000,,,2026-04-27 13:38:16.565000
HAL,XLE,OIH,True,True,False,True,False,2003-09-10 13:30:10.430000,2026-04-27 13:38:17.068000,,2026-04-27 13:38:16.565000
HAIN,XLP,PBJ,True,False,False,True,False,2003-09-10 13:30:14.000000,,,2026-04-27 13:38:16.565000
GBX,XLI,IYT,True,False,False,True,False,2003-09-10 13:33:28.378000,,,2026-04-27 13:38:16.565000
SHOO,XLY,XRT,True,False,False,True,False,2003-09-10 13:31:50.000000,,,2026-04-27 13:38:16.565000
SHW,XLB,IYM,True,False,False,True,False,2003-09-10 13:33:21.728000,,,2026-04-27 13:38:16.565000
GLW,XLK,IYW,True,False,False,True,False,2003-09-10 13:31:26.579000,,,2026-04-27 13:38:16.565000
GIS,XLP,PBJ,True,False,False,True,False,2003-09-10 13:30:24.829000,,,2026-04-27 13:38:16.565000
GILD,XLV,IHE,True,False,False,True,False,2003-09-10 13:04:46.000000,,,2026-04-27 13:38:16.565000
GE,XLI,IYJ,True,False,False,True,False,2003-09-10 13:28:54.282000,,,2026-04-27 13:38:16.565000
GIII,XLY,XRT,True,False,False,True,False,2003-09-10 13:29:41.000000,,,2026-04-27 13:38:16.565000
EMR,XLI,IYJ,True,False,False,True,False,2003-09-10 13:30:24.990000,,,2026-04-27 13:38:16.565000
CSCO,XLK,SOXX,True,False,True,True,False,2003-09-10 12:00:00.000000,,2026-04-27 14:45:10.783000,2026-04-27 13:38:16.565000
TJX,XLY,XRT,True,False,False,True,False,2003-09-10 13:37:19.460000,,,2026-04-27 13:38:16.565000
TKR,XLI,IYJ,True,False,False,True,False,2026-04-27 13:38:20.178000,,,2026-04-27 13:38:16.565000
TMO,XLV,IHI,True,False,False,True,False,2003-09-10 13:30:13.870000,,,2026-04-27 13:38:16.565000
CPT,XLRE,REZ,True,False,False,True,False,2026-04-28 14:47:57.530000,,,2026-04-27 13:38:16.565000
CPRT,XLI,IYJ,True,False,False,True,False,2026-04-28 10:00:48.543000,,,2026-04-27 13:38:16.565000
CVS,XLV,IHF,True,False,False,True,False,2003-09-10 13:30:41.369000,,,2026-04-27 13:38:16.565000
TENX,XLV,IHF,True,False,False,True,False,2014-09-19 13:05:26.633000,,,2026-04-27 13:38:16.565000
CTAS,XLI,IYJ,True,False,False,True,False,2003-09-10 13:27:03.000000,,,2026-04-27 13:38:16.565000
CPB,XLP,PBJ,True,False,False,True,False,2003-09-10 13:30:46.839000,,,2026-04-27 13:38:16.565000
CMC,XLB,SLX,True,False,False,True,False,2003-09-10 13:30:18.629000,,,2026-04-27 13:38:16.565000
CLX,XLP,VDC,True,False,False,True,False,2003-09-10 13:31:15.769000,,,2026-04-27 13:38:16.565000
TROW,XLF,IAI,True,True,False,True,False,2026-04-27 13:38:26.151000,2026-04-28 13:36:40.030000,,2026-04-27 13:38:16.565000
CLF,XLB,SLX,True,False,False,True,False,2003-09-10 13:31:08.800000,,,2026-04-27 13:38:16.565000
CL,XLP,VDC,True,False,False,True,False,2003-09-10 13:30:42.219000,,,2026-04-27 13:38:16.565000
TSCO,XLY,XRT,True,False,False,True,False,2026-04-27 14:45:13.926000,,,2026-04-27 13:38:16.565000
CIEN,XLK,SOXX,True,False,True,True,False,2006-10-23 13:30:04.444000,,2026-04-27 14:45:10.783000,2026-04-27 13:38:16.565000
TRMB,XLK,IYW,True,False,False,True,False,2003-09-10 13:23:29.000000,,,2026-04-27 13:38:16.565000
TOL,XLY,ITB,True,False,False,True,False,2003-09-10 13:34:52.050000,,,2026-04-27 13:38:16.565000
COST,XLP,XRT,True,False,False,True,False,2003-09-10 12:12:07.000000,,,2026-04-27 13:38:16.565000
COO,XLV,IHI,True,False,False,True,False,2026-04-27 13:38:23.008000,,,2026-04-27 13:38:16.565000
TFX,XLV,IHI,True,False,False,True,False,2003-09-10 13:52:03.732000,,,2026-04-27 13:38:16.565000
EAT,XLY,EATZ,True,False,False,True,False,2003-09-10 13:32:18.797000,,,2026-04-27 13:38:16.565000
STT,XLF,IAI,True,True,False,True,False,2003-09-10 13:31:38.368000,2026-04-28 13:36:40.030000,,2026-04-27 13:38:16.565000
DY,XLI,PKB,True,False,False,True,False,2026-04-28 14:41:43.140000,,,2026-04-27 13:38:16.565000
DUK,XLU,IDU,True,False,False,True,False,2003-09-10 13:30:04.737000,,,2026-04-27 13:38:16.565000
DTE,XLU,IDU,True,False,False,True,False,2003-09-10 13:30:09.246000,,,2026-04-27 13:38:16.565000
SWK,XLI,IYJ,True,False,False,True,False,2003-09-10 13:30:13.838000,,,2026-04-27 13:38:16.565000
ECL,XLB,IYM,True,False,False,True,False,2003-09-10 13:30:06.748000,,,2026-04-27 13:38:16.565000
EMN,XLB,IYM,True,False,False,True,False,2003-09-10 13:30:04.320000,,,2026-04-27 13:38:16.565000
STAA,XLV,IHI,True,False,False,True,False,2003-09-10 13:30:29.000000,,,2026-04-27 13:38:16.565000
EL,XLP,VDC,True,False,False,True,False,2003-09-10 13:33:54.530000,,,2026-04-27 13:38:16.565000
EIX,XLU,IDU,True,False,False,True,False,2026-04-28 16:30:16.072000,,,2026-04-27 13:38:16.565000
EFX,XLI,IGV,True,False,False,True,False,2003-09-10 13:30:12.781000,,,2026-04-27 13:38:16.565000
EEFT,XLK,IGV,True,False,False,True,False,2026-04-28 16:30:06.214000,,,2026-04-27 13:38:16.565000
STLD,XLB,SLX,True,False,False,True,False,2003-09-10 13:30:13.000000,,,2026-04-27 13:38:16.565000
ED,XLU,IDU,True,False,False,True,False,2003-09-10 13:33:12.836000,,,2026-04-27 13:38:16.565000
HIG,XLF,KIE,True,True,False,True,False,2003-09-10 13:30:33.759000,2026-04-28 13:36:40.030000,,2026-04-27 13:38:16.565000
DRI,XLY,EATZ,True,False,False,True,False,2003-09-10 13:32:38.767000,,,2026-04-27 13:38:16.565000
DECK,XLY,XRT,True,False,False,True,False,2026-04-27 13:38:13.425000,,,2026-04-27 13:38:16.565000
DE,XLI,PAVE,True,False,False,True,False,2003-09-10 13:33:57.504000,,,2026-04-27 13:38:16.565000
TECH,XLV,IBB,True,False,False,True,False,2003-09-10 13:29:57.000000,,,2026-04-27 13:38:16.565000
DAR,XLP,PBJ,True,False,False,True,False,2003-09-10 13:40:47.160000,,,2026-04-27 13:38:16.565000
D,XLU,IDU,True,False,False,True,False,2003-09-10 13:31:42.609000,,,2026-04-27 13:38:16.565000
TER,XLK,SOXX,True,False,True,True,False,2003-09-10 13:30:09.298000,,2026-04-27 14:45:10.783000,2026-04-27 13:38:16.565000
TEX,XLI,PAVE,True,False,False,True,False,2003-09-10 13:35:06.368000,,,2026-04-27 13:38:16.565000
SYK,XLV,IHI,True,False,False,True,False,2003-09-10 13:32:26.058000,,,2026-04-27 13:38:16.565000
DOV,XLI,IYJ,True,False,False,True,False,2003-09-10 13:30:13.747000,,,2026-04-27 13:38:16.565000
SYY,XLP,PBJ,True,False,False,True,False,2026-04-27 13:38:14.491000,,,2026-04-27 13:38:16.565000
DLTR,XLP,XRT,True,False,False,True,False,2003-09-10 13:26:29.000000,,,2026-04-27 13:38:16.565000
DIS,XLC,PEJ,True,False,False,True,False,2003-09-10 13:30:16.043000,,,2026-04-27 13:38:16.565000
DHR,XLV,IHI,True,False,False,True,False,2003-09-10 13:31:23.993000,,,2026-04-27 13:38:16.565000
DHI,XLY,ITB,True,False,False,True,False,2003-09-10 13:35:13.554000,,,2026-04-27 13:38:16.565000
DGX,XLV,IHI,True,False,False,True,False,2003-09-10 13:30:06.493000,,,2026-04-27 13:38:16.565000
MMM,XLI,IYJ,True,False,False,True,False,2003-09-10 13:30:26.748000,,,2026-04-27 13:38:16.565000
MMC,XLF,KIE,False,True,False,True,False,,2026-04-28 13:36:40.030000,,2026-04-27 13:38:16.565000
MLM,XLB,PKB,True,False,False,True,False,2026-04-27 13:39:05.617000,,,2026-04-27 13:38:16.565000
PEG,XLU,IDU,True,False,False,True,False,2003-09-10 13:31:07.503000,,,2026-04-27 13:38:16.565000
MIDD,XLI,IYJ,True,False,False,True,False,2026-04-27 13:38:24.333000,,,2026-04-27 13:38:16.565000
PEGA,XLK,IGV,True,False,False,True,False,2003-09-10 13:30:20.000000,,,2026-04-27 13:38:16.565000
MHK,XLY,XHB,True,False,False,True,False,2026-04-28 13:43:54.021000,,,2026-04-27 13:38:16.565000
MSM,XLI,IYJ,True,False,False,True,False,2026-04-27 13:38:17.379000,,,2026-04-27 13:38:16.565000
PCAR,XLI,PAVE,True,False,False,True,False,2003-09-10 12:50:12.000000,,,2026-04-27 13:38:16.565000
PEP,XLP,PBJ,True,False,False,True,False,2003-09-10 13:31:25.003000,,,2026-04-27 13:38:16.565000
MAT,XLY,PEJ,True,False,False,True,False,2003-09-10 13:31:35.955000,,,2026-04-27 13:38:16.565000
MAS,XLI,XHB,True,False,False,True,False,2003-09-10 13:30:38.913000,,,2026-04-27 13:38:16.565000
PII,XLY,PEJ,True,False,False,True,False,2003-09-10 13:33:03.526000,,,2026-04-27 13:38:16.565000
MAN,XLI,IYJ,True,False,False,True,False,2003-09-10 13:30:30.913000,,,2026-04-27 13:38:16.565000
MAA,XLRE,REZ,True,False,False,True,False,2003-09-10 13:31:47.914000,,,2026-04-27 13:38:16.565000
LUV,XLI,JETS,True,False,False,True,False,2003-09-10 12:15:55.822000,,,2026-04-27 13:38:16.565000
PLCE,XLY,XRT,True,False,False,True,False,2003-09-10 13:29:44.000000,,,2026-04-27 13:38:16.565000
CG,XLF,KIE,True,True,False,True,False,2012-05-04 12:23:19.160000,2026-04-28 13:36:40.030000,,2026-04-27 13:38:16.565000
MTD,XLV,IHI,True,False,False,True,False,2003-09-10 13:32:18.026000,,,2026-04-27 13:38:16.565000
PFE,XLV,IHE,True,False,False,True,False,2003-09-10 13:30:22.483000,,,2026-04-27 13:38:16.565000
MDT,XLV,IHI,True,False,False,True,False,2003-09-10 13:32:09.914000,,,2026-04-27 13:38:16.565000
MCK,XLV,IHF,True,False,False,True,False,2003-09-10 13:30:11.913000,,,2026-04-27 13:38:16.565000
MCHP,XLK,SOXX,True,False,True,True,False,2003-09-10 13:26:35.000000,,2026-04-27 14:45:10.783000,2026-04-27 13:38:16.565000
MCD,XLY,EATZ,True,False,False,True,False,2003-09-10 13:30:51.414000,,,2026-04-27 13:38:16.565000
PG,XLP,VDC,True,False,False,True,False,2003-09-10 13:30:28.530000,,,2026-04-27 13:38:16.565000
PGR,XLF,KIE,True,True,False,True,False,2003-09-10 13:30:05.483000,2026-04-28 13:36:40.030000,,2026-04-27 13:38:16.565000
PH,XLI,IYJ,True,False,False,True,False,2003-09-10 13:35:26.985000,,,2026-04-27 13:38:16.565000
PHM,XLY,ITB,True,False,False,True,False,2003-09-10 13:37:48.013000,,,2026-04-27 13:38:16.565000
LSTR,XLI,IYT,True,False,False,True,False,2003-09-10 13:10:00.000000,,,2026-04-27 13:38:16.565000
NUE,XLB,SLX,True,False,False,True,False,2003-09-10 13:31:05.053000,,,2026-04-27 13:38:16.565000
NTRS,XLF,IAI,True,True,False,True,False,2003-09-10 13:26:07.000000,2026-04-28 13:36:40.030000,,2026-04-27 13:38:16.565000
NTAP,XLK,IYW,True,False,False,True,False,2003-09-10 12:06:28.000000,,,2026-04-27 13:38:16.565000
NSC,XLI,IYT,True,False,False,True,False,2003-09-10 13:30:52.306000,,,2026-04-27 13:38:16.565000
ORCL,XLK,IGV,True,False,False,True,False,2003-09-10 12:17:35.000000,,,2026-04-27 13:38:16.565000
ORLY,XLY,XRT,True,False,False,True,False,2003-09-10 13:25:43.000000,,,2026-04-27 13:38:16.565000
NOC,XLI,ITA,True,False,False,True,False,2003-09-10 13:31:12.335000,,,2026-04-27 13:38:16.565000
ODFL,XLI,FTXR,True,False,False,True,False,2003-09-10 13:30:08.000000,,,2026-04-27 13:38:16.565000
OGE,XLU,IDU,True,False,False,True,False,2026-04-27 14:02:31.902000,,,2026-04-27 13:38:16.565000
OHI,XLRE,SRET,True,False,False,True,False,2026-04-28 13:55:55.104000,,,2026-04-27 13:38:16.565000
OI,XLY,VDC,True,False,False,True,False,2003-09-10 13:30:30.053000,,,2026-04-27 13:38:16.565000
OKE,XLE,AMLP,True,True,False,True,False,2026-04-27 13:38:16.613000,2026-04-27 13:38:17.068000,,2026-04-27 13:38:16.565000
O,XLRE,SRET,True,False,False,True,False,2003-09-10 13:30:51.554000,,,2026-04-27 13:38:16.565000
NYT,XLC,COMM,True,False,False,True,False,2026-04-27 13:38:15.084000,,,2026-04-27 13:38:16.565000
OLN,XLB,IYM,True,False,False,True,False,2003-09-10 13:31:21.554000,,,2026-04-27 13:38:16.565000
OMC,XLC,VOX,True,False,False,True,False,2003-09-10 13:30:07.053000,,,2026-04-27 13:38:16.565000
NWL,XLP,VDC,True,False,False,True,False,2003-09-10 13:30:17.053000,,,2026-04-27 13:38:16.565000
MYGN,XLV,IHI,True,False,False,True,False,2003-09-10 13:28:34.000000,,,2026-04-27 13:38:16.565000
NBIX,XLV,XPH,True,False,False,True,False,2003-09-10 13:29:50.000000,,,2026-04-27 13:38:16.565000
PAYX,XLI,IYJ,True,False,False,True,False,2003-09-10 13:27:59.000000,,,2026-04-27 13:38:16.565000
MUR,XLE,XOP,True,True,False,True,False,2003-09-10 13:31:14.313000,2026-04-27 13:38:17.068000,,2026-04-27 13:38:16.565000
MU,XLK,SOXX,True,False,True,True,False,2003-09-10 12:12:16.375000,,2026-04-27 14:45:10.783000,2026-04-27 13:38:16.565000
MTZ,XLI,PKB,True,False,False,True,False,2003-09-10 13:36:14.127000,,,2026-04-27 13:38:16.565000
MTW,XLI,PAVE,True,False,False,True,False,2026-04-27 13:39:22.897000,,,2026-04-27 13:38:16.565000
MTH,XLY,ITB,True,False,False,True,False,2003-09-10 13:30:48.026000,,,2026-04-27 13:38:16.565000
NKE,XLY,XRT,True,False,False,True,False,2003-09-10 13:32:30.895000,,,2026-04-27 13:38:16.565000
OXM,XLY,XRT,True,False,False,True,False,2003-09-10 13:34:42.792000,,,2026-04-27 13:38:16.565000
OXY,XLE,XOP,True,True,False,True,False,2003-09-10 13:31:11.908000,2026-04-27 13:38:17.068000,,2026-04-27 13:38:16.565000
NBR,XLE,OIH,True,True,False,True,False,2003-09-10 13:30:09.736000,2026-04-27 13:38:17.068000,,2026-04-27 13:38:16.565000
NEM,XLB,GDX,True,False,True,True,False,2003-09-10 12:54:12.302000,,2026-04-28 14:41:38.004000,2026-04-27 13:38:16.565000
NDSN,XLI,IYJ,True,False,False,True,False,2003-09-10 13:30:40.000000,,,2026-04-27 13:38:16.565000
LSCC,XLK,SOXX,True,False,True,True,False,2003-09-10 13:27:49.000000,,2026-04-27 14:45:10.783000,2026-04-27 13:38:16.565000
LRCX,XLK,SOXX,True,False,True,True,False,2003-09-10 13:20:24.000000,,2026-04-27 14:45:10.783000,2026-04-27 13:38:16.565000
RGA,XLF,KIE,True,True,False,True,False,2003-09-11 13:30:24.097000,2026-04-28 13:36:40.030000,,2026-04-27 13:38:16.565000
RGEN,XLV,IHI,True,False,False,True,False,2003-09-10 13:30:24.000000,,,2026-04-27 13:38:16.565000
IFF,XLB,IYM,True,False,False,True,False,2003-09-10 13:37:15.147000,,,2026-04-27 13:38:16.565000
IEX,XLI,IYJ,True,False,False,True,False,2003-09-10 13:31:39.612000,,,2026-04-27 13:38:16.565000
IDXX,XLV,IHI,True,False,False,True,False,2003-09-10 13:19:40.000000,,,2026-04-27 13:38:16.565000
REGN,XLV,IBB,True,False,False,True,False,2003-09-10 13:09:44.000000,,,2026-04-27 13:38:16.565000
IP,XLY,VDC,True,False,False,True,False,2003-09-10 13:31:49.189000,,,2026-04-27 13:38:16.565000
INTU,XLK,IGV,True,False,False,True,False,2003-09-10 13:24:15.000000,,,2026-04-27 13:38:16.565000
RCL,XLY,JETS,True,False,False,True,False,2003-09-10 13:32:33.983000,,,2026-04-27 13:38:16.565000
INCY,XLV,IBB,True,False,False,True,False,2003-09-10 12:00:19.000000,,,2026-04-27 13:38:16.565000
HRL,XLP,PBJ,True,False,False,True,False,2003-09-10 13:33:49.159000,,,2026-04-27 13:38:16.565000
HP,XLE,OIH,True,True,False,True,False,2003-09-10 13:30:19.520000,2026-04-27 13:38:17.068000,,2026-04-27 13:38:16.565000
ROK,XLI,IYJ,True,False,False,True,False,2026-04-28 15:40:16.639000,,,2026-04-27 13:38:16.565000
RNR,XLF,KIE,True,True,False,True,False,2026-04-27 13:38:24.342000,2026-04-28 13:36:40.030000,,2026-04-27 13:38:16.565000
HOLX,XLV,IHI,False,False,False,True,False,,,,2026-04-27 13:38:16.565000
ROP,XLK,IGV,True,False,False,True,False,2003-09-10 13:31:08.984000,,,2026-04-27 13:38:16.565000
ROST,XLY,XRT,True,False,False,True,False,2003-09-10 13:24:08.000000,,,2026-04-27 13:38:16.565000
HLIT,XLK,SOXX,True,False,True,True,False,2003-09-10 13:02:47.000000,,2026-04-27 14:45:10.783000,2026-04-27 13:38:16.565000
HL,XLB,XME,True,False,False,True,False,2003-09-10 13:30:28.709000,,,2026-04-27 13:38:16.565000
IR,XLI,IYJ,True,False,False,True,False,2026-04-27 13:38:13.554000,,,2026-04-27 13:38:16.565000
RIG,XLE,OIH,True,True,False,True,False,2003-09-10 13:30:12.984000,2026-04-27 13:38:17.068000,,2026-04-27 13:38:16.565000
IBM,XLK,IGV,True,False,False,True,False,2003-09-10 12:47:10.397000,,,2026-04-27 13:38:16.565000
IART,XLV,IHI,True,False,False,True,False,2003-09-10 13:29:51.000000,,,2026-04-27 13:38:16.565000
RJF,XLF,IAI,True,True,False,True,False,2026-04-27 13:38:31.315000,2026-04-28 13:36:40.030000,,2026-04-27 13:38:16.565000
RL,XLY,XRT,True,False,False,True,False,2026-04-27 13:38:23.015000,,,2026-04-27 13:38:16.565000
HUM,XLV,IHF,True,False,False,True,False,2003-09-10 13:35:16.698000,,,2026-04-27 13:38:16.565000
HUBG,XLI,IYT,True,False,False,True,False,2003-09-10 13:59:18.000000,,,2026-04-27 13:38:16.565000
HUBB,XLI,IYJ,True,False,False,True,False,2026-04-27 13:38:23.602000,,,2026-04-27 13:38:16.565000
HSY,XLP,PBJ,True,False,False,True,False,2003-09-10 13:33:48.650000,,,2026-04-27 13:38:16.565000
HXL,XLI,ITA,True,False,False,True,False,2003-09-10 13:36:06.228000,,,2026-04-27 13:38:16.565000
R,XLI,IYJ,True,False,False,True,False,2026-04-27 13:38:29.626000,,,2026-04-27 13:38:16.565000
LEN,XLY,ITB,True,False,False,True,False,2003-09-10 13:26:31.300000,,,2026-04-27 13:38:16.565000
LECO,XLI,IYJ,True,False,False,True,False,2003-09-10 13:30:57.000000,,,2026-04-27 13:38:16.565000
PPL,XLU,IDU,True,False,False,True,False,2026-04-28 15:37:15.778000,,,2026-04-27 13:38:16.565000
PSA,XLRE,INDS,True,False,False,True,False,2026-04-28 14:57:14.817000,,,2026-04-27 13:38:16.565000
KSS,XLY,XRT,True,False,False,True,False,2026-04-27 13:38:24.499000,,,2026-04-27 13:38:16.565000
LPX,XLI,XHB,True,False,False,True,False,2003-09-10 13:30:05.994000,,,2026-04-27 13:38:16.565000
LOW,XLY,XHB,True,False,False,True,False,2003-09-10 13:31:28.290000,,,2026-04-27 13:38:16.565000
LNC,XLF,KIE,True,True,False,True,False,2003-09-10 13:31:59.400000,2026-04-28 13:36:40.030000,,2026-04-27 13:38:16.565000
LMT,XLI,ITA,True,False,False,True,False,2003-09-10 13:30:04.460000,,,2026-04-27 13:38:16.565000
LLY,XLV,IHE,True,False,False,True,False,2003-09-10 13:30:20.480000,,,2026-04-27 13:38:16.565000
PNW,XLU,IDU,True,False,False,True,False,2003-09-10 13:30:46.583000,,,2026-04-27 13:38:16.565000
LH,XLV,IHI,True,False,False,True,False,2003-09-10 13:30:36.721000,,,2026-04-27 13:38:16.565000
JKHY,XLK,IGV,True,False,False,True,False,2003-09-10 13:30:01.000000,,,2026-04-27 13:38:16.565000
PZZA,XLY,EATZ,True,False,False,True,False,2026-04-27 16:54:50.113000,,,2026-04-27 13:38:16.565000
JBHT,XLI,IYT,True,False,False,True,False,2003-09-10 12:48:33.000000,,,2026-04-27 13:38:16.565000
QCOM,XLK,SOXX,True,False,True,True,False,2003-09-10 12:00:19.000000,,2026-04-27 14:45:10.783000,2026-04-27 13:38:16.565000
QDEL,XLV,IHI,True,False,False,True,False,2003-09-10 13:30:52.000000,,,2026-04-27 13:38:16.565000
ITW,XLI,IYJ,True,False,False,True,False,2003-09-10 13:34:06.058000,,,2026-04-27 13:38:16.565000
ITRI,XLK,IYW,True,False,False,True,False,2026-04-28 14:09:50.373000,,,2026-04-27 13:38:16.565000
KRC,XLRE,IYR,True,False,False,True,False,2003-09-10 13:32:27.305000,,,2026-04-27 13:38:16.565000
KR,XLP,VDC,True,False,False,True,False,2026-04-27 19:55:42.918000,,,2026-04-27 13:38:16.565000
KO,XLP,PBJ,True,False,False,True,False,2003-09-10 13:32:06.492000,,,2026-04-27 13:38:16.565000
PTEN,XLE,OIH,True,True,False,True,False,2003-09-10 13:19:59.000000,2026-04-27 13:38:17.068000,,2026-04-27 13:38:16.565000
KMT,XLI,IYJ,True,False,False,True,False,2003-09-10 13:33:14.421000,,,2026-04-27 13:38:16.565000
KMB,XLP,VDC,True,False,False,True,False,2003-09-10 13:31:21.101000,,,2026-04-27 13:38:16.565000
KLAC,XLK,SOXX,True,False,True,True,False,2003-09-10 12:00:19.000000,,2026-04-27 14:45:10.783000,2026-04-27 13:38:16.565000
KBH,XLY,ITB,True,False,False,True,False,2003-09-10 13:36:03.822000,,,2026-04-27 13:38:16.565000
PVH,XLY,XRT,True,False,False,True,False,2003-09-10 13:32:41.583000,,,2026-04-27 13:38:16.565000
KIM,XLRE,SRET,True,False,False,True,False,2003-09-10 13:34:55.313000,,,2026-04-27 13:38:16.565000
CI,XLV,IHF,True,False,False,True,False,2003-09-10 13:33:47.519000,,,2026-04-27 13:38:16.565000
BA,XLI,ITA,True,False,False,True,False,2003-09-10 12:21:20.813000,,,2026-04-27 13:38:16.565000
VLO,XLE,CRAK,True,True,False,True,False,2003-09-10 13:30:51.800000,2026-04-27 13:38:17.068000,,2026-04-27 13:38:16.565000
CBRL,XLY,EATZ,True,False,False,True,False,2003-09-10 13:09:54.000000,,,2026-04-27 13:38:16.565000
AZO,XLY,XRT,True,False,False,True,False,2003-09-10 13:31:43.214000,,,2026-04-27 13:38:16.565000
TYL,XLK,IGV,True,False,False,True,False,2003-09-10 13:32:16.444000,,,2026-04-27 13:38:16.565000
VMC,XLB,PKB,True,False,False,True,False,2003-09-10 13:35:31.301000,,,2026-04-27 13:38:16.565000
AVY,XLY,VDC,True,False,False,True,False,2026-04-28 15:37:46.155000,,,2026-04-27 13:38:16.565000
CAT,XLI,PAVE,True,False,False,True,False,2003-09-10 13:31:52.531000,,,2026-04-27 13:38:16.565000
BCRX,XLV,IBB,True,False,False,True,False,2026-04-27 19:55:44.450000,,,2026-04-27 13:38:16.565000
VFC,XLY,XRT,True,False,False,True,False,2003-09-10 13:30:13.020000,,,2026-04-27 13:38:16.565000
BC,XLY,PEJ,True,False,False,True,False,2003-09-10 13:31:26.192000,,,2026-04-27 13:38:16.565000
BBY,XLY,XRT,True,False,False,True,False,2003-09-10 12:28:52.337000,,,2026-04-27 13:38:16.565000
BAX,XLV,IHI,True,False,False,True,False,2003-09-10 13:31:04.889000,,,2026-04-27 13:38:16.565000
CASY,XLY,XRT,True,False,False,True,False,2003-09-10 13:30:44.000000,,,2026-04-27 13:38:16.565000
VNO,XLRE,IYR,False,False,False,True,False,,,,2026-04-27 13:38:16.565000
TXN,XLK,SOXX,True,False,True,True,False,2003-09-10 12:00:18.373000,,2026-04-27 14:45:10.783000,2026-04-27 13:38:16.565000
WAB,XLI,IYT,True,False,False,True,False,2003-09-10 13:31:14.260000,,,2026-04-27 13:38:16.565000
WAT,XLV,IHI,True,False,False,True,False,2003-09-10 13:31:13.750000,,,2026-04-27 13:38:16.565000
NSP,XLI,IYJ,True,False,False,True,False,2026-04-27 13:38:37.422000,,,2026-04-27 13:38:16.565000
ASH,XLB,IYM,True,False,False,True,False,2003-09-10 13:30:13.643000,,,2026-04-27 13:38:16.565000
TXT,XLI,ITA,True,False,False,True,False,2026-04-27 13:38:21.763000,,,2026-04-27 13:38:16.565000
ATO,XLU,FCG,True,False,False,True,False,2026-04-27 19:21:12.000000,,,2026-04-27 13:38:16.565000
CCK,XLY,VDC,True,False,False,True,False,2003-09-10 13:30:37.773000,,,2026-04-27 13:38:16.565000
VSAT,XLK,SOXX,True,False,True,True,False,2003-09-10 13:29:43.000000,,2026-04-27 14:45:10.783000,2026-04-27 13:38:16.565000
CCL,XLY,JETS,True,False,False,True,False,2003-09-10 13:34:20.182000,,,2026-04-27 13:38:16.565000
BWA,XLY,CARZ,True,False,False,True,False,2003-09-10 13:32:03.559000,,,2026-04-27 13:38:16.565000
VRTX,XLV,IBB,True,False,False,True,False,2003-09-10 13:30:01.000000,,,2026-04-27 13:38:16.565000
UNFI,XLP,PBJ,True,False,False,True,False,2003-09-10 13:30:06.000000,,,2026-04-27 13:38:16.565000
UNH,XLV,IHF,True,False,False,True,False,2003-09-10 13:34:27.359000,,,2026-04-27 13:38:16.565000
UNP,XLI,IYT,True,False,False,True,False,2003-09-10 13:31:03.679000,,,2026-04-27 13:38:16.565000
UDR,XLRE,REZ,True,False,False,True,False,2003-09-10 13:31:42.289000,,,2026-04-27 13:38:16.565000
BXP,XLRE,IYR,True,False,False,True,False,2003-09-10 13:32:45.418000,,,2026-04-27 13:38:16.565000
UHS,XLV,IHF,True,False,False,True,False,2026-04-27 23:58:02.734000,,,2026-04-27 13:38:16.565000
BSX,XLV,IHI,True,False,False,True,False,2026-04-27 13:38:18.362000,,,2026-04-27 13:38:16.565000
URBN,XLY,XRT,True,False,False,True,False,2003-09-10 13:10:02.000000,,,2026-04-27 13:38:16.565000
BEN,XLF,IAI,True,True,False,True,False,2003-09-10 13:31:04.569000,2026-04-28 13:36:40.030000,,2026-04-27 13:38:16.565000
BDX,XLV,IHI,True,False,False,True,False,2003-09-10 13:30:14.679000,,,2026-04-27 13:38:16.565000
URI,XLI,IYJ,True,False,False,True,False,2003-09-10 13:35:29.683000,,,2026-04-27 13:38:16.565000
BMY,XLV,IHE,True,False,False,True,False,2003-09-10 13:30:16.179000,,,2026-04-27 13:38:16.565000
CACI,XLK,IGV,True,False,False,True,False,2009-05-04 13:30:00.652000,,,2026-04-27 13:38:16.565000
CAG,XLP,PBJ,True,False,False,True,False,2003-09-10 13:32:53.048000,,,2026-04-27 13:38:16.565000
CAH,XLV,IHF,True,False,False,True,False,2026-04-27 13:38:42.375000,,,2026-04-27 13:38:16.565000
BK,XLF,IAI,True,True,False,True,False,2003-09-10 13:30:12.661000,2026-04-28 13:36:40.030000,,2026-04-27 13:38:16.565000
CAKE,XLY,EATZ,True,False,False,True,False,2003-09-10 13:21:41.000000,,,2026-04-27 13:38:16.565000
WSO,XLI,IYJ,True,False,False,True,False,2003-09-10 13:33:03.398000,,,2026-04-27 13:38:16.565000
ZBRA,XLK,SOXX,True,False,True,True,False,2003-09-10 12:00:19.000000,,2026-04-27 14:45:10.783000,2026-04-27 13:38:16.565000
ALB,XLB,IYM,True,False,False,True,False,2003-09-10 13:32:44.420000,,,2026-04-27 13:38:16.565000
WST,XLV,IHI,True,False,False,True,False,2026-04-27 13:38:28.011000,,,2026-04-27 13:38:16.565000
AJG,XLF,KIE,True,True,False,True,False,2003-09-10 13:32:56.810000,2026-04-28 13:36:40.030000,,2026-04-27 13:38:16.565000
YUM,XLY,EATZ,True,False,False,True,False,2003-09-10 13:30:12.236000,,,2026-04-27 13:38:16.565000
WMT,XLP,XRT,True,False,False,True,False,2003-09-10 12:36:24.551000,,,2026-04-27 13:38:16.565000
ALV,XLY,CARZ,True,False,False,True,False,2003-09-10 13:42:45.511000,,,2026-04-27 13:38:16.565000
ABT,XLV,IHI,True,False,False,True,False,2003-09-10 12:52:25.215000,,,2026-04-27 13:38:16.565000
ALL,XLF,KIE,True,True,False,True,False,2026-04-27 16:53:39.365000,2026-04-28 13:36:40.030000,,2026-04-27 13:38:16.565000
ALKS,XLV,XPH,True,False,False,True,False,2003-09-10 13:29:31.000000,,,2026-04-27 13:38:16.565000
ALK,XLI,JETS,True,False,False,True,False,2003-09-10 13:34:54.306000,,,2026-04-27 13:38:16.565000
AIR,XLI,ITA,True,False,False,True,False,2003-09-10 13:32:34.807000,,,2026-04-27 13:38:16.565000
AEE,XLU,IDU,True,False,False,True,False,2003-09-10 13:31:34.809000,,,2026-04-27 13:38:16.565000
AEIS,XLI,IYJ,True,False,False,True,False,2003-09-11 13:29:33.000000,,,2026-04-27 13:38:16.565000
ADBE,XLK,IGV,True,False,False,True,False,2003-09-10 12:19:29.000000,,,2026-04-27 13:38:16.565000
ADSK,XLK,IGV,True,False,False,True,False,2026-04-27 13:38:18.389000,,,2026-04-27 13:38:16.565000
ADC,XLRE,SRET,True,False,False,True,False,2003-09-10 13:35:15.729000,,,2026-04-27 13:38:16.565000
XRAY,XLV,IHI,True,False,False,True,False,2003-09-10 13:30:00.000000,,,2026-04-27 13:38:16.565000
ADM,XLP,MOO,True,False,False,True,False,2003-09-10 13:30:10.762000,,,2026-04-27 13:38:16.565000
ADI,XLK,SOXX,True,False,True,True,False,2003-09-10 13:30:34.181000,,2026-04-27 14:45:10.783000,2026-04-27 13:38:16.565000
XRX,XLK,IGV,True,False,False,True,False,2003-09-10 12:03:10.052000,,,2026-04-27 13:38:16.565000
AIG,XLF,KIE,True,True,False,True,False,2003-09-10 12:46:09.689000,2026-04-28 13:36:40.030000,,2026-04-27 13:38:16.565000
WWW,XLY,XRT,True,False,False,True,False,2026-04-27 13:38:22.681000,,,2026-04-27 13:38:16.565000
AFL,XLF,KIE,True,True,False,True,False,2003-09-10 13:32:58.898000,2026-04-28 13:36:40.030000,,2026-04-27 13:38:16.565000
TSN,XLP,MOO,True,False,False,True,False,2026-04-28 15:26:48.382000,,,2026-04-27 13:38:16.565000
CGNX,XLK,IYW,True,False,False,True,False,2026-04-27 18:32:50.943000,,,2026-04-27 13:38:16.565000
AES,XLU,IDU,True,False,False,True,False,2003-09-10 13:30:19.910000,,,2026-04-27 13:38:16.565000
AEP,XLU,IDU,True,False,False,True,False,2003-09-10 13:30:31.091000,,,2026-04-27 13:38:16.565000
CHH,XLY,PEJ,True,False,False,True,False,2003-09-10 13:30:13.039000,,,2026-04-27 13:38:16.565000
WMB,XLE,AMLP,True,True,False,True,False,2003-09-10 13:30:18.149000,2026-04-27 13:38:17.068000,,2026-04-27 13:38:16.565000
TTWO,XLC,GAMR,True,False,False,True,False,2003-09-10 12:23:11.000000,,,2026-04-27 13:38:16.565000
ABM,XLI,IYJ,True,False,False,True,False,2003-09-10 13:35:06.659000,,,2026-04-27 13:38:16.565000
ANF,XLY,XRT,True,False,False,True,False,2003-09-10 13:30:55.311000,,,2026-04-27 13:38:16.565000
WEC,XLU,IDU,True,False,False,True,False,2026-04-27 13:38:18.219000,,,2026-04-27 13:38:16.565000
AMZN,XLY,XRT,True,False,False,True,False,2003-09-10 12:17:23.000000,,,2026-04-27 13:38:16.565000
APH,XLK,IYW,True,False,False,True,False,2003-09-10 13:30:22.741000,,,2026-04-27 13:38:16.565000
WHR,XLY,XHB,True,False,False,True,False,2026-04-28 16:30:32.499000,,,2026-04-27 13:38:16.565000
APA,XLE,XOP,True,True,False,True,False,2003-09-10 13:31:04.610000,2026-04-27 13:38:17.068000,,2026-04-27 13:38:16.565000
AAPL,XLK,IYW,True,False,False,True,False,2003-09-10 13:13:20.000000,,,2026-04-27 13:38:16.565000
WDC,XLK,IYW,True,False,False,True,False,2003-09-10 13:30:36.840000,,,2026-04-27 13:38:16.565000
WGO,XLY,PEJ,True,False,False,True,False,2003-09-10 13:33:08.339000,,,2026-04-27 13:38:16.565000
WERN,XLI,FTXR,True,False,False,True,False,2003-09-10 12:56:25.000000,,,2026-04-27 13:38:16.565000
APD,XLB,IYM,True,False,False,True,False,2026-04-27 14:03:07.031000,,,2026-04-27 13:38:16.565000
AMGN,XLV,IHE,True,False,False,True,False,2003-09-10 12:00:06.000000,,,2026-04-27 13:38:16.565000
AMAT,XLK,SOXX,True,False,True,True,False,2003-09-10 12:00:18.000000,,2026-04-27 14:45:10.783000,2026-04-27 13:38:16.565000
AMD,XLK,SOXX,True,False,True,True,False,2003-09-10 12:00:23.463000,,2026-04-27 14:45:10.783000,2026-04-27 13:38:16.565000
AME,XLI,IYJ,True,False,False,True,False,2003-09-10 13:32:25.730000,,,2026-04-27 13:38:16.565000
CHRW,XLI,IYT,True,False,False,True,False,2005-11-14 14:22:05.000000,,,2026-04-27 13:38:16.565000
AMED,XLV,IHF,False,False,False,True,False,,,,2026-04-27 13:38:16.565000
AMG,XLF,IAI,True,True,False,True,False,2026-04-27 23:00:00.003000,2026-04-28 13:36:40.030000,,2026-04-27 13:38:16.565000
MRCY,XLI,ITA,True,False,False,True,False,2003-09-10 13:30:31.000000,,,2026-04-27 13:38:16.565000
PWR,XLI,PKB,True,False,False,True,False,2003-09-10 13:31:07.363000,,,2026-04-27 13:38:16.565000
MAR,XLY,PEJ,True,False,False,True,False,2003-09-10 13:33:21.456000,,,2026-04-27 13:38:16.565000
SEE,XLY,VDC,False,False,False,True,False,,,,2026-04-27 13:38:16.565000
HZO,XLY,XRT,True,False,False,True,False,2026-04-28 15:40:32.364000,,,2026-04-27 13:38:16.565000
AMT,XLRE,IYR,True,False,False,True,False,2003-09-10 13:31:27.190000,,,2026-04-27 13:38:16.565000
MSTR,XLK,IGV,True,False,False,True,False,2026-04-28 10:42:12.565000,,,2026-04-27 13:38:16.565000
CTSH,XLK,IGV,True,False,False,True,False,2026-04-27 19:55:41.537000,,,2026-04-27 13:38:16.565000
SRE,XLU,IDU,True,False,False,True,False,2003-09-10 13:30:00.993000,,,2026-04-27 13:38:16.565000
RSG,XLI,IYJ,True,False,False,True,False,2003-09-10 13:31:54.484000,,,2026-04-27 13:38:16.565000
EPD,XLE,AMLP,True,True,False,True,False,2003-09-10 13:38:03.138000,2026-04-27 13:38:17.068000,,2026-04-27 13:38:16.565000
EBAY,XLY,XRT,True,False,False,True,False,2026-04-27 13:38:16.124000,,,2026-04-27 13:38:16.565000
PAA,XLE,AMLP,True,True,False,True,False,2026-04-27 13:38:12.433000,2026-04-27 13:38:17.068000,,2026-04-27 13:38:16.565000
NVDA,XLK,SOXX,True,False,True,True,False,2003-09-10 12:00:19.000000,,2026-04-27 14:45:10.783000,2026-04-27 13:38:16.565000
AXL,XLY,CARZ,False,False,False,True,False,,,,2026-04-27 13:38:16.565000
MKSI,XLK,IYW,True,False,False,True,False,2026-04-27 13:38:13.482000,,,2026-04-27 13:38:16.565000
GS,XLF,IAI,True,True,False,True,False,2003-09-10 13:30:05.203000,2026-04-28 13:36:40.030000,,2026-04-27 13:38:16.565000
FFIV,XLK,IGV,True,False,False,True,False,2003-09-10 13:25:18.000000,,,2026-04-27 13:38:16.565000
SKX,XLY,XRT,False,False,False,True,False,,,,2026-04-27 13:38:16.565000
SBAC,XLRE,IYR,True,False,False,True,False,2003-09-10 13:30:01.000000,,,2026-04-27 13:38:16.565000
UTHR,XLV,IBB,True,False,False,True,False,2003-09-10 13:30:41.000000,,,2026-04-27 13:38:16.565000
LII,XLI,XHB,True,False,False,True,False,2003-09-10 13:30:51.910000,,,2026-04-27 13:38:16.565000
DVN,XLE,XOP,True,True,False,True,False,2026-04-27 13:38:16.451000,2026-04-27 13:38:17.068000,,2026-04-27 13:38:16.565000
BLK,XLF,IAI,True,True,False,True,False,2003-09-10 13:32:12.179000,2026-04-28 13:36:40.030000,,2026-04-27 13:38:16.565000
AKAM,XLK,IGV,True,False,False,True,False,2003-09-10 12:49:05.000000,,,2026-04-27 13:38:16.565000
UPS,XLI,IYT,True,False,False,True,False,2003-09-10 13:30:10.979000,,,2026-04-27 13:38:16.565000
A,XLV,IHI,True,False,False,True,False,2003-09-10 13:30:49.800000,,,2026-04-27 13:38:16.565000
TDY,XLK,IYW,True,False,False,True,False,2003-09-10 13:30:51.911000,,,2026-04-27 13:38:16.565000
PKG,XLY,VDC,True,False,False,True,False,2026-04-27 13:38:17.186000,,,2026-04-27 13:38:16.565000
SLAB,XLK,SOXX,True,False,True,True,False,2003-09-10 12:00:02.000000,,2026-04-27 14:45:10.783000,2026-04-27 13:38:16.565000
EW,XLV,IHI,True,False,False,True,False,2003-09-10 13:30:01.830000,,,2026-04-27 13:38:16.565000
ENR,XLI,IYJ,True,False,False,True,False,2026-04-27 13:38:55.803000,,,2026-04-27 13:38:16.565000
MET,XLF,KIE,True,True,False,True,False,2026-04-27 13:38:22.960000,2026-04-28 13:36:40.030000,,2026-04-27 13:38:16.565000
EXEL,XLV,IBB,True,False,False,True,False,2003-09-10 13:30:16.000000,,,2026-04-27 13:38:16.565000
INSM,XLV,IBB,True,False,False,True,False,2011-04-01 13:30:00.317000,,,2026-04-27 13:38:16.565000
ISRG,XLV,IHI,True,False,False,True,False,2003-09-10 13:30:33.000000,,,2026-04-27 13:38:16.565000
MRVL,XLK,SOXX,True,False,True,True,False,2003-09-10 13:10:28.000000,,2026-04-27 14:45:10.783000,2026-04-27 13:38:16.565000
ILMN,XLV,IHI,True,False,False,True,False,2003-09-10 13:30:20.000000,,,2026-04-27 13:38:16.565000
GRMN,XLK,IYW,True,False,False,True,False,2026-04-27 13:38:35.879000,,,2026-04-27 13:38:16.565000
FLR,XLI,PKB,True,False,False,True,False,2003-09-10 13:30:50.229000,,,2026-04-27 13:38:16.565000
ALGN,XLV,IHI,True,False,False,True,False,2003-09-10 13:29:31.000000,,,2026-04-27 13:38:16.565000
EXAS,XLV,IHI,False,False,False,True,False,,,,2026-04-27 13:38:16.565000
FTI,XLE,OIH,True,True,False,True,False,2017-01-17 10:08:09.444923,2026-04-27 13:38:17.068000,,2026-04-27 13:38:16.565000
ACN,XLK,IGV,True,False,False,True,False,2003-09-10 13:30:13.844000,,,2026-04-27 13:38:16.565000
BG,XLP,MOO,True,False,False,True,False,2026-04-27 13:38:27.044000,,,2026-04-27 13:38:16.565000
OMCL,XLV,IHF,True,False,False,True,False,2026-04-27 13:38:14.057000,,,2026-04-27 13:38:16.565000
CP,XLI,IYT,True,False,False,True,False,2026-04-27 13:38:12.556000,,,2026-04-27 13:38:16.565000
PFG,XLF,IAI,True,True,False,True,False,2003-09-10 13:31:26.984000,2026-04-28 13:36:40.030000,,2026-04-27 13:38:16.565000
AYI,XLI,IYJ,True,False,False,True,False,2003-09-10 13:30:26.921000,,,2026-04-27 13:38:16.565000
AAP,XLY,XRT,True,False,False,True,False,2003-09-10 13:32:32.810000,,,2026-04-27 13:38:16.565000
PRU,XLF,KIE,True,True,False,True,False,2003-09-10 13:30:54.583000,2026-04-28 13:36:40.030000,,2026-04-27 13:38:16.565000
SYNA,XLK,SOXX,True,False,True,True,False,2026-04-27 13:38:27.732000,,2026-04-27 14:45:10.783000,2026-04-27 13:38:16.565000
GME,XLY,XRT,True,False,False,True,False,2003-09-10 13:31:32.100000,,,2026-04-27 13:38:16.565000
JBLU,XLI,JETS,True,False,False,True,False,2003-09-10 13:19:59.000000,,,2026-04-27 13:38:16.565000
VRNT,XLK,IGV,False,False,False,True,False,,,,2026-04-27 13:38:16.565000
NFLX,XLC,PEJ,True,False,False,True,False,2003-09-10 13:29:19.000000,,,2026-04-27 13:38:16.565000
KMX,XLY,CARZ,True,False,False,True,False,2026-04-28 15:40:05.337000,,,2026-04-27 13:38:16.565000
DKS,XLY,XRT,True,False,False,True,False,2003-09-10 13:32:43.266000,,,2026-04-27 13:38:16.565000
CMCSA,XLC,IYZ,True,False,False,True,False,2005-01-04 14:17:01.000000,,,2026-04-27 13:38:16.565000
STX,XLK,IYW,True,False,False,True,False,2003-09-10 13:31:31.358000,,,2026-04-27 13:38:16.565000
MOH,XLV,IHF,True,False,False,True,False,2003-09-10 13:32:16.796000,,,2026-04-27 13:38:16.565000
CRI,XLY,XRT,True,False,False,True,False,2003-10-24 13:57:41.243000,,,2026-04-27 13:38:16.565000
NXST,XLC,PEJ,True,False,False,True,False,2003-11-24 16:45:00.000000,,,2026-04-27 13:38:16.565000
SNX,XLK,IYW,True,False,False,True,False,2026-04-27 19:55:43.461000,,,2026-04-27 13:38:16.565000
NRG,XLU,IDU,True,False,False,True,False,2004-03-25 14:34:48.905000,,,2026-04-27 13:38:16.565000
CYTK,XLV,IBB,True,False,False,True,False,2004-04-29 15:35:00.000000,,,2026-04-27 13:38:16.565000
ACAD,XLV,IBB,True,False,False,True,False,2026-04-27 19:55:41.042000,,,2026-04-27 13:38:16.565000
ALNY,XLV,IBB,True,False,False,True,False,2004-05-28 14:40:01.000000,,,2026-04-27 13:38:16.565000
CRM,XLK,IGV,True,False,False,True,False,2004-06-23 13:54:12.107000,,,2026-04-27 13:38:16.565000
WLK,XLB,IYM,True,False,False,True,False,2004-08-11 13:33:40.216000,,,2026-04-27 13:38:16.565000
EXR,XLRE,INDS,True,False,False,True,False,2026-04-28 13:43:30.745000,,,2026-04-27 13:38:16.565000
CNS,XLF,IAI,True,True,False,True,False,2004-08-13 13:36:02.462000,2026-04-28 13:36:40.030000,,2026-04-27 13:38:16.565000
ARWR,XLV,IBB,True,False,False,True,False,2004-09-03 13:30:01.000000,,,2026-04-27 13:38:16.565000
TXRH,XLY,EATZ,True,False,False,True,False,2004-10-05 14:40:01.000000,,,2026-04-27 13:38:16.565000
MOS,XLB,MOO,True,False,False,True,False,2004-10-25 13:31:50.483000,,,2026-04-27 13:38:16.565000
DLR,XLRE,IYR,True,False,False,True,False,2004-10-29 13:33:11.714000,,,2026-04-27 13:38:16.565000
MKTX,XLF,IAI,True,True,False,True,False,2026-04-27 13:38:19.355000,2026-04-28 13:36:40.030000,,2026-04-27 13:38:16.565000
MPWR,XLK,SOXX,True,False,True,True,False,2004-11-19 16:00:00.000000,,2026-04-27 14:45:10.783000,2026-04-27 13:38:16.565000
CE,XLB,VAW,True,False,False,True,False,2005-01-21 14:43:09.610000,,,2026-04-27 13:38:16.565000
NDAQ,XLF,IAI,True,True,False,True,False,2026-04-27 13:38:17.008000,2026-04-28 13:36:40.030000,,2026-04-27 13:38:16.565000
HUN,XLB,VAW,True,False,False,True,False,2026-04-27 13:38:13.593000,,,2026-04-27 13:38:16.565000
DXCM,XLV,IHI,True,False,False,True,False,2005-04-14 15:40:00.000000,,,2026-04-27 13:38:16.565000
LAZ,XLF,IAI,True,True,False,True,False,2005-05-05 13:40:02.970000,2026-04-28 13:36:40.030000,,2026-04-27 13:38:16.565000
BLDR,XLI,XHB,True,False,False,True,False,2005-06-22 16:00:00.000000,,,2026-04-27 13:38:16.565000
MPW,XLRE,SRET,False,False,False,True,False,,,,2026-04-27 13:38:16.565000
ATRC,XLV,IHI,True,False,False,True,False,2005-08-05 15:00:00.000000,,,2026-04-27 13:38:16.565000
EXPE,XLY,JETS,True,False,False,True,False,2011-12-22 14:28:00.110000,,,2026-04-27 13:38:16.565000
CF,XLB,MOO,True,False,False,True,False,2005-08-11 13:43:35.072000,,,2026-04-27 13:38:16.565000
AMP,XLF,IAI,True,True,False,True,False,2005-10-03 13:25:17.866000,2026-04-28 13:36:40.030000,,2026-04-27 13:38:16.565000
PD,XLE,OIH,True,True,False,True,False,2019-04-11 15:37:53.109172,2026-04-27 13:38:17.068000,,2026-04-27 13:38:16.565000
ICE,XLF,IAI,True,True,False,True,False,2005-11-16 14:51:28.892000,2026-04-28 13:36:40.030000,,2026-04-27 13:38:16.565000
LYV,XLC,PEJ,True,False,False,True,False,2005-12-22 14:31:41.747000,,,2026-04-27 13:38:16.565000
CMG,XLY,EATZ,True,False,False,True,False,2006-01-26 15:33:48.102000,,,2026-04-27 13:38:16.565000
CROX,XLY,XRT,True,False,False,True,False,2006-02-08 16:00:00.618000,,,2026-04-27 13:38:16.565000
TDG,XLI,ITA,True,False,False,True,False,2006-03-15 15:00:58.636000,,,2026-04-27 13:38:16.565000
POR,XLU,IDU,True,False,False,True,False,2026-04-27 13:38:40.071000,,,2026-04-27 13:38:16.565000
DK,XLE,CRAK,True,True,False,True,False,2026-04-28 14:41:53.853000,2026-04-27 13:38:17.068000,,2026-04-27 13:38:16.565000
ATEC,XLV,IHI,True,False,False,True,False,2006-06-02 15:20:06.456000,,,2026-04-27 13:38:16.565000
AWI,XLI,XHB,True,False,False,True,False,2006-10-18 13:30:16.852000,,,2026-04-27 13:38:16.565000
OC,XLI,XHB,True,False,False,True,False,2026-04-28 16:30:35.424000,,,2026-04-27 13:38:16.565000
CPRX,XLV,IBB,True,False,False,True,False,2006-11-08 16:00:07.751000,,,2026-04-27 13:38:16.565000
KBR,XLI,PKB,True,False,False,True,False,2026-04-27 13:38:36.854000,,,2026-04-27 13:38:16.565000
FSLR,XLK,TAN,True,False,False,True,False,2006-11-17 16:20:09.996000,,,2026-04-27 13:38:16.565000
SPR,XLI,ITA,False,False,False,True,False,,,,2026-04-27 13:38:16.565000
ALGT,XLI,JETS,True,False,False,True,False,2006-12-08 15:45:05.397000,,,2026-04-27 13:38:16.565000
AVAV,XLI,ITA,True,False,False,True,False,2026-04-29 13:58:18.369000,,,2026-04-27 13:38:16.565000
SMCI,XLK,IYW,True,False,False,True,False,2007-03-29 14:40:11.986000,,,2026-04-27 13:38:16.565000
BR,XLK,IGV,True,False,False,True,False,2007-04-02 13:36:24.596000,,,2026-04-27 13:38:16.565000
CNK,XLC,PEJ,True,False,False,True,False,2026-04-27 13:39:04.744000,,,2026-04-27 13:38:16.565000
DAL,XLI,JETS,True,False,False,True,False,2003-09-11 13:33:34.702000,,,2026-04-27 13:38:16.565000
IBKR,XLF,IAI,True,True,False,True,False,2007-05-04 14:40:08.063000,2026-04-28 13:36:40.030000,,2026-04-27 13:38:16.565000
ACM,XLI,PKB,True,False,False,True,False,2026-04-27 13:38:15.545000,,,2026-04-27 13:38:16.565000
PODD,XLV,IHI,True,False,False,True,False,2026-04-27 13:38:36.237000,,,2026-04-27 13:38:16.565000
JAZZ,XLV,IBB,True,False,False,True,False,2007-06-01 14:40:13.427000,,,2026-04-27 13:38:16.565000
BX,XLF,IAI,True,True,False,True,False,2007-06-22 13:52:40.379000,2026-04-28 13:36:40.030000,,2026-04-27 13:38:16.565000
TEL,XLK,IYW,True,False,False,True,False,2007-07-02 13:30:54.268000,,,2026-04-27 13:38:16.565000
LULU,XLY,XRT,True,False,False,True,False,2026-04-27 13:38:15.527000,,,2026-04-27 13:38:16.565000
G,XLK,IGV,True,False,False,True,False,2007-08-02 13:34:36.785000,,,2026-04-27 13:38:16.565000
MASI,XLV,IHI,True,False,False,True,False,2007-08-08 14:20:13.303000,,,2026-04-27 13:38:16.565000
MELI,XLY,XRT,True,False,False,True,False,2007-08-10 15:00:11.943000,,,2026-04-27 13:38:16.565000
TDC,XLK,IGV,True,False,False,True,False,2007-10-01 13:35:31.968000,,,2026-04-27 13:38:16.565000
ULTA,XLY,XRT,True,False,False,True,False,2007-10-25 14:45:14.843000,,,2026-04-27 13:38:16.565000
DAN,XLY,CARZ,True,False,False,True,False,2008-02-01 14:45:12.648000,,,2026-04-27 13:38:16.565000
NOG,XLE,XOP,True,True,False,True,False,2008-03-26 13:30:08.182000,2026-04-27 13:38:17.068000,,2026-04-27 13:38:16.565000
AWK,XLU,PHO,True,False,False,True,False,2026-04-27 13:38:26.036000,,,2026-04-27 13:38:16.565000
AGNC,XLRE,REM,True,False,False,True,False,2008-05-15 14:20:08.383000,,,2026-04-27 13:38:16.565000
TREE,XLF,VOX,True,True,False,True,False,2026-04-27 14:37:53.870000,2026-04-28 13:36:40.030000,,2026-04-27 13:38:16.565000
AVGO,XLK,SOXX,True,False,True,True,False,2009-08-06 14:40:10.017000,,2026-04-27 14:45:10.783000,2026-04-27 13:38:16.565000
VRSK,XLI,IGV,True,False,False,True,False,2009-10-07 14:45:05.663000,,,2026-04-27 13:38:16.565000
H,XLY,PEJ,True,False,False,True,False,2009-11-06 00:14:37.060000,,,2026-04-27 13:38:16.565000
FTNT,XLK,IGV,True,False,False,True,False,2009-11-18 16:05:10.620000,,,2026-04-27 13:38:16.565000
LEA,XLY,CARZ,True,False,False,True,False,2003-09-11 13:32:08.167000,,,2026-04-27 13:38:16.565000
GNRC,XLI,IYJ,True,False,False,True,False,2026-04-28 14:57:19.217000,,,2026-04-27 13:38:16.565000
ST,XLK,IYW,True,False,False,True,False,2018-03-28 13:30:00.753451,,,2026-04-27 13:38:16.565000
SPB,XLP,VDC,True,False,False,True,False,2010-03-18 13:32:41.152000,,,2026-04-27 13:38:16.565000
CALX,XLK,IGV,True,False,False,True,False,2026-04-27 13:39:08.616000,,,2026-04-27 13:38:16.565000
MXL,XLK,SOXX,True,False,True,True,False,2010-03-24 13:35:34.481000,,2026-04-27 14:45:10.783000,2026-04-27 13:38:16.565000
PRI,XLF,KIE,True,True,False,True,False,2010-04-01 14:01:04.164000,2026-04-28 13:36:40.030000,,2026-04-27 13:38:16.565000
CBOE,XLF,IAI,True,True,False,True,False,2010-06-15 14:45:13.607000,2026-04-28 13:36:40.030000,,2026-04-27 13:38:16.565000
HPP,XLRE,IYR,True,False,False,True,False,2010-06-24 13:35:11.206000,,,2026-04-27 13:38:16.565000
FN,XLK,IYW,True,False,False,True,False,2026-04-27 13:38:16.811000,,,2026-04-27 13:38:16.565000
TSLA,XLY,CARZ,True,False,False,True,False,2010-06-29 15:25:08.677000,,,2026-04-27 13:38:16.565000
KKR,XLF,IAI,True,True,False,True,False,2010-07-15 13:30:07.788000,2026-04-28 13:36:40.030000,,2026-04-27 13:38:16.565000
AMRC,XLI,PKB,True,False,False,True,False,2010-07-22 13:35:17.784000,,,2026-04-27 13:38:16.565000
PATH,XLK,IGV,True,False,False,True,False,2026-04-27 13:38:12.636000,,,2026-04-27 13:38:16.565000
NXPI,XLK,SOXX,True,False,True,True,False,2026-04-27 18:32:36.915000,,2026-04-27 14:45:10.783000,2026-04-27 13:38:16.565000
CHTR,XLC,IYZ,True,False,False,True,False,2003-09-11 12:03:35.000000,,,2026-04-27 13:38:16.565000
LYB,XLB,IYM,True,False,False,True,False,2010-10-14 12:41:05.930000,,,2026-04-27 13:38:16.565000
PACB,XLV,IHI,True,False,False,True,False,2010-10-27 14:25:07.913000,,,2026-04-27 13:38:16.565000
BAH,XLI,IGV,True,False,False,True,False,2010-11-17 14:32:37.093000,,,2026-04-27 13:38:16.565000
LPLA,XLF,IAI,True,True,False,True,False,2010-11-18 16:05:10.807000,2026-04-28 13:36:40.030000,,2026-04-27 13:38:16.565000
GM,XLY,CARZ,True,False,False,True,False,2010-11-18 14:36:02.771000,,,2026-04-27 13:38:16.565000
TRGP,XLE,AMLP,True,True,False,True,False,2026-04-27 15:15:22.245000,2026-04-27 13:38:17.068000,,2026-04-27 13:38:16.565000
VC,XLY,CARZ,True,False,False,True,False,2003-09-11 13:33:34.124000,,,2026-04-27 13:38:16.565000
PCRX,XLV,XPH,True,False,False,True,False,2011-02-03 15:20:08.913000,,,2026-04-27 13:38:16.565000
KMI,XLE,AMLP,True,True,False,True,False,2011-02-11 14:50:22.103000,2026-04-27 13:38:17.068000,,2026-04-27 13:38:16.565000
HCA,XLV,IHF,True,False,False,True,False,2011-03-10 15:02:19.780000,,,2026-04-27 13:38:16.565000
APO,XLF,IAI,True,True,False,True,False,2022-01-03 12:28:26.813263,2026-04-28 13:36:40.030000,,2026-04-27 13:38:16.565000
HII,XLI,ITA,True,False,False,True,False,2026-04-27 14:45:26.224000,,,2026-04-27 13:38:16.565000
AMCX,XLC,PEJ,True,False,False,True,False,2011-07-01 11:24:03.143000,,,2026-04-27 13:38:16.565000
MPC,XLE,CRAK,True,True,False,True,False,2011-07-01 12:38:49.549000,2026-04-27 13:38:17.068000,,2026-04-27 13:38:16.565000
SXC,XLB,XME,True,False,False,True,False,2026-04-28 11:01:50.271000,,,2026-04-27 13:38:16.565000
XYL,XLI,IYJ,True,False,False,True,False,2011-11-01 13:35:30.498000,,,2026-04-27 13:38:16.565000
ACHC,XLV,IHF,True,False,False,True,False,2011-11-01 17:55:52.717000,,,2026-04-27 13:38:16.565000
GRPN,XLC,FDN,True,False,False,True,False,2011-11-04 14:45:12.357000,,,2026-04-27 13:38:16.565000
TRIP,XLY,JETS,True,False,False,True,False,2011-12-21 14:29:43.750000,,,2026-04-27 13:38:16.565000
GWRE,XLK,IGV,True,False,False,True,False,2012-01-25 14:47:36.761000,,,2026-04-27 13:38:16.565000
MTDR,XLE,XOP,True,True,False,True,False,2026-04-27 13:38:14.711000,2026-04-27 13:38:17.068000,,2026-04-27 13:38:16.565000
EPAM,XLK,IGV,True,False,False,True,False,2026-04-27 13:38:37.451000,,,2026-04-27 13:38:16.565000
YELP,XLC,FDN,True,False,False,True,False,2026-04-27 13:38:38.548000,,,2026-04-27 13:38:16.565000
ALSN,XLY,CARZ,True,False,False,True,False,2012-03-15 13:49:24.434000,,,2026-04-27 13:38:16.565000
ENPH,XLK,TAN,True,False,False,True,False,2012-03-30 15:00:05.980000,,,2026-04-27 13:38:16.565000
PSX,XLE,CRAK,True,True,False,True,False,2012-05-01 13:02:15.547000,2026-04-27 13:38:17.068000,,2026-04-27 13:38:16.565000
TROX,XLB,VAW,True,False,False,True,False,2026-04-28 13:43:33.970000,,,2026-04-27 13:38:16.565000
NOW,XLK,IGV,True,False,False,True,False,2012-06-29 13:44:44.536000,,,2026-04-27 13:38:16.565000
ALEX,XLRE,SRET,False,False,False,True,False,,,,2026-04-27 13:38:16.565000
FIVE,XLY,XRT,True,False,False,True,False,2012-07-19 14:50:13.143000,,,2026-04-27 13:38:16.565000
PANW,XLK,IGV,True,False,False,True,False,2012-07-20 13:48:47.781000,,,2026-04-27 13:38:16.565000
GMED,XLV,IHI,True,False,False,True,False,2012-08-03 13:40:20.580000,,,2026-04-27 13:38:16.565000
BLMN,XLY,EATZ,True,False,False,True,False,2012-08-08 14:50:06.432000,,,2026-04-27 13:38:16.565000
QLYS,XLK,IGV,True,False,False,True,False,2012-09-28 14:40:06.793000,,,2026-04-27 13:38:16.565000
PNR,XLI,IYJ,True,False,False,True,False,2026-04-27 13:39:02.172000,,,2026-04-27 13:38:16.565000
AMBA,XLK,SOXX,True,False,True,True,False,2026-04-27 13:38:17.273000,,2026-04-27 14:45:10.783000,2026-04-27 13:38:16.565000
SSTK,XLC,FDN,True,False,False,True,False,2026-04-27 13:38:38.106000,,,2026-04-27 13:38:16.565000
FANG,XLE,XOP,True,True,False,True,False,2012-10-12 14:40:05.568000,2026-04-27 13:38:17.068000,,2026-04-27 13:38:16.565000
WDAY,XLK,IGV,True,False,False,True,False,2026-04-27 13:38:15.504000,,,2026-04-27 13:38:16.565000
RH,XLY,XRT,True,False,False,True,False,2012-11-02 13:45:35.713000,,,2026-04-27 13:38:16.565000
NEO,XLV,IHI,True,False,False,True,False,2012-12-10 14:30:00.455000,,,2026-04-27 13:38:16.565000
PBF,XLE,CRAK,True,True,False,True,False,2026-04-27 19:55:41.497000,2026-04-27 13:38:17.068000,,2026-04-27 13:38:16.565000
PRTA,XLV,IBB,True,False,False,True,False,2012-12-21 16:12:18.179000,,,2026-04-27 13:38:16.565000
ABBV,XLV,IHE,True,False,False,True,False,2013-01-02 13:57:04.509000,,,2026-04-27 13:38:16.565000
NCLH,XLY,JETS,True,False,False,True,False,2026-04-27 13:38:15.654000,,,2026-04-27 13:38:16.565000
BFAM,XLY,PEJ,True,False,False,True,False,2013-01-25 14:47:01.698000,,,2026-04-27 13:38:16.565000
LAND,XLRE,IYR,True,False,False,True,False,2013-01-29 15:40:08.206000,,,2026-04-27 13:38:16.565000
ZTS,XLV,XPH,True,False,False,True,False,2026-04-28 14:47:57.202000,,,2026-04-27 13:38:16.565000
ENTA,XLV,IBB,True,False,False,True,False,2013-03-21 14:20:11.191000,,,2026-04-27 13:38:16.565000
TMHC,XLY,ITB,True,False,False,True,False,2013-04-10 13:44:06.583000,,,2026-04-27 13:38:16.565000
VOYA,XLF,VOX,True,True,False,True,False,2013-05-02 13:37:30.681000,2026-04-28 13:36:40.030000,,2026-04-27 13:38:16.565000
COTY,XLP,VDC,True,False,False,True,False,2013-06-13 13:50:51.066000,,,2026-04-27 13:38:16.565000
CDW,XLK,IGV,True,False,False,True,False,2013-06-27 14:20:05.793000,,,2026-04-27 13:38:16.565000
AGIO,XLV,IBB,True,False,False,True,False,2026-04-27 13:38:21.039000,,,2026-04-27 13:38:16.565000
AMH,XLRE,REZ,True,False,False,True,False,2026-04-27 13:38:17.521000,,,2026-04-27 13:38:16.565000
SFM,XLP,VDC,True,False,False,True,False,2013-08-01 15:50:05.709000,,,2026-04-27 13:38:16.565000
PINC,XLV,IHF,False,False,False,True,False,,,,2026-04-27 13:38:16.565000
RNG,XLK,IGV,True,False,False,True,False,2013-09-27 14:00:52.682000,,,2026-04-27 13:38:16.565000
NVEE,XLI,PKB,False,False,False,True,False,,,,2026-04-27 13:38:16.565000
SAIC,XLK,IGV,True,False,False,True,False,2013-09-30 13:30:51.367000,,,2026-04-27 13:38:16.565000
BURL,XLY,XRT,True,False,False,True,False,2013-10-02 13:43:48.338000,,,2026-04-27 13:38:16.565000
AR,XLE,XOP,True,True,False,True,False,2013-10-10 13:48:58.821000,2026-04-27 13:38:17.068000,,2026-04-27 13:38:16.565000
MGNX,XLV,IBB,True,False,False,True,False,2013-10-10 14:45:09.554000,,,2026-04-27 13:38:16.565000
VEEV,XLV,IHF,True,False,False,True,False,2013-10-16 14:10:43.917000,,,2026-04-27 13:38:16.565000
PAGP,XLE,AMLP,True,True,False,True,False,2026-04-27 13:38:29.115000,2026-04-27 13:38:17.068000,,2026-04-27 13:38:16.565000
BRX,XLRE,SRET,True,False,False,True,False,2026-04-27 19:21:26.591000,,,2026-04-27 13:38:16.565000
CHGG,XLP,VCR,True,False,False,True,False,2013-11-13 14:59:09.741000,,,2026-04-27 13:38:16.565000
TNDM,XLV,IHI,True,False,False,True,False,2013-11-14 15:35:14.069000,,,2026-04-27 13:38:16.565000
ALLE,XLI,HACK,True,False,False,True,False,2013-12-02 14:28:45.560000,,,2026-04-27 13:38:16.565000
AAL,XLI,JETS,True,False,False,True,False,2013-12-09 13:25:16.031000,,,2026-04-27 13:38:16.565000
HLT,XLY,PEJ,True,False,False,True,False,2013-12-12 15:12:19.780000,,,2026-04-27 13:38:16.565000
ARMK,XLI,IYJ,True,False,False,True,False,2013-12-12 14:50:06.928000,,,2026-04-27 13:38:16.565000
AMC,XLC,PEJ,True,False,False,True,False,2013-12-18 14:41:16.954000,,,2026-04-27 13:38:16.565000
RARE,XLV,IBB,True,False,False,True,False,2014-01-31 15:25:10.591000,,,2026-04-27 13:38:16.565000
MBUU,XLY,PEJ,True,False,False,True,False,2014-01-31 15:52:11.322000,,,2026-04-27 13:38:16.565000
OGS,XLU,FCG,True,False,False,True,False,2026-04-28 15:37:38.720000,,,2026-04-27 13:38:16.565000
QURE,XLV,IBB,True,False,False,True,False,2014-02-05 15:50:38.578000,,,2026-04-27 13:38:16.565000
IBP,XLY,ITB,True,False,False,True,False,2014-02-13 14:56:41.945000,,,2026-04-27 13:38:16.565000
VRNS,XLK,IGV,True,False,False,True,False,2014-02-28 16:00:16.552000,,,2026-04-27 13:38:16.565000
PCTY,XLK,IGV,True,False,False,True,False,2014-03-19 14:22:01.001000,,,2026-04-27 13:38:16.565000
QTWO,XLK,IGV,True,False,False,True,False,2026-04-28 16:30:32.607000,,,2026-04-27 13:38:16.565000
FIVN,XLK,IGV,True,False,False,True,False,2026-04-27 13:38:15.507000,,,2026-04-27 13:38:16.565000
PAYC,XLK,IGV,True,False,False,True,False,2014-04-15 13:33:08.502000,,,2026-04-27 13:38:16.565000
MC,XLF,IAI,True,True,False,True,False,2014-04-16 13:49:32.403000,2026-04-28 13:36:40.030000,,2026-04-27 13:38:16.565000
ARES,XLF,IAI,True,True,False,True,False,2026-04-27 16:53:49.599000,2026-04-28 13:36:40.030000,,2026-04-27 13:38:16.565000
ANET,XLK,IYW,True,False,False,True,False,2014-06-06 13:52:24.731000,,,2026-04-27 13:38:16.565000
AMTX,XLE,CRAK,True,True,False,True,False,2014-06-06 13:40:31.514000,2026-04-27 13:38:17.068000,,2026-04-27 13:38:16.565000
TSE,XLB,IYM,False,False,False,True,False,,,,2026-04-27 13:38:16.565000
ARDX,XLV,IBB,True,False,False,True,False,2014-06-19 14:50:27.157000,,,2026-04-27 13:38:16.565000
VNOM,XLE,AMLP,True,True,False,True,False,2014-06-18 14:28:07.434000,2026-04-27 13:38:17.068000,,2026-04-27 13:38:16.565000
CDNA,XLV,IHI,True,False,False,True,False,2014-07-17 14:57:46.648000,,,2026-04-27 13:38:16.565000
SAGE,XLV,IBB,False,False,False,True,False,,,,2026-04-27 13:38:16.565000
MARA,XLF,IAI,True,True,False,True,False,2014-07-28 13:30:00.479000,2026-04-28 13:36:40.030000,,2026-04-27 13:38:16.565000
WMS,XLI,XHB,True,False,False,True,False,2014-07-25 13:36:37.574000,,,2026-04-27 13:38:16.565000
HQY,XLV,IHF,True,False,False,True,False,2026-04-27 13:38:30.691000,,,2026-04-27 13:38:16.565000
AUPH,XLV,IBB,True,False,False,True,False,2014-09-02 16:38:15.093000,,,2026-04-27 13:38:16.565000
VKTX,XLV,IBB,True,False,False,True,False,2026-04-27 13:38:56.344000,,,2026-04-27 13:38:16.565000
W,XLY,XRT,True,False,False,True,False,2014-10-02 14:18:53.054000,,,2026-04-27 13:38:16.565000
HUBS,XLK,IGV,True,False,False,True,False,2014-10-09 13:59:24.203000,,,2026-04-27 13:38:16.565000
PLAY,XLC,PEJ,True,False,False,True,False,2014-10-10 14:26:01.890000,,,2026-04-27 13:38:16.565000
XENE,XLV,IBB,True,False,False,True,False,2026-04-27 13:38:14.952000,,,2026-04-27 13:38:16.565000
BOOT,XLY,XRT,True,False,False,True,False,2014-10-30 14:00:13.847000,,,2026-04-27 13:38:16.565000
KEYS,XLK,IYW,True,False,False,True,False,2014-11-03 14:32:55.381000,,,2026-04-27 13:38:16.565000
FRPT,XLP,PBJ,True,False,False,True,False,2014-11-07 15:25:31.561000,,,2026-04-27 13:38:16.565000
AXTA,XLB,IYM,True,False,False,True,False,2014-11-12 14:45:11.613000,,,2026-04-27 13:38:16.565000
QSR,XLY,EATZ,True,False,False,True,False,2014-12-15 14:25:00.510000,,,2026-04-27 13:38:16.565000
QRVO,XLK,SOXX,True,False,True,True,False,2015-01-02 14:28:09.644000,,2026-04-27 14:45:10.783000,2026-04-27 13:38:16.565000
BOX,XLK,IGV,True,False,False,True,False,2015-01-23 15:04:31.661000,,,2026-04-27 13:38:16.565000
SHAK,XLY,EATZ,True,False,False,True,False,2015-01-30 15:11:03.431000,,,2026-04-27 13:38:16.565000
SEDG,XLK,TAN,True,False,False,True,False,2026-04-27 20:32:49.407000,,,2026-04-27 13:38:16.565000
GDDY,XLK,IGV,True,False,False,True,False,2026-04-28 09:44:12.512000,,,2026-04-27 13:38:16.565000
ON,XLK,SOXX,True,False,True,True,False,2015-04-06 13:30:00.293000,,2026-04-27 14:45:10.783000,2026-04-27 13:38:16.565000
ETSY,XLY,XRT,True,False,False,True,False,2026-04-27 13:38:24.132000,,,2026-04-27 13:38:16.565000
BPMC,XLV,IBB,False,False,False,True,False,,,,2026-04-27 13:38:16.565000
SHOP,XLK,IGV,True,False,False,True,False,2015-05-21 13:55:22.885000,,,2026-04-27 13:38:16.565000
WING,XLY,EATZ,True,False,False,True,False,2015-06-12 14:28:43.010000,,,2026-04-27 13:38:16.565000
LNTH,XLV,XPH,True,False,False,True,False,2015-06-25 14:00:22.253000,,,2026-04-27 13:38:16.565000
GKOS,XLV,IHI,True,False,False,True,False,2015-06-25 13:45:51.241000,,,2026-04-27 13:38:16.565000
TRU,XLI,IGV,True,False,False,True,False,2015-06-25 14:20:55.354000,,,2026-04-27 13:38:16.565000
BLD,XLI,PKB,True,False,False,True,False,2003-09-10 13:32:07.683000,,,2026-04-27 13:38:16.565000
CC,XLB,IYM,True,False,False,True,False,2015-07-01 12:42:46.618000,,,2026-04-27 13:38:16.565000
TDOC,XLV,IHF,True,False,False,True,False,2015-07-01 13:49:33.448000,,,2026-04-27 13:38:16.565000
EPC,XLP,VDC,True,False,False,True,False,2015-07-01 13:30:02.971000,,,2026-04-27 13:38:16.565000
NTRA,XLV,IHI,True,False,False,True,False,2026-04-27 13:38:41.856000,,,2026-04-27 13:38:16.565000
KHC,XLP,PBJ,True,False,False,True,False,2015-07-06 13:25:34.099000,,,2026-04-27 13:38:16.565000
OLLI,XLP,XRT,True,False,False,True,False,2015-07-16 14:30:40.119000,,,2026-04-27 13:38:16.565000
RPD,XLK,IGV,True,False,False,True,False,2015-07-17 14:49:51.018000,,,2026-04-27 13:38:16.565000
CYRX,XLI,IYT,True,False,False,True,False,2015-07-24 12:41:45.229000,,,2026-04-27 13:38:16.565000
RUN,XLK,TAN,True,False,False,True,False,2026-04-27 13:38:13.584000,,,2026-04-27 13:38:16.565000
PLNT,XLY,PEJ,True,False,False,True,False,2015-08-06 13:57:06.587889,,,2026-04-27 13:38:16.565000
RGNX,XLV,IBB,True,False,False,True,False,2015-09-17 15:05:53.523188,,,2026-04-27 13:38:16.565000
PEN,XLV,IHI,True,False,False,True,False,2026-04-27 13:38:34.052000,,,2026-04-27 13:38:16.565000
PFGC,XLP,PBJ,True,False,False,True,False,2026-04-27 13:38:16.887000,,,2026-04-27 13:38:16.565000
SGRY,XLV,IHF,True,False,False,True,False,2015-10-01 15:02:30.712542,,,2026-04-27 13:38:16.565000
NVCR,XLV,IHI,True,False,False,True,False,2015-10-02 14:25:13.406907,,,2026-04-27 13:38:16.565000
PSTG,XLK,IYW,True,False,False,True,False,2015-10-07 14:15:02.961457,,,2026-04-27 13:38:16.565000
AVXL,XLV,IBB,True,False,False,True,False,2015-10-28 11:54:00.591669,,,2026-04-27 13:38:16.565000
HPE,XLK,SOXX,True,False,True,True,False,2026-04-27 13:38:18.608000,,2026-04-27 14:45:10.783000,2026-04-27 13:38:16.565000
KURA,XLV,IBB,True,False,False,True,False,2015-11-05 14:20:00.000658,,,2026-04-27 13:38:16.565000
FCPT,XLRE,SRET,False,False,False,True,False,,,,2026-04-27 13:38:16.565000
AXSM,XLV,IBB,True,False,False,True,False,2015-11-19 16:40:07.819915,,,2026-04-27 13:38:16.565000
TEAM,XLK,IGV,True,False,False,True,False,2026-04-28 13:36:43.295000,,,2026-04-27 13:38:16.565000
EDIT,XLV,IBB,True,False,False,True,False,2016-02-03 15:51:04.577886,,,2026-04-27 13:38:16.565000
SNDX,XLV,IBB,True,False,False,True,False,2016-03-03 15:51:51.051568,,,2026-04-27 13:38:16.565000
NTLA,XLV,IBB,True,False,False,True,False,2026-04-27 13:38:17.024000,,,2026-04-27 13:38:16.565000
MRUS,XLV,IBB,False,False,False,True,False,,,,2026-04-27 13:38:16.565000
USFD,XLP,PBJ,True,False,False,True,False,2016-05-26 14:10:23.962820,,,2026-04-27 13:38:16.565000
GMS,XLI,XHB,False,False,False,True,False,,,,2026-04-27 13:38:16.565000
TWLO,XLC,FDN,True,False,False,True,False,2016-06-23 14:28:12.728923,,,2026-04-27 13:38:16.565000
FTV,XLK,IYW,True,False,False,True,False,2026-04-27 14:45:12.842000,,,2026-04-27 13:38:16.565000
PI,XLK,SOXX,True,False,True,True,False,2016-07-21 14:33:42.133564,,2026-04-27 14:45:10.783000,2026-04-27 13:38:16.565000
MDGL,XLV,IBB,True,False,False,True,False,2016-07-25 13:35:35.106781,,,2026-04-27 13:38:16.565000
TTD,XLK,IGV,True,False,False,True,False,2016-09-21 14:48:46.141019,,,2026-04-27 13:38:16.565000
ELF,XLP,VDC,True,False,False,True,False,2016-09-22 14:08:07.763076,,,2026-04-27 13:38:16.565000
NTNX,XLK,IGV,True,False,False,True,False,2016-09-30 15:08:35.031885,,,2026-04-27 13:38:16.565000
CWH,XLY,CARZ,True,False,False,True,False,2016-10-07 13:59:58.168210,,,2026-04-27 13:38:16.565000
CRSP,XLV,IBB,True,False,False,True,False,2026-04-27 13:38:13.455000,,,2026-04-27 13:38:16.565000
IRTC,XLV,IHI,True,False,False,True,False,2016-10-20 14:51:54.191128,,,2026-04-27 13:38:16.565000
BL,XLK,IGV,True,False,False,True,False,2016-10-28 15:08:49.701501,,,2026-04-27 13:38:16.565000
ADNT,XLY,CARZ,True,False,False,True,False,2026-04-27 13:38:19.406000,,,2026-04-27 13:38:16.565000
AA,XLB,XME,True,False,False,True,False,2016-11-01 08:00:56.266276,,,2026-04-27 13:38:16.565000
LW,XLP,PBJ,True,False,False,True,False,2016-11-10 14:32:10.876959,,,2026-04-27 13:38:16.565000
IIPR,XLRE,INDS,True,False,False,True,False,2016-12-01 14:54:56.122502,,,2026-04-27 13:38:16.565000
PK,XLRE,SRET,True,False,False,True,False,2017-01-04 13:33:59.811687,,,2026-04-27 13:38:16.565000
JELD,XLI,XHB,True,False,False,True,False,2017-01-27 15:01:27.280843,,,2026-04-27 13:38:16.565000
REVG,XLI,PAVE,False,False,False,True,False,,,,2026-04-27 13:38:16.565000
INVH,XLRE,REZ,True,False,False,True,False,2017-02-01 14:51:27.224756,,,2026-04-27 13:38:16.565000
HLNE,XLF,IAI,True,True,False,True,False,2026-04-28 14:41:51.172000,2026-04-28 13:36:40.030000,,2026-04-27 13:38:16.565000
SNAP,XLC,FDN,True,False,False,True,False,2017-03-02 16:19:24.044002,,,2026-04-27 13:38:16.565000
DXC,XLK,IGV,True,False,False,True,False,2026-04-27 20:28:11.124000,,,2026-04-27 13:38:16.565000
SNDR,XLI,FTXR,True,False,False,True,False,2017-04-06 13:59:15.758569,,,2026-04-27 13:38:16.565000
OKTA,XLK,IGV,True,False,False,True,False,2017-04-07 14:59:10.697017,,,2026-04-27 13:38:16.565000
FND,XLY,XHB,True,False,False,True,False,2017-04-27 14:20:57.488371,,,2026-04-27 13:38:16.565000
ZYME,XLV,IBB,True,False,False,True,False,2017-04-28 13:49:14.514680,,,2026-04-27 13:38:16.565000
CVNA,XLY,CARZ,True,False,False,True,False,2017-04-28 13:58:10.919609,,,2026-04-27 13:38:16.565000
ALT,XLV,IBB,True,False,False,True,False,2017-05-05 13:30:05.092617,,,2026-04-27 13:38:16.565000
VST,XLU,IDU,True,False,False,True,False,2017-05-10 13:30:07.154811,,,2026-04-27 13:38:16.565000
APPN,XLK,IGV,True,False,False,True,False,2026-04-27 13:38:38.071000,,,2026-04-27 13:38:16.565000
IOVA,XLV,IBB,True,False,False,True,False,2026-04-27 14:36:34.499000,,,2026-04-27 13:38:16.565000
SMPL,XLP,PBJ,True,False,False,True,False,2026-04-27 13:38:23.163000,,,2026-04-27 13:38:16.565000
KRYS,XLV,IBB,True,False,False,True,False,2017-09-20 15:16:36.225125,,,2026-04-27 13:38:16.565000
ROKU,XLC,PEJ,True,False,False,True,False,2026-04-28 16:30:52.106000,,,2026-04-27 13:38:16.565000
RYTM,XLV,IBB,True,False,False,True,False,2017-10-05 14:58:38.630631,,,2026-04-27 13:38:16.565000
CARG,XLY,CARZ,True,False,False,True,False,2026-04-29 13:58:44.536000,,,2026-04-27 13:38:16.565000
MDB,XLK,IGV,True,False,False,True,False,2026-04-27 13:38:20.337000,,,2026-04-27 13:38:16.565000
EYE,XLY,XRT,True,False,False,True,False,2017-10-26 15:05:52.993631,,,2026-04-27 13:38:16.565000
FNKO,XLY,PEJ,True,False,False,True,False,2026-04-27 23:38:31.648000,,,2026-04-27 13:38:16.565000
ACMR,XLK,SOXX,True,False,True,True,False,2026-04-27 13:38:16.446000,,2026-04-27 14:45:10.783000,2026-04-27 13:38:16.565000
APLS,XLV,IBB,True,False,False,True,False,2017-11-09 16:18:32.050306,,,2026-04-27 13:38:16.565000
BAND,XLK,IGV,True,False,False,True,False,2026-04-28 15:27:44.023000,,,2026-04-27 13:38:16.565000
NMRK,XLRE,IYR,True,False,False,True,False,2026-04-27 18:32:44.891000,,,2026-04-27 13:38:16.565000
LBRT,XLE,OIH,True,True,False,True,False,2026-04-27 13:38:14.422000,2026-04-27 13:38:17.068000,,2026-04-27 13:38:16.565000
GTES,XLI,IYJ,True,False,False,True,False,2018-01-25 15:01:08.716688,,,2026-04-27 13:38:16.565000
WHD,XLE,OIH,True,True,False,True,False,2018-02-08 15:12:15.859154,2026-04-27 13:38:17.068000,,2026-04-27 13:38:16.565000
EOLS,XLV,XPH,True,False,False,True,False,2018-02-08 15:56:08.770362,,,2026-04-27 13:38:16.565000
VCTR,XLF,IAI,True,True,False,True,False,2018-02-08 15:49:05.327819,2026-04-28 13:36:40.030000,,2026-04-27 13:38:16.565000
CDLX,XLC,VOX,True,False,False,True,False,2018-02-09 15:49:14.881690,,,2026-04-27 13:38:16.565000
ZS,XLK,IGV,True,False,False,True,False,2018-03-16 15:05:33.154125,,,2026-04-27 13:38:16.565000
CBRE,XLRE,IYR,True,False,False,True,False,2018-03-20 13:30:00.684553,,,2026-04-27 13:38:16.565000
DBX,XLK,IGV,True,False,False,True,False,2018-03-23 15:35:19.775221,,,2026-04-27 13:38:16.565000
VICI,XLRE,SCHH,True,False,False,True,False,2018-02-01 15:04:03.898769,,,2026-04-27 13:38:16.565000
GSHD,XLF,KIE,True,True,False,True,False,2026-04-27 13:38:29.273000,2026-04-28 13:36:40.030000,,2026-04-27 13:38:16.565000
DOCU,XLK,IGV,True,False,False,True,False,2018-04-27 15:27:45.708806,,,2026-04-27 13:38:16.565000
NVT,XLI,IYJ,True,False,False,True,False,2018-05-01 13:12:46.925825,,,2026-04-27 13:38:16.565000
INSP,XLV,IHI,True,False,False,True,False,2018-05-03 14:19:17.947100,,,2026-04-27 13:38:16.565000
AMRX,XLV,XPH,True,False,False,True,False,2026-04-27 13:38:30.569000,,,2026-04-27 13:38:16.565000
EQH,XLF,KIE,True,True,False,True,False,2018-05-10 14:35:55.310755,2026-04-28 13:36:40.030000,,2026-04-27 13:38:16.565000
EVER,XLC,FDN,True,False,False,True,False,2018-06-28 14:35:58.200669,,,2026-04-27 13:38:16.565000
BJ,XLP,XRT,True,False,False,True,False,2026-04-27 23:00:00.002000,,,2026-04-27 13:38:16.565000
DOMO,XLK,IGV,True,False,False,True,False,2018-06-29 14:54:57.569773,,,2026-04-27 13:38:16.565000
BE,XLI,IYJ,True,False,False,True,False,2018-07-25 14:43:04.149931,,,2026-04-27 13:38:16.565000
TENB,XLK,IGV,True,False,False,True,False,2018-07-26 15:28:07.652819,,,2026-04-27 13:38:16.565000
CWK,XLRE,IYR,True,False,False,True,False,2018-08-02 14:18:55.311836,,,2026-04-27 13:38:16.565000
SONO,XLK,IYW,True,False,False,True,False,2018-08-02 15:14:59.358504,,,2026-04-27 13:38:16.565000
ELAN,XLV,XPH,True,False,False,True,False,2018-09-20 15:27:21.014700,,,2026-04-27 13:38:16.565000
YMAB,XLV,IBB,False,False,False,True,False,,,,2026-04-27 13:38:16.565000
ARVN,XLV,IBB,True,False,False,True,False,2018-09-27 14:36:41.662772,,,2026-04-27 13:38:16.565000
UPWK,XLI,IYJ,True,False,False,True,False,2018-10-03 14:57:45.242920,,,2026-04-27 13:38:16.565000
GH,XLV,IHI,True,False,False,True,False,2018-10-04 14:48:45.027668,,,2026-04-27 13:38:16.565000
ESTC,XLK,IGV,True,False,False,True,False,2018-10-05 15:36:38.220925,,,2026-04-27 13:38:16.565000
SIBN,XLV,IHI,True,False,False,True,False,2018-10-17 15:41:13.184907,,,2026-04-27 13:38:16.565000
YETI,XLY,PEJ,True,False,False,True,False,2018-10-25 14:28:55.424855,,,2026-04-27 13:38:16.565000
TWST,XLV,IHI,True,False,False,True,False,2018-10-31 15:48:59.622503,,,2026-04-27 13:38:16.565000
MRNA,XLV,IBB,True,False,False,True,False,2026-04-27 13:38:16.056000,,,2026-04-27 13:38:16.565000
DELL,XLK,IYW,True,False,False,True,False,2018-12-28 14:36:18.058739,,,2026-04-27 13:38:16.565000
NFE,XLU,FCG,True,False,False,True,False,2019-01-31 15:35:30.213668,,,2026-04-27 13:38:16.565000
LEVI,XLY,XRT,True,False,False,True,False,2026-04-27 19:55:41.482000,,,2026-04-27 13:38:16.565000
LYFT,XLK,IGV,True,False,False,True,False,2019-03-29 15:48:38.255667,,,2026-04-27 13:38:16.565000
DOW,XLB,VAW,True,False,False,True,False,2026-04-27 13:38:15.501000,,,2026-04-27 13:38:16.565000
TW,XLF,IAI,True,True,False,True,False,2019-04-04 15:33:37.262639,2026-04-28 13:36:40.030000,,2026-04-27 13:38:16.565000
ZM,XLK,IGV,True,False,False,True,False,2019-04-18 15:23:26.117737,,,2026-04-27 13:38:16.565000
PINS,XLC,FDN,True,False,False,True,False,2019-04-18 15:27:34.724989,,,2026-04-27 13:38:16.565000
PSN,XLK,IGV,True,False,False,True,False,2019-05-08 14:43:01.278718,,,2026-04-27 13:38:16.565000
UBER,XLK,IGV,True,False,False,True,False,2019-05-10 15:50:41.513359,,,2026-04-27 13:38:16.565000
FSLY,XLK,IGV,True,False,False,True,False,2019-05-17 14:35:32.110251,,,2026-04-27 13:38:16.565000
CTVA,XLB,MOO,True,False,False,True,False,2019-06-03 12:12:39.550212,,,2026-04-27 13:38:16.565000
RVLV,XLY,XRT,True,False,False,True,False,2026-04-27 19:55:40.697000,,,2026-04-27 13:38:16.565000
CRWD,XLK,IGV,True,False,False,True,False,2019-06-12 15:28:14.838397,,,2026-04-27 13:38:16.565000
CHWY,XLY,XRT,True,False,False,True,False,2026-04-28 15:37:15.028000,,,2026-04-27 13:38:16.565000
GO,XLP,VDC,True,False,False,True,False,2026-04-28 14:47:57.407000,,,2026-04-27 13:38:16.565000
BBIO,XLV,IBB,True,False,False,True,False,2019-06-27 15:06:42.722550,,,2026-04-27 13:38:16.565000
PHR,XLV,IHF,True,False,False,True,False,2019-07-18 14:52:02.381648,,,2026-04-27 13:38:16.565000
MIRM,XLV,IBB,True,False,False,True,False,2026-04-27 14:46:10.593000,,,2026-04-27 13:38:16.565000
HCAT,XLV,IHF,True,False,False,True,False,2019-07-25 14:48:18.088575,,,2026-04-27 13:38:16.565000
CSTL,XLV,IHI,True,False,False,True,False,2026-04-27 13:39:52.501000,,,2026-04-27 13:38:16.565000
DT,XLK,IGV,True,False,False,True,False,2019-08-01 15:21:40.971355,,,2026-04-27 13:38:16.565000
TXG,XLV,IHF,True,False,False,True,False,2019-09-12 14:35:20.773072,,,2026-04-27 13:38:16.565000
NET,XLK,IGV,True,False,False,True,False,2019-09-13 15:48:47.882093,,,2026-04-27 13:38:16.565000
DDOG,XLK,IGV,True,False,False,True,False,2019-09-19 15:57:33.343518,,,2026-04-27 13:38:16.565000
PTON,XLY,PEJ,True,False,False,True,False,2026-04-27 13:38:22.466000,,,2026-04-27 13:38:16.565000
VIR,XLV,IBB,True,False,False,True,False,2026-04-27 13:38:54.735000,,,2026-04-27 13:38:16.565000
BRBR,XLP,PBJ,True,False,False,True,False,2019-10-17 15:01:09.926827,,,2026-04-27 13:38:16.565000
AHCO,XLV,IHI,True,False,False,True,False,2019-11-11 16:05:07.952016,,,2026-04-27 13:38:16.565000
J,XLI,PKB,True,False,False,True,False,2019-12-10 14:31:13.353618,,,2026-04-27 13:38:16.565000
BILL,XLK,IGV,True,False,False,True,False,2019-12-12 16:29:26.899665,,,2026-04-27 13:38:16.565000
SPT,XLK,IGV,True,False,False,True,False,2019-12-13 16:51:56.673479,,,2026-04-27 13:38:16.565000
CLSK,XLF,IAI,True,True,False,True,False,2020-01-24 14:30:51.485418,2026-04-28 13:36:40.030000,,2026-04-27 13:38:16.565000
OVV,XLE,XOP,True,True,False,True,False,2020-01-27 13:21:10.658228,2026-04-27 13:38:17.068000,,2026-04-27 13:38:16.565000
BEAM,XLV,IBB,True,False,False,True,False,2020-02-06 16:14:00.355745,,,2026-04-27 13:38:16.565000
WMG,XLC,PEJ,True,False,False,True,False,2020-06-03 15:52:43.089515,,,2026-04-27 13:38:16.565000
FOUR,XLK,IGV,True,False,False,True,False,2026-04-27 13:38:37.434000,,,2026-04-27 13:38:16.565000
ACI,XLP,VDC,True,False,False,True,False,2026-04-28 13:56:00.431000,,,2026-04-27 13:38:16.565000
DNB,XLF,IAI,False,True,False,True,False,,2026-04-28 13:36:40.030000,,2026-04-27 13:38:16.565000
MTCH,XLC,FDN,True,False,False,True,False,2020-07-01 11:15:11.329803,,,2026-04-27 13:38:16.565000
IAC,XLC,FDN,True,False,False,True,False,2026-04-27 19:55:41.146000,,,2026-04-27 13:38:16.565000
LMND,XLF,KIE,True,True,False,True,False,2020-07-02 15:33:12.512057,2026-04-28 13:36:40.030000,,2026-04-27 13:38:16.565000
NCNO,XLK,IGV,True,False,False,True,False,2020-07-14 15:58:36.094232,,,2026-04-27 13:38:16.565000
JAMF,XLK,IGV,False,False,False,True,False,,,,2026-04-27 13:38:16.565000
BIGC,XLK,IGV,False,False,False,True,False,,,,2026-04-27 13:38:16.565000
HRMY,XLV,IBB,True,False,False,True,False,2020-08-19 15:57:46.797771,,,2026-04-27 13:38:16.565000
KYMR,XLV,IBB,True,False,False,True,False,2026-04-27 13:38:48.508000,,,2026-04-27 13:38:16.565000
UTZ,XLP,PBJ,True,False,False,True,False,2020-08-31 11:06:19.600817,,,2026-04-27 13:38:16.565000
SNOW,XLK,IGV,True,False,False,True,False,2020-09-16 16:38:27.905764,,,2026-04-27 13:38:16.565000
U,XLK,IGV,True,False,False,True,False,2020-09-18 15:55:43.397063,,,2026-04-27 13:38:16.565000
GDRX,XLV,IHF,True,False,False,True,False,2020-09-23 16:22:51.120685,,,2026-04-27 13:38:16.565000
BSY,XLK,IGV,True,False,False,True,False,2020-09-23 15:12:04.449006,,,2026-04-27 13:38:16.565000
ASAN,XLK,IGV,True,False,False,True,False,2026-04-27 13:38:16.078000,,,2026-04-27 13:38:16.565000
PLTR,XLK,IGV,True,False,False,True,False,2020-09-30 17:38:47.272678,,,2026-04-27 13:38:16.565000
ASO,XLY,XRT,True,False,False,True,False,2020-10-02 15:39:49.723691,,,2026-04-27 13:38:16.565000
ARRY,XLK,TAN,True,False,False,True,False,2020-10-15 16:21:50.911954,,,2026-04-27 13:38:16.565000
LESL,XLY,XRT,False,False,False,True,False,,,,2026-04-27 13:38:16.565000
TVTX,XLV,IBB,True,False,False,True,False,2020-11-19 14:35:37.777537,,,2026-04-27 13:38:16.565000
DASH,XLC,FDN,True,False,False,True,False,2026-04-27 13:38:17.138000,,,2026-04-27 13:38:16.565000
AI,XLK,IGV,True,False,False,True,False,2026-04-27 13:38:14.075000,,,2026-04-27 13:38:16.565000
ABNB,XLY,JETS,True,False,False,True,False,2020-12-10 18:38:15.106899,,,2026-04-27 13:38:16.565000
AFRM,XLK,IGV,True,False,False,True,False,2021-01-13 17:20:34.467267,,,2026-04-27 13:38:16.565000
PLTK,XLC,GAMR,True,False,False,True,False,2021-01-15 17:20:55.194421,,,2026-04-27 13:38:16.565000
SHLS,XLK,TAN,True,False,False,True,False,2021-01-27 18:11:30.055812,,,2026-04-27 13:38:16.565000
BMBL,XLK,IGV,True,False,False,True,False,2021-02-11 17:34:30.603964,,,2026-04-27 13:38:16.565000
RBLX,XLC,GAMR,True,False,False,True,False,2026-04-27 13:38:15.850000,,,2026-04-27 13:38:16.565000
DOCN,XLK,IGV,True,False,False,True,False,2021-03-24 16:40:19.551793,,,2026-04-27 13:38:16.565000
COUR,XLP,VCR,True,False,False,True,False,2021-03-31 16:12:32.364676,,,2026-04-27 13:38:16.565000
COIN,XLF,IAI,True,True,False,True,False,2026-04-27 13:38:14.556000,2026-04-28 13:36:40.030000,,2026-04-27 13:38:16.565000
DV,XLK,IGV,True,False,False,True,False,2021-04-21 15:02:24.217411,,,2026-04-27 13:38:16.565000
PCOR,XLK,IGV,True,False,False,True,False,2021-05-20 15:42:05.316995,,,2026-04-27 13:38:16.565000
FLYW,XLK,IGV,True,False,False,True,False,2021-05-26 15:36:21.520092,,,2026-04-27 13:38:16.565000
FIGS,XLY,XRT,True,False,False,True,False,2021-05-27 15:43:15.180042,,,2026-04-27 13:38:16.565000
MQ,XLK,IGV,True,False,False,True,False,2021-06-09 16:32:04.533928,,,2026-04-27 13:38:16.565000
INDI,XLK,SOXX,True,False,True,True,False,2021-06-11 13:45:00.000885,,2026-04-27 14:45:10.783000,2026-04-27 13:38:16.565000
CXM,XLK,IGV,True,False,False,True,False,2021-06-23 15:29:59.080429,,,2026-04-27 13:38:16.565000
CFLT,XLK,IGV,False,False,False,True,False,,,,2026-04-27 13:38:16.565000
IAS,XLC,VOX,False,False,False,True,False,,,,2026-04-27 13:38:16.565000
DOCS,XLV,IHF,True,False,False,True,False,2026-04-27 13:38:23.006000,,,2026-04-27 13:38:16.565000
DNUT,XLP,VDC,True,False,False,True,False,2021-07-01 16:50:36.925674,,,2026-04-27 13:38:16.565000
S,XLK,IGV,True,False,False,True,False,2021-06-30 16:24:30.895033,,,2026-04-27 13:38:16.565000
XPOF,XLY,PEJ,True,False,False,True,False,2021-07-23 15:04:11.104160,,,2026-04-27 13:38:16.565000
CNM,XLI,IYJ,True,False,False,True,False,2021-07-23 15:57:14.018250,,,2026-04-27 13:38:16.565000
DUOL,XLK,IGV,True,False,False,True,False,2021-07-28 16:15:15.223099,,,2026-04-27 13:38:16.565000
HOOD,XLF,IAI,True,True,False,True,False,2021-07-29 16:24:50.171733,2026-04-28 13:36:40.030000,,2026-04-27 13:38:16.565000
RKLB,XLI,ITA,True,False,False,True,False,2021-08-25 08:02:39.172182,,,2026-04-27 13:38:16.565000
DH,XLV,IHF,True,False,False,True,False,2021-09-15 16:26:46.151863,,,2026-04-27 13:38:16.565000
FRSH,XLK,IGV,True,False,False,True,False,2026-04-28 09:27:40.456000,,,2026-04-27 13:38:16.565000
TOST,XLK,IGV,True,False,False,True,False,2021-09-22 15:40:39.935065,,,2026-04-27 13:38:16.565000
GTLB,XLK,IGV,True,False,False,True,False,2021-10-14 16:10:13.726001,,,2026-04-27 13:38:16.565000
PX,XLF,IAI,False,True,False,True,False,,2026-04-28 13:36:40.030000,,2026-04-27 13:38:16.565000
FLNC,XLU,TAN,True,False,False,True,False,2026-04-28 12:41:03.005000,,,2026-04-27 13:38:16.565000
HTZ,XLI,IYJ,True,False,False,True,False,2021-11-09 17:14:20.761945,,,2026-04-27 13:38:16.565000
RIVN,XLY,CARZ,True,False,False,True,False,2021-11-10 18:00:48.103699,,,2026-04-27 13:38:16.565000
BRZE,XLK,IGV,True,False,False,True,False,2021-11-17 17:18:36.941215,,,2026-04-27 13:38:16.565000
IOT,XLK,IGV,True,False,False,True,False,2021-12-15 17:20:34.120880,,,2026-04-27 13:38:16.565000
TPG,XLF,IAI,True,True,False,True,False,2026-04-27 13:38:17.311000,2026-04-28 13:36:40.030000,,2026-04-27 13:38:16.565000
CEG,XLU,TAN,True,False,False,True,False,2022-02-02 12:39:46.496588,,,2026-04-27 13:38:16.565000
