ticker,accession,formType,filedAt,in_secapi,in_edgar,in_neo4j,gap_type
AAP,0001193125-24-049060,NT 10-K,2024-02-28,YES,NO,NO,PIPELINE_LOST
AAP,0001193125-23-279408,NT 10-Q,2023-11-17,YES,NO,NO,PIPELINE_LOST
AAP,0001193125-23-159173,NT 10-Q,2023-06-01,YES,NO,NO,PIPELINE_LOST
ACCD,0001481646-24-000042,8-K,2024-08-07,YES,YES,NO,PIPELINE_LOST
ACMR,0001140361-23-009515,NT 10-K,2023-03-01,YES,NO,NO,PIPELINE_LOST
ADM,0001193125-24-054362,NT 10-K,2024-03-01,YES,NO,NO,PIPELINE_LOST
ADM,0001193125-24-256030,NT 10-Q,2024-11-12,YES,NO,NO,PIPELINE_LOST
ADSK,0001213900-24-028898,NT 10-K,2024-04-01,YES,NO,NO,PIPELINE_LOST
AES,0000950103-25-002789,NT 10-K,2025-03-03,YES,NO,NO,PIPELINE_LOST
AHCO,0001628280-25-032464,10-K/A,2025-06-20,YES,YES,NO,PIPELINE_LOST
AHCO,0001628280-25-032464,10-K/A,2025-06-20,YES,YES,NO,PIPELINE_LOST
AMCX,0001514991-26-000054,8-K,2026-04-08,YES,NO,NO,PIPELINE_LOST
AMRC,0001628280-26-013574,10-K,2026-03-03,YES,YES,NO,PIPELINE_LOST
AMTX,0001437749-24-008129,NT 10-K,2024-03-15,YES,NO,NO,PIPELINE_LOST
AMZN,0001104659-26-041034,8-K,2026-04-08,YES,NO,NO,PIPELINE_LOST
ANSS,0001140361-24-026369,8-K,2024-05-16,YES,YES,NO,PIPELINE_LOST
ANSS,0001140361-24-025692,8-K,2024-05-13,YES,YES,NO,PIPELINE_LOST
APA,0001193125-24-018915,8-K,2024-01-30,YES,NO,NO,PIPELINE_LOST
APA,0001193125-23-294344,8-K,2023-12-13,YES,NO,NO,PIPELINE_LOST
APA,0001784031-23-000008,10-K,2023-02-23,YES,NO,NO,PIPELINE_LOST
APA,0001784031-23-000026,10-Q,2023-11-02,YES,NO,NO,PIPELINE_LOST
APA,0001784031-23-000020,10-Q,2023-08-03,YES,NO,NO,PIPELINE_LOST
APA,0001784031-23-000014,10-Q,2023-05-04,YES,NO,NO,PIPELINE_LOST
ARRY,0001820721-23-000045,NT 10-K/A,2023-03-14,YES,NO,NO,PIPELINE_LOST
ARRY,0001820721-23-000018,NT 10-K,2023-03-01,YES,NO,NO,PIPELINE_LOST
ARRY,0001820721-23-000045,NT 10-K/A,2023-03-14,YES,NO,NO,PIPELINE_LOST
AVAV,0001104659-26-041267,8-K,2026-04-09,YES,NO,NO,PIPELINE_LOST
AVXL,0001731122-23-000089,10-K/A,2023-01-27,YES,YES,NO,PIPELINE_LOST
AVXL,0001731122-23-000089,10-K/A,2023-01-27,YES,YES,NO,PIPELINE_LOST
AXL,0001104659-26-009503,8-K,2026-02-03,NO,YES,NO,SOURCE_GAP
AXL,0001104659-25-102333,8-K,2025-10-27,NO,YES,NO,SOURCE_GAP
AXL,0001062231-23-000018,8-K,2023-02-17,NO,YES,YES,SOURCE_GAP_BUT_HAVE
AXL,0000947871-23-000709,8-K,2023-06-29,NO,YES,YES,SOURCE_GAP_BUT_HAVE
AXL,0001062231-23-000043,10-Q,2023-05-05,NO,YES,YES,SOURCE_GAP_BUT_HAVE
AXL,0001104659-26-010059,8-K,2026-02-04,NO,YES,NO,SOURCE_GAP
AXL,0000947871-26-000107,8-K,2026-02-10,NO,YES,NO,SOURCE_GAP
AXL,0001062231-24-000092,8-K,2024-11-08,NO,YES,YES,SOURCE_GAP_BUT_HAVE
AXL,0001104659-26-004579,8-K,2026-01-16,NO,YES,NO,SOURCE_GAP
AXL,0001062231-24-000084,10-Q,2024-08-09,NO,YES,YES,SOURCE_GAP_BUT_HAVE
AXL,0001062231-24-000052,8-K,2024-05-03,NO,YES,YES,SOURCE_GAP_BUT_HAVE
AXL,0001062231-26-000020,10-K,2026-02-13,NO,YES,NO,SOURCE_GAP
AXL,0001062231-26-000017,8-K,2026-02-13,NO,YES,NO,SOURCE_GAP
AXL,0001104659-25-089759,8-K,2025-09-15,NO,YES,NO,SOURCE_GAP
AXL,0001062231-23-000003,8-K,2023-01-03,NO,YES,YES,SOURCE_GAP_BUT_HAVE
AXL,0001062231-24-000094,10-Q,2024-11-08,NO,YES,YES,SOURCE_GAP_BUT_HAVE
AXL,0001062231-23-000055,10-Q,2023-08-04,NO,YES,YES,SOURCE_GAP_BUT_HAVE
AXL,0001062231-25-000095,8-K,2025-11-07,NO,YES,NO,SOURCE_GAP
AXL,0001062231-24-000082,8-K,2024-08-09,NO,YES,YES,SOURCE_GAP_BUT_HAVE
AXL,0001062231-25-000097,10-Q,2025-11-07,NO,YES,NO,SOURCE_GAP
AXL,0001062231-24-000050,8-K,2024-05-02,NO,YES,YES,SOURCE_GAP_BUT_HAVE
AXL,0001062231-25-000087,10-Q,2025-08-08,NO,YES,YES,SOURCE_GAP_BUT_HAVE
AXL,0001062231-24-000037,8-K,2024-03-20,NO,YES,YES,SOURCE_GAP_BUT_HAVE
AXL,0001062231-23-000039,8-K,2023-05-04,NO,YES,YES,SOURCE_GAP_BUT_HAVE
AXL,0001104659-26-008377,8-K,2026-01-30,NO,YES,NO,SOURCE_GAP
AXL,0001062231-25-000064,8-K,2025-05-02,NO,YES,YES,SOURCE_GAP_BUT_HAVE
AXL,0001062231-25-000006,8-K,2025-02-14,NO,YES,YES,SOURCE_GAP_BUT_HAVE
AXL,0001062231-25-000085,8-K,2025-08-08,NO,YES,YES,SOURCE_GAP_BUT_HAVE
AXL,0000947871-25-000741,8-K,2025-08-12,NO,YES,YES,SOURCE_GAP_BUT_HAVE
AXL,0001062231-24-000054,10-Q,2024-05-03,NO,YES,YES,SOURCE_GAP_BUT_HAVE
AXL,0001104659-25-068114,8-K,2025-07-15,NO,YES,YES,SOURCE_GAP_BUT_HAVE
AXL,0001062231-23-000064,10-Q,2023-11-03,NO,YES,YES,SOURCE_GAP_BUT_HAVE
AXL,0001062231-23-000061,8-K,2023-11-03,NO,YES,YES,SOURCE_GAP_BUT_HAVE
AXL,0001104659-25-096647,8-K,2025-10-03,NO,YES,NO,SOURCE_GAP
AXL,0000947871-24-000495,8-K,2024-05-17,NO,YES,YES,SOURCE_GAP_BUT_HAVE
AXL,0001104659-25-016568,8-K,2025-02-24,NO,YES,YES,SOURCE_GAP_BUT_HAVE
AXL,0001062231-24-000005,8-K,2024-02-16,NO,YES,YES,SOURCE_GAP_BUT_HAVE
AXL,0001104659-25-023238,8-K,2025-03-13,NO,YES,YES,SOURCE_GAP_BUT_HAVE
AXL,0001062231-23-000041,8-K,2023-05-05,NO,YES,YES,SOURCE_GAP_BUT_HAVE
AXL,0001062231-25-000091,8-K,2025-08-11,NO,YES,YES,SOURCE_GAP_BUT_HAVE
AXL,0001062231-24-000007,10-K,2024-02-16,NO,YES,YES,SOURCE_GAP_BUT_HAVE
AXL,0001062231-25-000008,10-K,2025-02-14,NO,YES,YES,SOURCE_GAP_BUT_HAVE
AXL,0001062231-24-000086,8-K,2024-10-17,NO,YES,YES,SOURCE_GAP_BUT_HAVE
AXL,0001062231-23-000013,8-K,2023-02-17,NO,YES,YES,SOURCE_GAP_BUT_HAVE
AXL,0001062231-25-000048,8-K,2025-05-02,NO,YES,YES,SOURCE_GAP_BUT_HAVE
AXL,0001062231-23-000053,8-K,2023-08-04,NO,YES,YES,SOURCE_GAP_BUT_HAVE
AXL,0001062231-25-000050,10-Q,2025-05-02,NO,YES,YES,SOURCE_GAP_BUT_HAVE
AXL,0001104659-25-007242,8-K,2025-01-29,NO,YES,YES,SOURCE_GAP_BUT_HAVE
AXL,0001062231-23-000007,8-K,2023-01-04,NO,YES,YES,SOURCE_GAP_BUT_HAVE
AXL,0001062231-25-000023,8-K,2025-03-17,NO,YES,YES,SOURCE_GAP_BUT_HAVE
AXL,0001104659-25-066163,8-K,2025-07-07,NO,YES,YES,SOURCE_GAP_BUT_HAVE
AXL,0001062231-23-000021,8-K,2023-03-16,NO,YES,YES,SOURCE_GAP_BUT_HAVE
AXL,0001062231-23-000016,10-K,2023-02-17,NO,YES,YES,SOURCE_GAP_BUT_HAVE
AXL,0001104659-25-091700,8-K,2025-09-19,NO,YES,NO,SOURCE_GAP
AXL,0001104659-25-057870,8-K,2025-06-09,NO,YES,YES,SOURCE_GAP_BUT_HAVE
AXL,0001104659-26-006480,8-K,2026-01-26,NO,YES,NO,SOURCE_GAP
AXL,0001104659-25-069638,8-K,2025-07-22,NO,YES,YES,SOURCE_GAP_BUT_HAVE
AZEK,0001628280-24-035615,8-K,2024-08-07,YES,YES,NO,PIPELINE_LOST
AZEK,0001628280-24-024091,8-K,2024-05-17,YES,YES,NO,PIPELINE_LOST
AZEK,0001628280-24-035937,10-Q,2024-08-08,YES,YES,NO,PIPELINE_LOST
AZEK,0001628280-24-021679,NT 10-Q,2024-05-08,YES,NO,NO,PIPELINE_LOST
BDX,0001628280-26-024472,8-K,2026-04-09,YES,NO,NO,PIPELINE_LOST
BECN,0001124941-25-000017,8-K,2025-02-27,YES,YES,NO,PIPELINE_LOST
BECN,0001124941-24-000056,8-K,2024-05-15,YES,YES,NO,PIPELINE_LOST
BECN,0001124941-24-000017,8-K,2024-02-27,YES,YES,NO,PIPELINE_LOST
BECN,0001124941-25-000021,10-K,2025-02-27,YES,YES,NO,PIPELINE_LOST
BECN,0001124941-24-000024,10-K,2024-02-28,YES,YES,NO,PIPELINE_LOST
BERY,0001104659-25-017428,8-K,2025-02-26,YES,YES,NO,PIPELINE_LOST
BERY,0001104659-25-017233,8-K,2025-02-26,YES,YES,NO,PIPELINE_LOST
BERY,0001104659-25-017195,8-K,2025-02-26,YES,YES,NO,PIPELINE_LOST
BERY,0001104659-24-060816,8-K,2024-05-14,YES,YES,NO,PIPELINE_LOST
BERY,0001104659-24-060293,8-K,2024-05-13,YES,YES,NO,PIPELINE_LOST
BG,0001104659-23-113122,8-K,2023-11-01,YES,NO,NO,PIPELINE_LOST
BG,0001144519-23-000225,8-K,2023-10-26,YES,NO,NO,PIPELINE_LOST
BG,0001144519-23-000223,8-K,2023-10-13,YES,NO,NO,PIPELINE_LOST
BG,0001144519-23-000221,8-K,2023-10-06,YES,NO,NO,PIPELINE_LOST
BG,0001144519-23-000218,8-K/A,2023-09-08,YES,NO,NO,PIPELINE_LOST
BG,0001144519-23-000168,8-K,2023-08-02,YES,NO,NO,PIPELINE_LOST
BG,0001144519-23-000166,8-K,2023-07-11,YES,NO,NO,PIPELINE_LOST
BG,0001144519-23-000163,8-K,2023-06-26,YES,NO,NO,PIPELINE_LOST
BG,0001104659-23-071337,8-K,2023-06-14,YES,NO,NO,PIPELINE_LOST
BG,0001104659-23-070939,8-K,2023-06-13,YES,NO,NO,PIPELINE_LOST
BG,0001144519-23-000110,8-K,2023-05-15,YES,NO,NO,PIPELINE_LOST
BG,0001144519-23-000094,8-K,2023-05-03,YES,NO,NO,PIPELINE_LOST
BG,0001144519-23-000078,8-K,2023-03-29,YES,NO,NO,PIPELINE_LOST
BG,0001144519-23-000005,8-K,2023-02-08,YES,NO,NO,PIPELINE_LOST
BG,0001144519-23-000010,10-K,2023-02-24,YES,NO,NO,PIPELINE_LOST
BG,0001144519-23-000227,10-Q,2023-10-26,YES,NO,NO,PIPELINE_LOST
BG,0001144519-23-000170,10-Q,2023-08-09,YES,NO,NO,PIPELINE_LOST
BG,0001144519-23-000096,10-Q,2023-05-03,YES,NO,NO,PIPELINE_LOST
BG,0001144519-23-000218,8-K/A,2023-09-08,YES,NO,NO,PIPELINE_LOST
BIGC,0000950170-24-018424,8-K,2024-02-22,NO,YES,YES,SOURCE_GAP_BUT_HAVE
BIGC,0000950170-24-122734,10-Q,2024-11-07,NO,YES,YES,SOURCE_GAP_BUT_HAVE
BIGC,0000950170-24-028787,8-K,2024-03-08,NO,YES,YES,SOURCE_GAP_BUT_HAVE
BIGC,0000950170-24-056275,10-Q,2024-05-09,NO,YES,YES,SOURCE_GAP_BUT_HAVE
BIGC,0000950170-23-018309,10-Q,2023-05-05,NO,YES,YES,SOURCE_GAP_BUT_HAVE
BIGC,0001193125-26-085687,10-K,2026-03-02,NO,YES,NO,SOURCE_GAP
BIGC,0000950170-24-061851,8-K,2024-05-17,NO,YES,YES,SOURCE_GAP_BUT_HAVE
BIGC,0000950170-23-038567,10-Q,2023-08-04,NO,YES,YES,SOURCE_GAP_BUT_HAVE
BIGC,0000950170-23-061112,10-Q,2023-11-08,NO,YES,YES,SOURCE_GAP_BUT_HAVE
BIGC,0001193125-26-006391,8-K,2026-01-07,NO,YES,NO,SOURCE_GAP
BIGC,0000950170-25-066365,8-K,2025-05-08,NO,YES,YES,SOURCE_GAP_BUT_HAVE
BIGC,0001193125-26-047630,8-K,2026-02-12,NO,YES,NO,SOURCE_GAP
BIGC,0001193125-25-268071,10-Q,2025-11-06,NO,YES,NO,SOURCE_GAP
BIGC,0000950170-23-023918,8-K,2023-05-24,NO,YES,YES,SOURCE_GAP_BUT_HAVE
BIGC,0000950170-24-093094,8-K,2024-08-08,NO,YES,NO,SOURCE_GAP
BIGC,0000950170-25-047873,8-K,2025-03-31,NO,YES,YES,SOURCE_GAP_BUT_HAVE
BIGC,0000950170-25-114540,8-K,2025-09-12,NO,YES,NO,SOURCE_GAP
BIGC,0001193125-24-231224,8-K,2024-10-02,NO,YES,YES,SOURCE_GAP_BUT_HAVE
BIGC,0000950170-23-066358,8-K,2023-11-28,NO,YES,YES,SOURCE_GAP_BUT_HAVE
BIGC,0000950170-23-037951,8-K,2023-08-03,NO,YES,YES,SOURCE_GAP_BUT_HAVE
BIGC,0000950170-25-100557,10-Q,2025-07-31,NO,YES,NO,SOURCE_GAP
BIGC,0001193125-23-046531,8-K,2023-02-23,NO,YES,YES,SOURCE_GAP_BUT_HAVE
BIGC,0000950170-24-022864,10-K,2024-02-29,NO,YES,YES,SOURCE_GAP_BUT_HAVE
BIGC,0000950170-25-092283,8-K,2025-07-01,NO,YES,YES,SOURCE_GAP_BUT_HAVE
BIGC,0000950170-23-036162,8-K,2023-08-01,NO,YES,YES,SOURCE_GAP_BUT_HAVE
BIGC,0001193125-23-068509,8-K,2023-03-13,NO,YES,YES,SOURCE_GAP_BUT_HAVE
BIGC,0001193125-25-268062,8-K,2025-11-06,NO,YES,NO,SOURCE_GAP
BIGC,0001193125-23-272894,8-K,2023-11-08,NO,YES,YES,SOURCE_GAP_BUT_HAVE
BIGC,0001193125-23-227637,8-K,2023-09-01,NO,YES,YES,SOURCE_GAP_BUT_HAVE
BIGC,0000950170-24-088945,8-K,2024-08-01,NO,YES,YES,SOURCE_GAP_BUT_HAVE
BIGC,0000950170-25-100556,8-K,2025-07-31,NO,YES,NO,SOURCE_GAP
BIGC,0000950170-24-088947,10-Q,2024-08-01,NO,YES,YES,SOURCE_GAP_BUT_HAVE
BIGC,0000950170-23-023102,8-K,2023-05-18,NO,YES,YES,SOURCE_GAP_BUT_HAVE
BIGC,0000950170-25-003813,8-K,2025-01-10,NO,YES,YES,SOURCE_GAP_BUT_HAVE
BIGC,0000950170-23-066034,8-K,2023-11-27,NO,YES,YES,SOURCE_GAP_BUT_HAVE
BIGC,0000950170-25-023738,8-K,2025-02-20,NO,YES,YES,SOURCE_GAP_BUT_HAVE
BIGC,0000950170-23-017853,8-K,2023-05-04,NO,YES,YES,SOURCE_GAP_BUT_HAVE
BIGC,0000950170-24-133085,8-K,2024-12-04,NO,YES,YES,SOURCE_GAP_BUT_HAVE
BIGC,0000950170-25-033858,8-K,2025-03-05,NO,YES,YES,SOURCE_GAP_BUT_HAVE
BIGC,0000950170-24-008310,8-K,2024-01-29,NO,YES,YES,SOURCE_GAP_BUT_HAVE
BIGC,0001193125-25-235862,8-K,2025-10-09,NO,YES,NO,SOURCE_GAP
BIGC,0000950170-25-029211,10-K,2025-02-27,NO,YES,YES,SOURCE_GAP_BUT_HAVE
BIGC,0000950170-24-053216,8-K,2024-05-06,NO,YES,YES,SOURCE_GAP_BUT_HAVE
BIGC,0000950170-24-122728,8-K,2024-11-07,NO,YES,YES,SOURCE_GAP_BUT_HAVE
BIGC,0000950170-25-072669,8-K,2025-05-15,NO,YES,YES,SOURCE_GAP_BUT_HAVE
BIGC,0000950170-25-066379,10-Q,2025-05-08,NO,YES,YES,SOURCE_GAP_BUT_HAVE
BIGC,0000950170-24-056268,8-K,2024-05-09,NO,YES,YES,SOURCE_GAP_BUT_HAVE
BIGC,0000950170-23-019002,8-K,2023-05-09,NO,YES,YES,SOURCE_GAP_BUT_HAVE
BIGC,0000950170-23-005598,10-K,2023-03-01,NO,YES,YES,SOURCE_GAP_BUT_HAVE
BILL,0001786352-23-000023,NT 10-Q,2023-05-10,YES,NO,NO,PIPELINE_LOST
BLK,0001193125-24-229654,8-K,2024-10-01,YES,NO,NO,PIPELINE_LOST
BLK,0001193125-24-218880,8-K,2024-09-13,YES,NO,NO,PIPELINE_LOST
BLK,0001193125-24-186274,8-K,2024-07-26,YES,NO,NO,PIPELINE_LOST
BLK,0001193125-24-181046,8-K,2024-07-18,YES,NO,NO,PIPELINE_LOST
BLK,0001193125-24-180020,8-K,2024-07-17,YES,NO,NO,PIPELINE_LOST
BLK,0000950170-24-083381,8-K,2024-07-15,YES,NO,NO,PIPELINE_LOST
BLK,0001193125-24-172680,8-K,2024-07-01,YES,NO,NO,PIPELINE_LOST
BLK,0001193125-24-151944,8-K,2024-05-31,YES,NO,NO,PIPELINE_LOST
BLK,0001193125-24-141821,8-K,2024-05-17,YES,NO,NO,PIPELINE_LOST
BLK,0000950170-24-043859,8-K,2024-04-12,YES,NO,NO,PIPELINE_LOST
BLK,0001193125-24-080875,8-K,2024-03-28,YES,NO,NO,PIPELINE_LOST
BLK,0001193125-24-069265,8-K,2024-03-15,YES,NO,NO,PIPELINE_LOST
BLK,0001193125-24-068012,8-K,2024-03-14,YES,NO,NO,PIPELINE_LOST
BLK,0001193125-24-060868,8-K,2024-03-06,YES,NO,NO,PIPELINE_LOST
BLK,0001193125-24-007623,8-K,2024-01-12,YES,NO,NO,PIPELINE_LOST
BLK,0000950170-24-004107,8-K,2024-01-12,YES,NO,NO,PIPELINE_LOST
BLK,0001193125-23-272549,8-K,2023-11-07,YES,NO,NO,PIPELINE_LOST
BLK,0000950170-23-053207,8-K,2023-10-13,YES,NO,NO,PIPELINE_LOST
BLK,0001193125-23-236276,8-K,2023-09-15,YES,NO,NO,PIPELINE_LOST
BLK,0001193125-23-188199,8-K,2023-07-17,YES,NO,NO,PIPELINE_LOST
BLK,0000950170-23-032924,8-K,2023-07-14,YES,NO,NO,PIPELINE_LOST
BLK,0001193125-23-155456,8-K,2023-05-26,YES,NO,NO,PIPELINE_LOST
BLK,0001193125-23-154340,8-K,2023-05-25,YES,NO,NO,PIPELINE_LOST
BLK,0001193125-23-148238,8-K,2023-05-18,YES,NO,NO,PIPELINE_LOST
BLK,0001564590-23-005711,8-K,2023-04-14,YES,NO,NO,PIPELINE_LOST
BLK,0001193125-23-088446,8-K,2023-03-31,YES,NO,NO,PIPELINE_LOST
BLK,0001193125-23-048785,8-K,2023-02-24,YES,NO,NO,PIPELINE_LOST
BLK,0001564590-23-000399,8-K,2023-01-13,YES,NO,NO,PIPELINE_LOST
BLK,0000950170-24-019271,10-K,2024-02-23,YES,NO,NO,PIPELINE_LOST
BLK,0000950170-23-004343,10-K,2023-02-24,YES,NO,NO,PIPELINE_LOST
BLK,0000950170-24-091706,10-Q,2024-08-06,YES,NO,NO,PIPELINE_LOST
BLK,0000950170-24-054148,10-Q,2024-05-07,YES,NO,NO,PIPELINE_LOST
BLK,0000950170-23-059279,10-Q,2023-11-06,YES,NO,NO,PIPELINE_LOST
BLK,0000950170-23-038497,10-Q,2023-08-04,YES,NO,NO,PIPELINE_LOST
BLK,0000950170-23-018214,10-Q,2023-05-05,YES,NO,NO,PIPELINE_LOST
CAT,0001104659-26-042062,8-K,2026-04-10,YES,NO,NO,PIPELINE_LOST
CC,0001193125-24-051942,NT 10-K,2024-02-29,YES,NO,NO,PIPELINE_LOST
CHWY,0001193125-26-146440,8-K,2026-04-08,YES,NO,NO,PIPELINE_LOST
CL,0000021665-26-000015,8-K,2026-04-09,YES,NO,NO,PIPELINE_LOST
CLSK,0000950170-24-132288,NT 10-K,2024-12-02,YES,NO,NO,PIPELINE_LOST
CMCSA,0001166691-23-000020,8-K,2023-04-27,NO,YES,NO,SOURCE_GAP
CMCSA,0000950103-23-008707,8-K,2023-06-09,NO,YES,NO,SOURCE_GAP
CMCSA,0000950103-23-006033,8-K,2023-04-21,NO,YES,NO,SOURCE_GAP
CMCSA,0000950103-23-007049,8-K,2023-05-09,NO,YES,NO,SOURCE_GAP
CMCSA,0001166691-23-000024,10-Q,2023-04-27,NO,YES,NO,SOURCE_GAP
CMCSA,0001166691-23-000014,8-K,2023-03-13,NO,YES,NO,SOURCE_GAP
CMCSA,0001166691-23-000029,8-K,2023-07-27,NO,YES,NO,SOURCE_GAP
CMCSA,0001166691-23-000010,10-K,2023-02-03,NO,YES,NO,SOURCE_GAP
CMCSA,0000950103-23-006065,8-K,2023-04-24,NO,YES,NO,SOURCE_GAP
CMCSA,0001166691-23-000032,10-Q,2023-07-27,NO,YES,NO,SOURCE_GAP
CMCSA,0000950103-23-000208,8-K,2023-01-06,NO,YES,NO,SOURCE_GAP
CMCSA,0000950103-23-013446,8-K,2023-09-11,NO,YES,NO,SOURCE_GAP
CMCSA,0001166691-23-000005,8-K,2023-01-26,NO,YES,NO,SOURCE_GAP
CMCSA,0000950103-23-006958,8-K,2023-05-08,NO,YES,NO,SOURCE_GAP
CMCSA,0000950103-23-004120,8-K,2023-03-15,NO,YES,NO,SOURCE_GAP
CMCSA,0000950103-23-006594,8-K,2023-05-01,NO,YES,NO,SOURCE_GAP
CMCSA,0001193125-23-030148,8-K,2023-02-09,NO,YES,NO,SOURCE_GAP
CNM,0001193125-26-150369,8-K,2026-04-10,YES,NO,NO,PIPELINE_LOST
COIN,0001679788-26-000035,8-K,2026-04-10,YES,NO,NO,PIPELINE_LOST
COO,0001628280-26-024273,8-K,2026-04-08,YES,NO,NO,PIPELINE_LOST
COUR,0001140361-26-014012,8-K,2026-04-09,YES,NO,NO,PIPELINE_LOST
CPT,0001628280-26-024527,8-K,2026-04-09,YES,NO,NO,PIPELINE_LOST
CWH,0001104659-26-041752,8-K,2026-04-10,YES,NO,NO,PIPELINE_LOST
CWK,0001628369-26-000050,8-K,2026-04-08,YES,NO,NO,PIPELINE_LOST
CYRX,0001558370-25-011126,NT 10-Q,2025-08-11,YES,NO,NO,PIPELINE_LOST
D,0001193125-26-147495,8-K,2026-04-08,YES,NO,NO,PIPELINE_LOST
DAL,0000027904-26-000020,8-K,2026-04-08,YES,NO,NO,PIPELINE_LOST
DAL,0000027904-26-000022,10-Q,2026-04-08,YES,NO,NO,PIPELINE_LOST
DH,0001193125-26-149605,8-K,2026-04-09,YES,NO,NO,PIPELINE_LOST
DH,0001193125-23-200003,NT 10-Q,2023-08-01,YES,NO,NO,PIPELINE_LOST
DK,0001193125-26-151245,8-K,2026-04-10,YES,NO,NO,PIPELINE_LOST
DOCN,0001582961-23-000029,NT 10-Q,2023-08-09,YES,NO,NO,PIPELINE_LOST
DOV,0001193125-26-147940,8-K,2026-04-08,YES,NO,NO,PIPELINE_LOST
DTE,0000936340-23-000132,8-K,2023-06-06,NO,YES,NO,SOURCE_GAP
DTE,0000936340-23-000150,8-K,2023-06-26,NO,YES,NO,SOURCE_GAP
DTE,0000936340-23-000168,8-K,2023-07-27,NO,YES,NO,SOURCE_GAP
DTE,0000936340-23-000076,8-K,2023-02-24,NO,YES,NO,SOURCE_GAP
DTE,0000936340-23-000169,10-Q,2023-07-27,NO,YES,NO,SOURCE_GAP
DTE,0000936340-23-000105,8-K,2023-05-04,NO,YES,NO,SOURCE_GAP
DTE,0000936340-23-000100,8-K,2023-04-27,NO,YES,NO,SOURCE_GAP
DTE,0000936340-23-000073,10-K,2023-02-23,NO,YES,NO,SOURCE_GAP
DTE,0000936340-23-000101,10-Q,2023-04-27,NO,YES,NO,SOURCE_GAP
DTE,0000936340-23-000079,8-K,2023-03-03,NO,YES,NO,SOURCE_GAP
DTE,0000936340-23-000072,8-K,2023-02-23,NO,YES,NO,SOURCE_GAP
DTE,0000936340-23-000049,8-K,2023-02-02,NO,YES,NO,SOURCE_GAP
DTE,0000936340-23-000128,8-K,2023-05-10,NO,YES,NO,SOURCE_GAP
DTE,0000936340-23-000165,8-K,2023-07-12,NO,YES,NO,SOURCE_GAP
DTE,0000936340-23-000175,8-K,2023-08-09,NO,YES,NO,SOURCE_GAP
DTE,0000936340-23-000130,8-K,2023-05-19,NO,YES,NO,SOURCE_GAP
DTE,0000936340-23-000173,8-K,2023-08-03,NO,YES,NO,SOURCE_GAP
DTE,0000936340-23-000087,8-K,2023-04-03,NO,YES,NO,SOURCE_GAP
DTE,0000936340-23-000082,8-K,2023-03-17,NO,YES,NO,SOURCE_GAP
DTE,0000936340-23-000154,8-K,2023-06-28,NO,YES,NO,SOURCE_GAP
DTE,0000936340-23-000149,8-K,2023-06-26,NO,YES,NO,SOURCE_GAP
DUK,0001104659-24-001703,8-K,2024-01-05,YES,NO,NO,PIPELINE_LOST
DUK,0001104659-23-071538,8-K,2023-06-15,YES,NO,NO,PIPELINE_LOST
DUK,0001104659-23-001832,8-K,2023-01-06,YES,NO,NO,PIPELINE_LOST
DUK,0001881226-23-000005,10-K,2023-03-29,YES,NO,NO,PIPELINE_LOST
DVN,0001193125-26-151250,8-K,2026-04-10,YES,NO,NO,PIPELINE_LOST
EOG,0000821189-26-000078,8-K,2026-04-09,YES,NO,NO,PIPELINE_LOST
EQH,0000950142-26-001087,8-K,2026-04-08,YES,NO,NO,PIPELINE_LOST
EXPE,0001104659-26-042073,8-K,2026-04-10,YES,NO,NO,PIPELINE_LOST
FDS,0000950103-26-005447,8-K,2026-04-08,YES,NO,NO,PIPELINE_LOST
FLS,0001193125-23-056301,NT 10-K,2023-03-01,YES,NO,NO,PIPELINE_LOST
FLYW,0001193125-23-054140,NT 10-K,2023-02-28,YES,NO,NO,PIPELINE_LOST
FUN,0001193125-26-148589,8-K,2026-04-08,YES,NO,NO,PIPELINE_LOST
FUN,0001193125-24-173432,8-K,2024-07-01,YES,NO,NO,PIPELINE_LOST
FUN,0001193125-24-168482,8-K,2024-06-26,YES,NO,NO,PIPELINE_LOST
FUN,0001193125-24-163040,8-K,2024-06-18,YES,NO,NO,PIPELINE_LOST
FUN,0000811532-24-000076,8-K,2024-05-09,YES,NO,NO,PIPELINE_LOST
FUN,0001193125-24-129363,8-K,2024-05-02,YES,NO,NO,PIPELINE_LOST
FUN,0001193125-24-093205,8-K,2024-04-11,YES,NO,NO,PIPELINE_LOST
FUN,0000811532-24-000037,8-K,2024-02-26,YES,NO,NO,PIPELINE_LOST
FUN,0000811532-24-000032,8-K,2024-02-15,YES,NO,NO,PIPELINE_LOST
FUN,0001193125-24-032075,8-K,2024-02-12,YES,NO,NO,PIPELINE_LOST
FUN,0001193125-24-021021,8-K,2024-01-31,YES,NO,NO,PIPELINE_LOST
FUN,0001193125-24-012386,8-K,2024-01-22,YES,NO,NO,PIPELINE_LOST
FUN,0001193125-23-295458,8-K,2023-12-14,YES,NO,NO,PIPELINE_LOST
FUN,0001193125-23-291817,8-K,2023-12-08,YES,NO,NO,PIPELINE_LOST
FUN,0001193125-23-276046,8-K,2023-11-13,YES,NO,NO,PIPELINE_LOST
FUN,0001193125-23-269882,8-K,2023-11-03,YES,NO,NO,PIPELINE_LOST
FUN,0000811532-23-000100,8-K,2023-11-02,YES,NO,NO,PIPELINE_LOST
FUN,0001193125-23-268768,8-K,2023-11-02,YES,NO,NO,PIPELINE_LOST
FUN,0000811532-23-000095,8-K/A,2023-09-29,YES,NO,NO,PIPELINE_LOST
FUN,0001193125-23-226835,8-K,2023-09-01,YES,NO,NO,PIPELINE_LOST
FUN,0000811532-23-000089,8-K,2023-08-03,YES,NO,NO,PIPELINE_LOST
FUN,0000811532-23-000083,8-K,2023-05-26,YES,NO,NO,PIPELINE_LOST
FUN,0000811532-23-000078,8-K,2023-05-04,YES,NO,NO,PIPELINE_LOST
FUN,0000811532-23-000069,8-K,2023-03-06,YES,NO,NO,PIPELINE_LOST
FUN,0000811532-23-000043,8-K,2023-02-16,YES,NO,NO,PIPELINE_LOST
FUN,0001193125-23-032767,8-K,2023-02-10,YES,NO,NO,PIPELINE_LOST
FUN,0000811532-24-000071,10-K/A,2024-04-29,YES,NO,NO,PIPELINE_LOST
FUN,0000811532-24-000035,10-K,2024-02-16,YES,NO,NO,PIPELINE_LOST
FUN,0000811532-23-000047,10-K,2023-02-17,YES,NO,NO,PIPELINE_LOST
FUN,0000811532-24-000079,10-Q,2024-05-09,YES,NO,NO,PIPELINE_LOST
FUN,0000811532-23-000106,10-Q,2023-11-02,YES,NO,NO,PIPELINE_LOST
FUN,0000811532-23-000092,10-Q,2023-08-03,YES,NO,NO,PIPELINE_LOST
FUN,0000811532-23-000080,10-Q,2023-05-04,YES,NO,NO,PIPELINE_LOST
FUN,0000811532-23-000095,8-K/A,2023-09-29,YES,NO,NO,PIPELINE_LOST
FUN,0000811532-24-000071,10-K/A,2024-04-29,YES,NO,NO,PIPELINE_LOST
FUN,0001193125-24-176370,8-K,2024-07-08,NO,YES,NO,SOURCE_GAP
GSHD,0001726978-26-000034,8-K/A,2026-04-08,YES,NO,NO,PIPELINE_LOST
GSHD,0001726978-26-000034,8-K/A,2026-04-08,YES,NO,NO,PIPELINE_LOST
GTLB,0001628280-25-030548,NT 10-Q,2025-06-10,YES,NO,NO,PIPELINE_LOST
H,0001398987-24-000002,8-K,2024-02-08,YES,NO,NO,PIPELINE_LOST
H,0001398987-23-000167,8-K,2023-11-22,YES,NO,NO,PIPELINE_LOST
H,0001398987-23-000153,8-K,2023-10-24,YES,NO,NO,PIPELINE_LOST
H,0001398987-23-000151,8-K,2023-10-06,YES,NO,NO,PIPELINE_LOST
H,0001193125-23-221474,8-K,2023-08-25,YES,NO,NO,PIPELINE_LOST
H,0001398987-23-000147,8-K,2023-08-08,YES,NO,NO,PIPELINE_LOST
H,0001398987-23-000140,8-K/A,2023-07-25,YES,NO,NO,PIPELINE_LOST
H,0001398987-23-000138,8-K,2023-07-25,YES,NO,NO,PIPELINE_LOST
H,0001398987-23-000133,8-K,2023-07-25,YES,NO,NO,PIPELINE_LOST
H,0001398987-23-000130,8-K,2023-05-12,YES,NO,NO,PIPELINE_LOST
H,0001398987-23-000090,8-K,2023-05-04,YES,NO,NO,PIPELINE_LOST
H,0001398987-23-000083,8-K,2023-05-03,YES,NO,NO,PIPELINE_LOST
H,0001398987-23-000071,8-K,2023-03-31,YES,NO,NO,PIPELINE_LOST
H,0001398987-23-000013,8-K,2023-02-23,YES,NO,NO,PIPELINE_LOST
H,0001398987-23-000005,8-K,2023-01-26,YES,NO,NO,PIPELINE_LOST
H,0001398987-23-000003,8-K,2023-01-10,YES,NO,NO,PIPELINE_LOST
H,0001398987-23-000016,10-K,2023-02-24,YES,NO,NO,PIPELINE_LOST
H,0001398987-23-000156,10-Q,2023-11-02,YES,NO,NO,PIPELINE_LOST
H,0001398987-23-000144,10-Q,2023-08-04,YES,NO,NO,PIPELINE_LOST
H,0001398987-23-000085,10-Q,2023-05-03,YES,NO,NO,PIPELINE_LOST
H,0001398987-23-000140,8-K/A,2023-07-25,YES,NO,NO,PIPELINE_LOST
HL,0001437749-26-011930,8-K,2026-04-09,YES,NO,NO,PIPELINE_LOST
HUBG,0001193125-26-086687,NT 10-K,2026-03-03,YES,NO,NO,PIPELINE_LOST
HUM,0000049071-26-000013,8-K,2026-04-10,YES,NO,NO,PIPELINE_LOST
IIPR,0001104659-26-042068,8-K,2026-04-10,YES,NO,NO,PIPELINE_LOST
ITCI,0001193125-24-195429,8-K,2024-08-07,YES,YES,NO,PIPELINE_LOST
ITCI,0001628280-24-035386,10-Q,2024-08-07,YES,YES,NO,PIPELINE_LOST
KBH,0000795266-26-000042,10-Q,2026-04-09,YES,NO,NO,PIPELINE_LOST
KMX,0001104659-26-041539,8-K,2026-04-09,YES,NO,NO,PIPELINE_LOST
LEN,0001628280-26-024352,10-Q,2026-04-09,YES,NO,NO,PIPELINE_LOST
LH,0000920148-26-000131,8-K,2026-04-09,YES,NO,NO,PIPELINE_LOST
LMND,0001691421-23-000026,NT 10-K,2023-03-02,YES,NO,NO,PIPELINE_LOST
LSTR,0001193125-25-095321,NT 10-Q,2025-04-25,YES,NO,NO,PIPELINE_LOST
MARA,0001493152-23-006171,NT 10-K,2023-02-28,YES,NO,NO,PIPELINE_LOST
MAT,0001628280-24-008014,NT 10-K,2024-02-29,YES,NO,NO,PIPELINE_LOST
MGNX,0001125345-26-000026,8-K,2026-04-08,YES,NO,NO,PIPELINE_LOST
MIRM,0001759425-26-000021,8-K/A,2026-04-08,YES,NO,NO,PIPELINE_LOST
MIRM,0001193125-24-050798,NT 10-K,2024-02-28,YES,NO,NO,PIPELINE_LOST
MIRM,0001759425-26-000021,8-K/A,2026-04-08,YES,NO,NO,PIPELINE_LOST
MKSI,0000950170-23-004684,NT 10-K,2023-02-27,YES,NO,NO,PIPELINE_LOST
MMC,0000062709-26-000014,8-K,2026-01-29,NO,YES,NO,SOURCE_GAP
MMC,0000062709-26-000071,8-K,2026-03-10,NO,YES,NO,SOURCE_GAP
MMC,0001193125-23-066105,8-K,2023-03-09,NO,YES,YES,SOURCE_GAP_BUT_HAVE
MMC,0000062709-25-000057,8-K,2025-07-09,NO,YES,YES,SOURCE_GAP_BUT_HAVE
MMC,0000062709-24-000089,8-K,2024-10-17,NO,YES,YES,SOURCE_GAP_BUT_HAVE
MMC,0000062709-25-000028,10-Q,2025-04-17,NO,YES,YES,SOURCE_GAP_BUT_HAVE
MMC,0000062709-23-000075,10-Q,2023-07-20,NO,YES,YES,SOURCE_GAP_BUT_HAVE
MMC,0001193125-24-039967,8-K,2024-02-20,NO,YES,YES,SOURCE_GAP_BUT_HAVE
MMC,0000062709-26-000022,10-K,2026-02-09,NO,YES,NO,SOURCE_GAP
MMC,0001193125-23-232457,8-K,2023-09-11,NO,YES,YES,SOURCE_GAP_BUT_HAVE
MMC,0000062709-23-000040,8-K,2023-05-22,NO,YES,YES,SOURCE_GAP_BUT_HAVE
MMC,0000062709-23-000033,8-K,2023-04-20,NO,YES,YES,SOURCE_GAP_BUT_HAVE
MMC,0001193125-24-254168,8-K,2024-11-08,NO,YES,YES,SOURCE_GAP_BUT_HAVE
MMC,0000062709-23-000096,10-Q,2023-10-19,NO,YES,YES,SOURCE_GAP_BUT_HAVE
MMC,0000062709-24-000068,8-K,2024-07-18,NO,YES,YES,SOURCE_GAP_BUT_HAVE
MMC,0000062709-24-000079,8-K,2024-09-30,NO,YES,YES,SOURCE_GAP_BUT_HAVE
MMC,0000062709-24-000024,8-K,2024-03-14,NO,YES,YES,SOURCE_GAP_BUT_HAVE
MMC,0000062709-23-000072,8-K,2023-07-20,NO,YES,YES,SOURCE_GAP_BUT_HAVE
MMC,0000062709-25-000069,10-Q,2025-07-17,NO,YES,YES,SOURCE_GAP_BUT_HAVE
MMC,0000062709-24-000016,10-K,2024-02-12,NO,YES,YES,SOURCE_GAP_BUT_HAVE
MMC,0000062709-23-000036,10-Q,2023-04-20,NO,YES,YES,SOURCE_GAP_BUT_HAVE
MMC,0000062709-24-000005,8-K,2024-01-25,NO,YES,YES,SOURCE_GAP_BUT_HAVE
MMC,0000062709-23-000093,8-K,2023-10-19,NO,YES,YES,SOURCE_GAP_BUT_HAVE
MMC,0000062709-23-000045,8-K,2023-06-12,NO,YES,YES,SOURCE_GAP_BUT_HAVE
MMC,0000062709-23-000083,8-K,2023-10-12,NO,YES,YES,SOURCE_GAP_BUT_HAVE
MMC,0000062709-24-000071,10-Q,2024-07-18,NO,YES,YES,SOURCE_GAP_BUT_HAVE
MMC,0000062709-24-000037,10-Q,2024-04-18,NO,YES,YES,SOURCE_GAP_BUT_HAVE
MMC,0000062709-25-000015,10-K,2025-02-10,NO,YES,YES,SOURCE_GAP_BUT_HAVE
MMC,0000062709-24-000021,8-K,2024-02-23,NO,YES,YES,SOURCE_GAP_BUT_HAVE
MMC,0000062709-23-000021,8-K,2023-03-29,NO,YES,YES,SOURCE_GAP_BUT_HAVE
MMC,0000062709-25-000125,10-Q,2025-10-16,NO,YES,NO,SOURCE_GAP
MMC,0000062709-25-000123,8-K,2025-10-16,NO,YES,NO,SOURCE_GAP
MMC,0000062709-24-000092,10-Q,2024-10-17,NO,YES,YES,SOURCE_GAP_BUT_HAVE
MMC,0000950103-25-006177,8-K,2025-05-19,NO,YES,YES,SOURCE_GAP_BUT_HAVE
MMC,0000062709-25-000024,8-K,2025-04-17,NO,YES,YES,SOURCE_GAP_BUT_HAVE
MMC,0000062709-24-000098,8-K,2024-11-15,NO,YES,NO,SOURCE_GAP
MMC,0000062709-25-000006,8-K,2025-01-30,NO,YES,YES,SOURCE_GAP_BUT_HAVE
MMC,0000062709-24-000032,8-K,2024-04-18,NO,YES,YES,SOURCE_GAP_BUT_HAVE
MMC,0000062709-23-000006,8-K,2023-01-26,NO,YES,YES,SOURCE_GAP_BUT_HAVE
MMC,0000062709-26-000035,8-K,2026-02-25,NO,YES,NO,SOURCE_GAP
MMC,0001193125-26-059544,8-K,2026-02-19,NO,YES,NO,SOURCE_GAP
MMC,0000062709-24-000012,8-K,2024-02-09,NO,YES,YES,SOURCE_GAP_BUT_HAVE
MMC,0000062709-24-000060,8-K,2024-07-10,NO,YES,YES,SOURCE_GAP_BUT_HAVE
MMC,0000062709-26-000008,8-K,2026-01-14,NO,YES,NO,SOURCE_GAP
MMC,0000062709-23-000014,10-K,2023-02-13,NO,YES,YES,SOURCE_GAP_BUT_HAVE
MMC,0000062709-25-000067,8-K,2025-07-17,NO,YES,YES,SOURCE_GAP_BUT_HAVE
MMC,0000062709-24-000044,8-K,2024-05-17,NO,YES,YES,SOURCE_GAP_BUT_HAVE
MMC,0000062709-24-000056,8-K,2024-06-24,NO,YES,YES,SOURCE_GAP_BUT_HAVE
MOS,0001285785-26-000058,8-K,2026-04-08,YES,NO,NO,PIPELINE_LOST
MPW,0001193125-24-153035,8-K,2024-06-03,NO,YES,YES,SOURCE_GAP_BUT_HAVE
MPW,0001193125-23-153419,8-K,2023-05-25,NO,YES,YES,SOURCE_GAP_BUT_HAVE
MPW,0000950170-25-068203,10-Q,2025-05-09,NO,YES,YES,SOURCE_GAP_BUT_HAVE
MPW,0000950170-24-126476,10-Q/A,2024-11-13,NO,YES,NO,SOURCE_GAP
MPW,0001193125-24-196518,8-K,2024-08-08,NO,YES,NO,SOURCE_GAP
MPW,0000950170-24-023248,10-K,2024-02-29,NO,YES,YES,SOURCE_GAP_BUT_HAVE
MPW,0001193125-25-170123,8-K,2025-07-31,NO,YES,YES,SOURCE_GAP_BUT_HAVE
MPW,0001193125-24-002655,8-K,2024-01-05,NO,YES,YES,SOURCE_GAP_BUT_HAVE
MPW,0001193125-23-263599,8-K,2023-10-26,NO,YES,YES,SOURCE_GAP_BUT_HAVE
MPW,0001193125-24-133302,8-K,2024-05-07,NO,YES,YES,SOURCE_GAP_BUT_HAVE
MPW,0001193125-23-155432,8-K,2023-05-26,NO,YES,YES,SOURCE_GAP_BUT_HAVE
MPW,0001193125-24-134847,8-K,2024-05-09,NO,YES,YES,SOURCE_GAP_BUT_HAVE
MPW,0001193125-25-015022,8-K,2025-01-29,NO,YES,YES,SOURCE_GAP_BUT_HAVE
MPW,0000950170-23-062169,10-Q,2023-11-09,NO,YES,YES,SOURCE_GAP_BUT_HAVE
MPW,0001193125-23-049940,8-K,2023-02-27,NO,YES,YES,SOURCE_GAP_BUT_HAVE
MPW,0001193125-24-147330,8-K,2024-05-28,NO,YES,YES,SOURCE_GAP_BUT_HAVE
MPW,0001193125-24-220733,8-K,2024-09-17,NO,YES,YES,SOURCE_GAP_BUT_HAVE
MPW,0001193125-26-058167,8-K,2026-02-19,NO,YES,NO,SOURCE_GAP
MPW,0000950170-25-030989,10-K,2025-03-03,NO,YES,YES,SOURCE_GAP_BUT_HAVE
MPW,0001193125-25-037671,8-K,2025-02-27,NO,YES,YES,SOURCE_GAP_BUT_HAVE
MPW,0000950170-24-065929,10-Q,2024-05-29,NO,YES,YES,SOURCE_GAP_BUT_HAVE
MPW,0000950170-24-094888,10-Q,2024-08-09,NO,YES,YES,SOURCE_GAP_BUT_HAVE
MPW,0001193125-26-016037,8-K,2026-01-20,NO,YES,NO,SOURCE_GAP
MPW,0001193125-24-068020,8-K,2024-03-14,NO,YES,YES,SOURCE_GAP_BUT_HAVE
MPW,0001193125-23-046802,8-K,2023-02-23,NO,YES,YES,SOURCE_GAP_BUT_HAVE
MPW,0000950170-25-106022,10-Q,2025-08-08,NO,YES,YES,SOURCE_GAP_BUT_HAVE
MPW,0001193125-25-257549,8-K,2025-10-30,NO,YES,NO,SOURCE_GAP
MPW,0001193125-23-095514,8-K,2023-04-10,NO,YES,YES,SOURCE_GAP_BUT_HAVE
MPW,0001193125-25-134173,8-K,2025-06-03,NO,YES,YES,SOURCE_GAP_BUT_HAVE
MPW,0001193125-25-018490,8-K,2025-01-31,NO,YES,YES,SOURCE_GAP_BUT_HAVE
MPW,0000950170-23-005575,10-K,2023-03-01,NO,YES,YES,SOURCE_GAP_BUT_HAVE
MPW,0001193125-23-120216,8-K,2023-04-27,NO,YES,YES,SOURCE_GAP_BUT_HAVE
MPW,0000950170-24-125623,10-Q,2024-11-12,NO,YES,NO,SOURCE_GAP
MPW,0001193125-24-140662,8-K,2024-05-16,NO,YES,YES,SOURCE_GAP_BUT_HAVE
MPW,0001193125-23-205633,8-K,2023-08-08,NO,YES,YES,SOURCE_GAP_BUT_HAVE
MPW,0001193125-25-272324,10-Q,2025-11-07,NO,YES,NO,SOURCE_GAP
MPW,0001193125-25-178048,8-K,2025-08-11,NO,YES,YES,SOURCE_GAP_BUT_HAVE
MPW,0001193125-23-086105,8-K,2023-03-31,NO,YES,YES,SOURCE_GAP_BUT_HAVE
MPW,0001193125-24-040842,8-K,2024-02-21,NO,YES,YES,SOURCE_GAP_BUT_HAVE
MPW,0001193125-24-100968,8-K,2024-04-18,NO,YES,YES,SOURCE_GAP_BUT_HAVE
MPW,0001193125-25-109039,8-K,2025-05-01,NO,YES,YES,SOURCE_GAP_BUT_HAVE
MPW,0000950170-23-020652,10-Q,2023-05-10,NO,YES,YES,SOURCE_GAP_BUT_HAVE
MPW,0001193125-25-180805,8-K,2025-08-14,NO,YES,YES,SOURCE_GAP_BUT_HAVE
MPW,0001193125-24-252717,8-K,2024-11-07,NO,YES,YES,SOURCE_GAP_BUT_HAVE
MPW,0000950170-23-040734,10-Q,2023-08-09,NO,YES,YES,SOURCE_GAP_BUT_HAVE
MPW,0001193125-25-028746,8-K,2025-02-18,NO,YES,YES,SOURCE_GAP_BUT_HAVE
MPW,0001193125-23-295523,8-K,2023-12-14,NO,YES,YES,SOURCE_GAP_BUT_HAVE
MPW,0001193125-26-073587,10-K,2026-02-26,NO,YES,NO,SOURCE_GAP
MPW,0001193125-24-149138,8-K/A,2024-05-29,NO,YES,YES,SOURCE_GAP_BUT_HAVE
MPW,0001193125-23-045747,8-K,2023-02-23,NO,YES,YES,SOURCE_GAP_BUT_HAVE
MPW,0001193125-24-136307,8-K,2024-05-10,NO,YES,YES,SOURCE_GAP_BUT_HAVE
MTZ,0001193125-24-054063,NT 10-K,2024-02-29,YES,NO,NO,PIPELINE_LOST
MTZ,0001193125-23-057403,NT 10-K,2023-03-02,YES,NO,NO,PIPELINE_LOST
NFE,0001749723-26-000011,NT 10-K,2026-03-17,YES,NO,NO,PIPELINE_LOST
NFE,0001749723-25-000019,NT 10-K,2025-03-04,YES,NO,NO,PIPELINE_LOST
NFE,0001749723-25-000135,NT 10-Q,2025-11-12,YES,NO,NO,PIPELINE_LOST
NFE,0001749723-25-000109,NT 10-Q,2025-08-12,YES,NO,NO,PIPELINE_LOST
NFE,0001749723-25-000060,NT 10-Q,2025-05-13,YES,NO,NO,PIPELINE_LOST
NMRK,0001193125-23-057358,NT 10-K,2023-03-02,YES,NO,NO,PIPELINE_LOST
NOVA,0001772695-25-000085,8-K,2025-05-15,YES,YES,NO,PIPELINE_LOST
NOVA,0001772695-25-000078,8-K,2025-05-08,YES,YES,NO,PIPELINE_LOST
NOVA,0001772695-25-000011,8-K,2025-02-26,YES,YES,NO,PIPELINE_LOST
NOVA,0001193125-24-046271,8-K,2024-02-26,YES,YES,NO,PIPELINE_LOST
NOVA,0001772695-25-000082,NT 10-Q,2025-05-12,YES,NO,NO,PIPELINE_LOST
NTLA,0001193125-26-151300,8-K,2026-04-10,YES,NO,NO,PIPELINE_LOST
NTNX,0000950170-23-006244,NT 10-Q,2023-03-06,YES,NO,NO,PIPELINE_LOST
NVCR,0001645113-26-000026,8-K,2026-04-09,YES,NO,NO,PIPELINE_LOST
NVEE,0001628280-24-046455,NT 10-Q,2024-11-07,YES,NO,NO,PIPELINE_LOST
NVRO,0000950170-24-127066,8-K,2024-11-14,YES,YES,NO,PIPELINE_LOST
NVRO,0000950170-24-091842,8-K,2024-08-06,YES,YES,NO,PIPELINE_LOST
NVRO,0000950170-24-124689,10-Q,2024-11-12,YES,YES,NO,PIPELINE_LOST
NVRO,0000950170-24-091815,10-Q,2024-08-06,YES,YES,NO,PIPELINE_LOST
OVV,0001193125-26-149823,8-K,2026-04-09,YES,NO,NO,PIPELINE_LOST
OVV,0001193125-26-149820,8-K/A,2026-04-09,YES,NO,NO,PIPELINE_LOST
OVV,0001193125-26-149820,8-K/A,2026-04-09,YES,NO,NO,PIPELINE_LOST
OXY,0001628280-26-024581,8-K,2026-04-10,YES,NO,NO,PIPELINE_LOST
PDCO,0001193125-25-036792,8-K,2025-02-26,YES,YES,NO,PIPELINE_LOST
PDCO,0001193125-24-049252,8-K,2024-02-28,YES,YES,NO,PIPELINE_LOST
PDCO,0000891024-25-000003,10-Q,2025-02-26,YES,YES,NO,PIPELINE_LOST
PDCO,0000891024-24-000005,10-Q,2024-02-28,YES,YES,NO,PIPELINE_LOST
PLCE,0001628280-26-024672,10-K,2026-04-10,YES,NO,NO,PIPELINE_LOST
PLCE,0001104659-24-048904,NT 10-K,2024-04-18,YES,NO,NO,PIPELINE_LOST
PRU,0001193125-23-230708,8-K,2023-09-07,NO,YES,NO,SOURCE_GAP
PRU,0001193125-23-230149,8-K,2023-09-07,NO,YES,NO,SOURCE_GAP
PRU,0001137774-23-000056,8-K,2023-04-13,NO,YES,NO,SOURCE_GAP
PRU,0001193125-23-066133,8-K,2023-03-09,NO,YES,NO,SOURCE_GAP
PRU,0001137774-23-000094,10-Q,2023-08-03,NO,YES,NO,SOURCE_GAP
PRU,0001137774-23-000011,8-K,2023-02-07,NO,YES,NO,SOURCE_GAP
PRU,0001137774-23-000005,8-K,2023-01-18,NO,YES,NO,SOURCE_GAP
PRU,0001193125-23-151852,8-K,2023-05-23,NO,YES,NO,SOURCE_GAP
PRU,0001193125-23-019190,8-K,2023-01-30,NO,YES,NO,SOURCE_GAP
PRU,0001137774-23-000088,8-K,2023-08-01,NO,YES,NO,SOURCE_GAP
PRU,0001193125-23-050937,8-K,2023-02-27,NO,YES,NO,SOURCE_GAP
PRU,0001137774-23-000067,10-Q,2023-05-04,NO,YES,NO,SOURCE_GAP
PRU,0001193125-23-039745,8-K,2023-02-15,NO,YES,NO,SOURCE_GAP
PRU,0001137774-23-000059,8-K,2023-04-18,NO,YES,NO,SOURCE_GAP
PRU,0001137774-23-000084,8-K,2023-07-18,NO,YES,NO,SOURCE_GAP
PRU,0001137774-23-000062,8-K,2023-05-02,NO,YES,NO,SOURCE_GAP
PRU,0001193125-23-139556,8-K,2023-05-09,NO,YES,NO,SOURCE_GAP
PRU,0001137774-23-000040,10-K,2023-02-16,NO,YES,NO,SOURCE_GAP
PX,0000950170-24-046364,8-K,2024-04-22,NO,YES,YES,SOURCE_GAP_BUT_HAVE
PX,0000950170-23-063085,10-Q,2023-11-13,NO,YES,YES,SOURCE_GAP_BUT_HAVE
PX,0000950170-25-086375,8-K,2025-06-13,NO,YES,YES,SOURCE_GAP_BUT_HAVE
PX,0000950170-24-123354,8-K,2024-11-07,NO,YES,YES,SOURCE_GAP_BUT_HAVE
PX,0000950170-25-030098,10-K,2025-02-28,NO,YES,YES,SOURCE_GAP_BUT_HAVE
PX,0000950170-24-030461,10-K,2024-03-13,NO,YES,YES,SOURCE_GAP_BUT_HAVE
PX,0000950170-23-010038,10-K,2023-03-27,NO,YES,YES,SOURCE_GAP_BUT_HAVE
PX,0000950170-25-002674,8-K,2025-01-07,NO,YES,YES,SOURCE_GAP_BUT_HAVE
PX,0000950170-24-107989,8-K,2024-09-19,NO,YES,YES,SOURCE_GAP_BUT_HAVE
PX,0000950170-23-055190,8-K,2023-10-25,NO,YES,YES,SOURCE_GAP_BUT_HAVE
PX,0000950170-24-090344,8-K,2024-08-05,NO,YES,NO,SOURCE_GAP
PX,0001193125-25-073584,8-K,2025-04-07,NO,YES,YES,SOURCE_GAP_BUT_HAVE
PX,0000950170-24-074124,8-K,2024-06-17,NO,YES,YES,SOURCE_GAP_BUT_HAVE
PX,0001193125-26-038508,8-K,2026-02-05,NO,YES,NO,SOURCE_GAP
PX,0000950170-25-051355,8-K,2025-04-07,NO,YES,YES,SOURCE_GAP_BUT_HAVE
PX,0000950170-24-123358,8-K,2024-11-07,NO,YES,YES,SOURCE_GAP_BUT_HAVE
PX,0000950170-23-022237,10-Q,2023-05-15,NO,YES,YES,SOURCE_GAP_BUT_HAVE
PX,0000950170-23-062053,8-K,2023-11-09,NO,YES,YES,SOURCE_GAP_BUT_HAVE
PX,0000950170-23-041284,8-K,2023-08-10,NO,YES,YES,SOURCE_GAP_BUT_HAVE
PX,0001193125-26-047619,8-K,2026-02-12,NO,YES,NO,SOURCE_GAP
PX,0001193125-26-010556,8-K,2026-01-12,NO,YES,NO,SOURCE_GAP
PX,0000950170-25-018409,8-K,2025-02-12,NO,YES,YES,SOURCE_GAP_BUT_HAVE
PX,0000950170-23-048781,8-K,2023-09-19,NO,YES,YES,SOURCE_GAP_BUT_HAVE
PX,0000950170-25-104562,8-K,2025-08-07,NO,YES,YES,SOURCE_GAP_BUT_HAVE
PX,0001193125-25-268006,8-K,2025-11-06,NO,YES,NO,SOURCE_GAP
PX,0000950170-25-066394,8-K,2025-05-08,NO,YES,YES,SOURCE_GAP_BUT_HAVE
PX,0000950170-24-093967,8-K,2024-08-08,NO,YES,NO,SOURCE_GAP
PX,0001193125-26-118587,8-K,2026-03-23,NO,YES,NO,SOURCE_GAP
PX,0000950170-24-140156,8-K,2024-12-26,NO,YES,YES,SOURCE_GAP_BUT_HAVE
PX,0000950170-24-123725,10-Q,2024-11-08,NO,YES,YES,SOURCE_GAP_BUT_HAVE
PX,0000950170-24-094357,10-Q,2024-08-09,NO,YES,YES,SOURCE_GAP_BUT_HAVE
PX,0000950170-24-056908,10-Q,2024-05-09,NO,YES,YES,SOURCE_GAP_BUT_HAVE
PX,0000950170-24-013368,8-K,2024-02-09,NO,YES,YES,SOURCE_GAP_BUT_HAVE
PX,0000950170-24-023113,8-K,2024-02-29,NO,YES,YES,SOURCE_GAP_BUT_HAVE
PX,0001193125-23-061388,8-K,2023-03-06,NO,YES,YES,SOURCE_GAP_BUT_HAVE
PX,0000950170-25-067201,10-Q,2025-05-08,NO,YES,YES,SOURCE_GAP_BUT_HAVE
PX,0000950170-24-107018,8-K,2024-09-17,NO,YES,YES,SOURCE_GAP_BUT_HAVE
PX,0001193125-26-081484,10-K,2026-02-27,NO,YES,NO,SOURCE_GAP
PX,0000950170-24-055658,8-K,2024-05-08,NO,YES,YES,SOURCE_GAP_BUT_HAVE
PX,0001193125-25-272253,10-Q,2025-11-07,NO,YES,NO,SOURCE_GAP
PX,0000950170-23-042347,10-Q,2023-08-14,NO,YES,YES,SOURCE_GAP_BUT_HAVE
PX,0000950170-25-056337,8-K,2025-04-21,NO,YES,YES,SOURCE_GAP_BUT_HAVE
PX,0000950170-25-105611,10-Q,2025-08-08,NO,YES,YES,SOURCE_GAP_BUT_HAVE
PX,0001193125-25-207726,8-K,2025-09-19,NO,YES,NO,SOURCE_GAP
PX,0001193125-23-170296,8-K,2023-06-20,NO,YES,YES,SOURCE_GAP_BUT_HAVE
PX,0001193125-23-145001,8-K,2023-05-15,NO,YES,YES,SOURCE_GAP_BUT_HAVE
RDFN,0001382821-25-000067,8-K,2025-05-09,YES,YES,NO,PIPELINE_LOST
RDFN,0001382821-25-000062,8-K,2025-05-06,YES,YES,NO,PIPELINE_LOST
RDFN,0001382821-25-000042,8-K,2025-02-27,YES,YES,NO,PIPELINE_LOST
RDFN,0001382821-24-000141,8-K,2024-08-06,YES,YES,NO,PIPELINE_LOST
RDFN,0001382821-24-000025,8-K,2024-02-27,YES,YES,NO,PIPELINE_LOST
RDFN,0001382821-25-000046,10-K,2025-02-27,YES,YES,NO,PIPELINE_LOST
RDFN,0001382821-24-000027,10-K,2024-02-27,YES,YES,NO,PIPELINE_LOST
RDFN,0001382821-25-000064,10-Q,2025-05-06,YES,YES,NO,PIPELINE_LOST
RDFN,0001382821-24-000143,10-Q,2024-08-06,YES,YES,NO,PIPELINE_LOST
REGN,0001104659-26-040661,8-K,2026-04-08,YES,NO,NO,PIPELINE_LOST
REVG,0000950103-23-013514,NT 10-Q,2023-09-12,YES,NO,NO,PIPELINE_LOST
RGEN,0001193125-25-044191,NT 10-K,2025-03-03,YES,NO,NO,PIPELINE_LOST
RGEN,0001193125-24-255987,NT 10-Q,2024-11-12,YES,NO,NO,PIPELINE_LOST
RKLB,0000950170-23-005613,NT 10-K,2023-03-01,YES,NO,NO,PIPELINE_LOST
SAIC,0001193125-26-149403,8-K/A,2026-04-09,YES,NO,NO,PIPELINE_LOST
SAIC,0001193125-26-148919,8-K,2026-04-09,YES,NO,NO,PIPELINE_LOST
SAIC,0001193125-26-149403,8-K/A,2026-04-09,YES,NO,NO,PIPELINE_LOST
SBGI,0000912752-23-000030,8-K,2023-05-24,YES,NO,NO,PIPELINE_LOST
SBGI,0000912752-23-000028,8-K,2023-05-19,YES,NO,NO,PIPELINE_LOST
SBGI,0000912752-23-000022,8-K,2023-05-03,YES,NO,NO,PIPELINE_LOST
SBGI,0001193125-23-089606,8-K,2023-04-03,YES,NO,NO,PIPELINE_LOST
SBGI,0000912752-23-000006,8-K,2023-02-22,YES,NO,NO,PIPELINE_LOST
SBGI,0000912752-23-000003,8-K,2023-02-10,YES,NO,NO,PIPELINE_LOST
SBGI,0000912752-23-000010,10-K,2023-03-01,YES,NO,NO,PIPELINE_LOST
SBGI,0000912752-23-000025,10-Q,2023-05-10,YES,NO,NO,PIPELINE_LOST
SEE,0001193125-26-148959,8-K,2026-04-09,YES,NO,NO,PIPELINE_LOST
SGRY,0001638833-25-000034,NT 10-K,2025-03-04,YES,NO,NO,PIPELINE_LOST
SHAK,0001620533-24-000016,NT 10-K,2024-02-26,YES,NO,NO,PIPELINE_LOST
SHOO,0001493152-24-008482,NT 10-K,2024-03-01,YES,NO,NO,PIPELINE_LOST
SLB,0001193125-26-147610,8-K,2026-04-08,YES,NO,NO,PIPELINE_LOST
SMCI,0001375365-24-000031,NT 10-K,2024-08-30,YES,NO,NO,PIPELINE_LOST
SMCI,0001375365-25-000002,NT 10-Q,2025-02-11,YES,NO,NO,PIPELINE_LOST
SMCI,0001375365-24-000039,NT 10-Q,2024-11-12,YES,NO,NO,PIPELINE_LOST
SMG,0000825542-26-000017,8-K,2026-04-09,YES,NO,NO,PIPELINE_LOST
SMPL,0001702744-26-000010,8-K,2026-04-09,YES,NO,NO,PIPELINE_LOST
SMPL,0001702744-26-000012,10-Q,2026-04-09,YES,NO,NO,PIPELINE_LOST
SMTC,0000088941-23-000018,NT 10-Q,2023-09-06,YES,NO,NO,PIPELINE_LOST
STAA,0000718937-26-000009,8-K,2026-04-08,YES,NO,NO,PIPELINE_LOST
SYK,0001193125-26-149607,8-K/A,2026-04-09,YES,NO,NO,PIPELINE_LOST
SYK,0001193125-26-149607,8-K/A,2026-04-09,YES,NO,NO,PIPELINE_LOST
TOL,0000794170-26-000056,10-Q,2026-02-27,YES,YES,NO,PIPELINE_LOST
TPG,0001880661-26-000019,8-K,2026-04-09,YES,NO,NO,PIPELINE_LOST
TRMB,0000864749-25-000029,NT 10-K,2025-03-05,YES,NO,NO,PIPELINE_LOST
TRMB,0000864749-24-000254,NT 10-Q,2024-11-07,YES,NO,NO,PIPELINE_LOST
TRMB,0000864749-24-000199,NT 10-Q,2024-08-07,YES,NO,NO,PIPELINE_LOST
TRMB,0000864749-24-000130,NT 10-Q,2024-05-08,YES,NO,NO,PIPELINE_LOST
VIR,0001193125-26-151209,8-K,2026-04-10,YES,NO,NO,PIPELINE_LOST
VNO,0000899689-26-000021,8-K,2026-04-08,YES,NO,NO,PIPELINE_LOST
VNOM,0001104659-26-023479,8-K,2026-03-04,YES,NO,NO,PIPELINE_LOST
VNOM,0001104659-26-022427,8-K,2026-03-02,YES,NO,NO,PIPELINE_LOST
VNOM,0002074176-26-000005,8-K,2026-02-23,YES,NO,NO,PIPELINE_LOST
VNOM,0001104659-26-017566,8-K,2026-02-19,YES,NO,NO,PIPELINE_LOST
VNOM,0001104659-25-125257,8-K,2025-12-30,YES,NO,NO,PIPELINE_LOST
VNOM,0001104659-25-120446,8-K,2025-12-12,YES,NO,NO,PIPELINE_LOST
VNOM,0002074176-25-000048,8-K,2025-11-03,YES,NO,NO,PIPELINE_LOST
VNOM,0001193125-25-187727,8-K/A,2025-08-25,YES,NO,NO,PIPELINE_LOST
VNOM,0002074176-26-000010,10-K,2026-02-25,YES,NO,NO,PIPELINE_LOST
VNOM,0002074176-25-000053,10-Q,2025-11-05,YES,NO,NO,PIPELINE_LOST
VNOM,0001193125-25-187727,8-K/A,2025-08-25,YES,NO,NO,PIPELINE_LOST
VOYA,0001535929-26-000058,8-K,2026-04-08,YES,NO,NO,PIPELINE_LOST
WDC,0000106040-24-000011,NT 10-Q,2024-02-08,YES,NO,NO,PIPELINE_LOST
X,0001163302-25-000034,8-K,2025-05-09,YES,YES,NO,PIPELINE_LOST
X,0001163302-25-000028,8-K,2025-05-01,YES,YES,NO,PIPELINE_LOST
X,0001163302-25-000030,10-Q,2025-05-02,YES,YES,NO,PIPELINE_LOST
XRX,0001193125-26-085664,NT 10-K,2026-03-02,YES,NO,NO,PIPELINE_LOST
ZI,0001794515-23-000136,8-K,2023-07-31,NO,YES,NO,SOURCE_GAP
ZI,0001794515-25-000045,10-K,2025-02-25,NO,YES,NO,SOURCE_GAP
ZI,0001794515-25-000138,8-K,2025-06-09,NO,YES,NO,SOURCE_GAP
ZI,0001794515-25-000025,8-K,2025-02-19,NO,YES,NO,SOURCE_GAP
ZI,0001794515-23-000091,8-K,2023-05-19,NO,YES,NO,SOURCE_GAP
ZI,0001794515-24-000028,8-K,2024-02-21,NO,YES,NO,SOURCE_GAP
ZI,0001794515-23-000034,10-K,2023-02-16,NO,YES,NO,SOURCE_GAP
ZI,0001794515-24-000114,8-K,2024-06-12,NO,YES,NO,SOURCE_GAP
ZI,0001794515-23-000010,8-K,2023-02-01,NO,YES,NO,SOURCE_GAP
ZI,0001794515-24-000041,8-K,2024-02-26,NO,YES,NO,SOURCE_GAP
ZI,0001794515-25-000165,8-K,2025-08-04,NO,YES,NO,SOURCE_GAP
ZI,0001794515-23-000020,8-K,2023-02-06,NO,YES,NO,SOURCE_GAP
ZI,0001794515-24-000163,8-K/A,2024-09-11,NO,YES,NO,SOURCE_GAP
ZI,0001794515-24-000035,8-K,2024-02-23,NO,YES,NO,SOURCE_GAP
ZI,0001794515-24-000016,10-K,2024-02-15,NO,YES,NO,SOURCE_GAP
ZI,0001794515-24-000185,10-Q,2024-11-12,NO,YES,NO,SOURCE_GAP
ZI,0001794515-25-000167,10-Q,2025-08-04,NO,YES,NO,SOURCE_GAP
ZI,0001794515-24-000078,8-K,2024-05-17,NO,YES,NO,SOURCE_GAP
ZI,0001794515-23-000079,8-K,2023-05-01,NO,YES,NO,SOURCE_GAP
ZI,0001794515-23-000055,8-K,2023-03-14,NO,YES,NO,SOURCE_GAP
ZI,0001794515-23-000080,10-Q,2023-05-01,NO,YES,NO,SOURCE_GAP
ZI,0001794515-25-000100,10-Q,2025-05-12,NO,YES,NO,SOURCE_GAP
ZI,0001794515-25-000182,8-K,2025-11-03,NO,YES,NO,SOURCE_GAP
ZI,0001794515-23-000041,8-K,2023-03-02,NO,YES,NO,SOURCE_GAP
ZI,0001794515-25-000184,10-Q,2025-11-03,NO,YES,NO,SOURCE_GAP
ZI,0001794515-24-000132,8-K,2024-08-05,NO,YES,NO,SOURCE_GAP
ZI,0001794515-24-000074,10-Q,2024-05-07,NO,YES,NO,SOURCE_GAP
ZI,0001794515-23-000158,8-K,2023-09-29,NO,YES,NO,SOURCE_GAP
ZI,0001794515-23-000109,8-K,2023-06-02,NO,YES,NO,SOURCE_GAP
ZI,0001794515-24-000011,8-K,2024-02-12,NO,YES,NO,SOURCE_GAP
ZI,0001794515-24-000137,10-Q,2024-08-06,NO,YES,NO,SOURCE_GAP
ZI,0001794515-26-000012,10-K,2026-02-12,NO,YES,NO,SOURCE_GAP
ZI,0001794515-24-000211,10-K/A,2024-12-20,NO,YES,NO,SOURCE_GAP
ZI,0001794515-25-000042,8-K,2025-02-25,NO,YES,NO,SOURCE_GAP
ZI,0001794515-23-000053,8-K,2023-03-13,NO,YES,NO,SOURCE_GAP
ZI,0001794515-24-000183,8-K,2024-11-12,NO,YES,NO,SOURCE_GAP
ZI,0001794515-23-000167,8-K,2023-10-30,NO,YES,NO,SOURCE_GAP
ZI,0001794515-23-000169,10-Q,2023-10-30,NO,YES,NO,SOURCE_GAP
ZI,0001794515-25-000007,8-K,2025-01-16,NO,YES,NO,SOURCE_GAP
ZI,0001794515-25-000188,8-K,2025-11-28,NO,YES,NO,SOURCE_GAP
ZI,0001794515-25-000097,8-K,2025-05-12,NO,YES,NO,SOURCE_GAP
ZI,0001794515-24-000072,8-K,2024-05-07,NO,YES,NO,SOURCE_GAP
ZI,0001794515-25-000114,8-K,2025-05-16,NO,YES,NO,SOURCE_GAP
ZI,0001794515-23-000006,8-K,2023-01-04,NO,YES,NO,SOURCE_GAP
ZI,0001794515-26-000004,8-K,2026-02-09,NO,YES,NO,SOURCE_GAP
ZI,0001794515-23-000183,8-K,2023-12-11,NO,YES,NO,SOURCE_GAP
ZI,0001794515-23-000138,10-Q,2023-07-31,NO,YES,NO,SOURCE_GAP
